1,1,1286.00,361.33,233.45,181.19,0.87,-1,-1,-1
1,2,562.20,79.86,97.83,88.50,0.61,-1,-1,-1
2,1,1285.81,360.77,233.40,181.56,0.87,-1,-1,-1
2,2,562.28,81.86,97.69,86.50,0.64,-1,-1,-1
2,3,926.96,77.70,86.54,67.43,0.51,-1,-1,-1
3,1,1285.84,360.72,233.49,181.71,0.87,-1,-1,-1
3,2,562.04,81.85,97.91,86.52,0.65,-1,-1,-1
3,3,926.88,77.71,86.55,67.40,0.51,-1,-1,-1
4,1,1285.86,360.64,233.51,181.87,0.87,-1,-1,-1
4,2,561.73,80.85,98.38,87.87,0.63,-1,-1,-1
5,1,1285.05,361.13,234.32,181.68,0.87,-1,-1,-1
5,2,561.82,80.42,98.60,88.30,0.63,-1,-1,-1
6,1,1285.02,360.85,234.41,182.00,0.87,-1,-1,-1
6,2,562.07,81.14,98.10,87.60,0.65,-1,-1,-1
7,1,1284.99,361.03,234.44,181.75,0.87,-1,-1,-1
7,2,562.02,81.79,98.16,86.86,0.66,-1,-1,-1
8,1,1285.12,360.70,234.15,182.21,0.87,-1,-1,-1
8,2,562.16,81.38,98.25,87.18,0.64,-1,-1,-1
9,1,1285.02,360.67,234.30,182.30,0.87,-1,-1,-1
9,2,562.01,81.87,98.44,86.88,0.65,-1,-1,-1
10,1,1285.74,360.96,233.63,182.23,0.87,-1,-1,-1
10,2,563.43,82.78,96.95,85.85,0.69,-1,-1,-1
11,1,1285.34,360.67,234.00,182.21,0.86,-1,-1,-1
11,2,563.17,82.65,97.17,86.01,0.68,-1,-1,-1
12,1,1285.49,361.14,233.71,181.78,0.86,-1,-1,-1
12,2,563.40,82.17,97.13,86.54,0.66,-1,-1,-1
13,1,1285.65,360.77,233.67,182.51,0.86,-1,-1,-1
13,2,563.12,82.32,97.44,86.62,0.67,-1,-1,-1
14,1,1284.84,360.88,234.57,182.28,0.86,-1,-1,-1
14,2,562.93,85.58,97.64,83.49,0.69,-1,-1,-1
15,1,1284.66,360.85,234.78,182.35,0.86,-1,-1,-1
15,2,562.84,85.80,97.66,83.17,0.69,-1,-1,-1
16,1,1284.76,360.74,234.68,182.40,0.86,-1,-1,-1
16,2,563.04,86.62,97.38,82.35,0.70,-1,-1,-1
17,1,1284.83,360.36,234.57,183.15,0.86,-1,-1,-1
17,2,563.33,84.67,97.01,84.27,0.71,-1,-1,-1
18,1,1285.31,359.68,234.02,183.59,0.87,-1,-1,-1
18,2,561.77,79.75,98.46,89.06,0.68,-1,-1,-1
19,1,1285.13,359.95,234.28,183.25,0.87,-1,-1,-1
19,2,561.73,79.47,98.54,89.41,0.67,-1,-1,-1
20,1,1285.11,359.75,234.41,182.59,0.87,-1,-1,-1
20,2,562.06,78.92,98.27,89.98,0.67,-1,-1,-1
21,1,1285.12,359.96,234.42,182.34,0.87,-1,-1,-1
21,2,562.14,78.84,98.09,90.06,0.65,-1,-1,-1
22,1,1284.81,359.87,234.58,182.43,0.87,-1,-1,-1
22,2,561.92,78.87,98.29,90.02,0.66,-1,-1,-1
23,1,1284.64,359.89,234.82,182.29,0.87,-1,-1,-1
23,2,562.12,78.88,98.17,89.99,0.64,-1,-1,-1
24,1,1284.60,360.15,234.82,182.16,0.87,-1,-1,-1
24,2,561.83,79.18,98.32,89.52,0.67,-1,-1,-1
25,1,1284.36,358.84,234.99,183.54,0.87,-1,-1,-1
25,2,562.30,78.85,97.72,89.67,0.65,-1,-1,-1
26,1,1284.36,358.83,234.94,183.62,0.87,-1,-1,-1
26,2,562.29,78.91,97.74,89.64,0.66,-1,-1,-1
27,1,1284.41,358.81,234.91,183.61,0.87,-1,-1,-1
27,2,562.39,78.90,97.72,89.72,0.66,-1,-1,-1
28,1,1284.42,358.71,234.90,183.69,0.87,-1,-1,-1
28,2,562.32,78.75,97.82,89.83,0.65,-1,-1,-1
29,1,1284.46,358.89,234.83,183.41,0.87,-1,-1,-1
29,2,562.32,78.70,97.81,89.92,0.65,-1,-1,-1
30,1,1285.10,359.10,234.20,183.20,0.87,-1,-1,-1
30,2,562.17,78.43,98.00,90.25,0.66,-1,-1,-1
31,1,1285.77,359.04,233.52,183.55,0.87,-1,-1,-1
31,2,563.32,79.00,96.90,89.84,0.64,-1,-1,-1
32,1,1285.95,359.37,233.29,183.55,0.87,-1,-1,-1
32,2,563.16,82.38,97.20,86.65,0.68,-1,-1,-1
33,1,1285.89,359.58,233.41,183.39,0.87,-1,-1,-1
33,2,563.50,83.28,96.79,85.88,0.66,-1,-1,-1
34,1,1285.92,359.52,233.47,183.76,0.87,-1,-1,-1
34,2,563.31,84.98,96.90,84.14,0.65,-1,-1,-1
35,1,1285.87,359.41,233.52,183.88,0.87,-1,-1,-1
35,2,563.37,83.89,97.21,85.30,0.64,-1,-1,-1
36,1,1285.95,359.40,233.40,184.00,0.87,-1,-1,-1
36,2,563.42,83.45,97.15,85.67,0.64,-1,-1,-1
36,3,930.44,77.93,82.03,68.21,0.52,-1,-1,-1
37,1,1285.42,360.51,233.97,182.73,0.87,-1,-1,-1
37,2,563.11,84.86,97.44,84.31,0.63,-1,-1,-1
38,1,1285.19,360.84,234.22,182.87,0.86,-1,-1,-1
38,2,563.16,86.11,97.47,83.38,0.64,-1,-1,-1
39,1,1285.21,361.10,234.26,182.79,0.85,-1,-1,-1
39,2,563.06,85.43,97.59,83.94,0.66,-1,-1,-1
40,1,1285.19,361.01,234.25,182.97,0.86,-1,-1,-1
40,2,563.11,86.42,97.39,82.88,0.65,-1,-1,-1
41,1,1285.32,360.51,233.93,183.10,0.86,-1,-1,-1
41,2,563.40,83.43,97.08,85.94,0.63,-1,-1,-1
42,1,1285.17,359.95,234.03,183.25,0.86,-1,-1,-1
42,2,562.51,83.75,97.88,85.57,0.65,-1,-1,-1
43,1,1285.02,359.65,234.18,183.54,0.86,-1,-1,-1
43,2,562.88,82.74,97.51,86.50,0.66,-1,-1,-1
44,1,1284.92,359.54,234.22,183.35,0.86,-1,-1,-1
44,2,562.85,83.57,97.37,85.52,0.67,-1,-1,-1
45,1,1285.40,359.25,233.98,183.40,0.87,-1,-1,-1
45,2,562.53,79.94,97.69,89.06,0.66,-1,-1,-1
46,1,1285.25,359.11,233.94,183.11,0.87,-1,-1,-1
46,2,562.37,79.71,97.62,89.05,0.66,-1,-1,-1
47,1,1285.11,358.88,234.02,183.25,0.87,-1,-1,-1
47,2,562.07,78.77,98.18,89.79,0.63,-1,-1,-1
48,1,1285.06,359.05,234.04,183.26,0.87,-1,-1,-1
48,2,561.71,78.27,98.60,90.37,0.63,-1,-1,-1
49,1,1285.58,358.87,233.60,183.61,0.87,-1,-1,-1
49,2,561.66,78.55,98.52,90.09,0.65,-1,-1,-1
50,1,1285.59,358.82,233.65,183.82,0.87,-1,-1,-1
50,2,562.20,80.14,98.10,88.67,0.65,-1,-1,-1
51,1,1285.61,358.78,233.61,183.88,0.87,-1,-1,-1
51,2,562.23,80.00,98.06,88.73,0.65,-1,-1,-1
52,1,1285.59,358.80,233.61,183.78,0.87,-1,-1,-1
52,2,562.06,79.04,98.29,89.69,0.65,-1,-1,-1
53,1,1285.36,358.99,233.69,183.58,0.87,-1,-1,-1
53,2,562.01,79.28,98.54,89.74,0.66,-1,-1,-1
54,1,1285.53,358.58,233.63,183.84,0.87,-1,-1,-1
54,2,562.02,80.34,98.48,88.95,0.66,-1,-1,-1
55,1,1285.62,359.71,233.50,182.81,0.87,-1,-1,-1
55,2,562.12,78.99,98.60,90.22,0.62,-1,-1,-1
56,1,1285.49,359.56,233.62,182.88,0.87,-1,-1,-1
56,2,562.10,79.05,98.49,90.15,0.63,-1,-1,-1
57,1,1285.27,359.94,234.02,182.72,0.87,-1,-1,-1
57,2,563.25,82.89,97.30,86.31,0.64,-1,-1,-1
57,3,928.62,78.34,83.89,67.82,0.53,-1,-1,-1
58,1,1285.05,359.93,234.36,182.21,0.87,-1,-1,-1
58,2,563.20,86.15,97.48,83.32,0.60,-1,-1,-1
58,3,928.29,78.66,84.39,67.65,0.56,-1,-1,-1
59,1,1284.93,360.16,234.47,182.25,0.87,-1,-1,-1
59,2,563.25,86.13,97.17,83.37,0.57,-1,-1,-1
59,3,928.47,78.68,84.30,67.59,0.53,-1,-1,-1
60,1,1285.48,358.66,233.64,185.18,0.85,-1,-1,-1
60,2,563.96,83.60,96.80,85.89,0.63,-1,-1,-1
60,3,929.95,78.03,82.95,68.70,0.56,-1,-1,-1
61,1,1285.58,359.75,233.82,184.05,0.86,-1,-1,-1
61,2,563.65,82.64,97.33,86.97,0.60,-1,-1,-1
61,3,930.38,77.78,82.67,68.63,0.57,-1,-1,-1
62,1,1286.02,358.91,233.36,185.00,0.86,-1,-1,-1
62,2,562.98,82.24,98.10,87.39,0.64,-1,-1,-1
62,3,929.98,78.80,83.28,67.25,0.53,-1,-1,-1
63,1,1285.51,358.76,233.89,185.21,0.86,-1,-1,-1
63,2,563.22,79.29,97.59,90.28,0.58,-1,-1,-1
64,1,1285.01,358.96,234.14,184.70,0.85,-1,-1,-1
64,2,562.54,80.43,98.17,89.22,0.61,-1,-1,-1
65,1,1284.90,358.37,234.45,185.44,0.84,-1,-1,-1
65,2,562.01,80.99,98.86,88.72,0.61,-1,-1,-1
66,1,1285.12,358.39,234.24,184.96,0.85,-1,-1,-1
66,2,561.84,80.17,98.89,89.25,0.58,-1,-1,-1
67,1,1285.36,358.78,233.99,184.89,0.86,-1,-1,-1
67,2,562.44,78.06,98.31,91.10,0.60,-1,-1,-1
68,1,1285.02,359.45,234.35,183.97,0.86,-1,-1,-1
68,2,562.18,77.97,98.43,91.01,0.65,-1,-1,-1
69,1,1284.68,359.83,234.89,183.64,0.86,-1,-1,-1
69,2,561.74,77.44,98.70,91.40,0.64,-1,-1,-1
70,1,1284.80,359.74,234.76,183.74,0.86,-1,-1,-1
70,2,561.55,77.47,99.03,91.60,0.64,-1,-1,-1
71,1,1284.53,359.59,234.94,184.11,0.87,-1,-1,-1
71,2,561.93,77.42,98.61,91.45,0.64,-1,-1,-1
72,1,1285.16,359.44,234.38,184.04,0.86,-1,-1,-1
72,2,561.85,77.52,98.82,91.18,0.71,-1,-1,-1
72,4,1178.46,104.77,51.18,57.83,0.51,-1,-1,-1
73,1,1285.34,359.68,233.88,183.23,0.86,-1,-1,-1
73,2,562.34,78.81,97.82,89.87,0.71,-1,-1,-1
73,4,1178.78,104.50,51.09,57.19,0.53,-1,-1,-1
74,1,1284.93,359.65,234.41,182.81,0.86,-1,-1,-1
74,2,562.34,78.73,97.94,90.27,0.66,-1,-1,-1
75,1,1285.07,360.00,234.22,182.48,0.86,-1,-1,-1
75,2,562.68,78.58,97.90,90.27,0.68,-1,-1,-1
76,1,1285.05,359.91,234.32,182.51,0.85,-1,-1,-1
76,2,562.79,78.34,97.72,90.56,0.66,-1,-1,-1
77,1,1285.00,360.39,234.35,182.10,0.85,-1,-1,-1
77,2,562.57,78.09,97.96,91.00,0.67,-1,-1,-1
78,1,1285.07,360.39,234.30,182.14,0.86,-1,-1,-1
78,2,562.94,78.42,97.54,90.59,0.67,-1,-1,-1
79,1,1285.20,359.98,234.25,182.50,0.86,-1,-1,-1
79,2,562.70,78.94,97.67,90.12,0.66,-1,-1,-1
80,1,1285.39,359.95,233.85,183.01,0.86,-1,-1,-1
80,2,562.79,79.53,97.72,89.71,0.66,-1,-1,-1
81,1,1285.28,360.36,233.94,182.51,0.86,-1,-1,-1
81,2,563.05,79.05,97.51,90.27,0.62,-1,-1,-1
82,1,1285.20,360.36,234.08,182.47,0.86,-1,-1,-1
82,2,562.98,79.27,97.60,90.10,0.63,-1,-1,-1
83,1,1285.24,360.13,234.15,182.64,0.86,-1,-1,-1
83,2,563.05,79.20,97.51,90.02,0.63,-1,-1,-1
84,1,1285.37,360.29,233.90,182.44,0.86,-1,-1,-1
84,2,562.99,80.33,97.57,88.97,0.63,-1,-1,-1
85,1,1285.65,359.83,233.65,183.49,0.86,-1,-1,-1
85,2,562.69,81.05,97.86,88.35,0.62,-1,-1,-1
86,1,1285.64,359.80,233.64,183.56,0.86,-1,-1,-1
86,2,562.81,79.66,97.85,89.86,0.63,-1,-1,-1
87,1,1285.60,359.68,233.71,183.67,0.86,-1,-1,-1
87,2,562.78,79.21,97.90,90.27,0.63,-1,-1,-1
88,1,1285.62,359.40,233.73,183.46,0.85,-1,-1,-1
88,2,562.43,78.98,98.18,90.53,0.61,-1,-1,-1
89,1,1284.96,360.65,234.44,181.98,0.86,-1,-1,-1
89,2,562.55,78.75,98.30,90.49,0.55,-1,-1,-1
90,1,1284.93,360.16,234.44,182.58,0.86,-1,-1,-1
90,2,562.51,82.92,97.76,86.26,0.52,-1,-1,-1
91,1,1284.90,360.34,234.40,182.30,0.86,-1,-1,-1
91,2,563.15,80.30,97.39,88.72,0.52,-1,-1,-1
92,1,1284.88,360.43,234.44,182.21,0.86,-1,-1,-1
92,2,563.23,77.69,97.13,91.45,0.58,-1,-1,-1
93,1,1284.81,360.39,234.57,182.10,0.86,-1,-1,-1
93,2,563.13,78.24,97.11,90.96,0.59,-1,-1,-1
93,4,1178.26,104.04,51.42,56.25,0.51,-1,-1,-1
94,1,1284.70,360.16,234.69,182.50,0.86,-1,-1,-1
94,2,562.98,77.43,97.22,91.69,0.71,-1,-1,-1
95,1,1284.99,360.14,234.38,182.51,0.86,-1,-1,-1
95,2,562.81,78.96,97.48,89.93,0.72,-1,-1,-1
95,4,1178.13,103.89,51.47,56.09,0.53,-1,-1,-1
96,1,1284.79,359.90,234.59,182.67,0.86,-1,-1,-1
96,2,562.99,77.99,97.38,90.79,0.72,-1,-1,-1
96,4,1178.28,104.08,51.06,55.87,0.52,-1,-1,-1
97,1,1284.89,360.19,234.69,182.21,0.87,-1,-1,-1
97,2,562.76,78.25,97.74,90.64,0.76,-1,-1,-1
97,4,1177.94,104.08,51.37,56.98,0.52,-1,-1,-1
98,1,1284.88,360.12,234.70,182.29,0.87,-1,-1,-1
98,2,562.87,78.75,97.63,90.02,0.75,-1,-1,-1
98,3,929.76,76.76,83.14,68.19,0.51,-1,-1,-1
98,4,1177.91,104.17,51.42,56.44,0.51,-1,-1,-1
99,1,1284.94,360.22,234.59,182.30,0.87,-1,-1,-1
99,2,562.51,77.78,98.04,91.05,0.76,-1,-1,-1
99,3,927.71,76.54,85.65,68.66,0.59,-1,-1,-1
99,4,1177.89,104.10,51.47,56.90,0.52,-1,-1,-1
100,1,1284.67,359.77,234.47,182.93,0.87,-1,-1,-1
100,2,562.63,82.36,97.93,86.22,0.63,-1,-1,-1
100,3,930.09,77.82,82.76,68.21,0.64,-1,-1,-1
100,4,1177.74,104.66,52.24,59.57,0.51,-1,-1,-1
101,1,1284.61,359.75,234.49,182.81,0.87,-1,-1,-1
101,2,562.78,82.23,97.66,86.16,0.65,-1,-1,-1
101,3,925.80,76.64,87.54,68.37,0.59,-1,-1,-1
101,4,1177.78,104.59,52.45,59.87,0.51,-1,-1,-1
101,5,778.79,51.93,85.85,35.84,0.51,-1,-1,-1
102,1,1285.18,360.35,234.01,182.72,0.87,-1,-1,-1
102,2,563.04,87.44,97.59,81.37,0.76,-1,-1,-1
102,3,927.50,79.26,85.59,65.95,0.61,-1,-1,-1
103,1,1284.87,360.36,234.32,182.95,0.87,-1,-1,-1
103,2,563.36,91.24,97.30,77.77,0.74,-1,-1,-1
103,3,927.50,78.71,86.14,66.55,0.66,-1,-1,-1
104,1,1284.90,360.88,234.26,182.12,0.87,-1,-1,-1
104,2,563.43,88.25,97.37,80.72,0.74,-1,-1,-1
104,3,927.51,78.51,85.74,66.54,0.63,-1,-1,-1
105,1,1285.00,360.87,234.15,182.21,0.87,-1,-1,-1
105,2,563.51,91.94,97.01,76.77,0.71,-1,-1,-1
105,3,925.55,78.51,87.66,66.48,0.60,-1,-1,-1
105,5,785.71,47.72,89.21,39.67,0.58,-1,-1,-1
106,1,1285.19,360.79,233.95,182.23,0.87,-1,-1,-1
106,2,563.41,88.39,97.18,80.41,0.75,-1,-1,-1
106,3,927.47,78.90,85.27,67.44,0.51,-1,-1,-1
107,1,1285.17,360.80,233.96,182.26,0.87,-1,-1,-1
107,2,563.56,92.82,96.81,75.79,0.74,-1,-1,-1
107,3,928.86,79.24,84.34,67.10,0.64,-1,-1,-1
107,5,764.18,48.46,82.95,38.81,0.55,-1,-1,-1
108,1,1284.98,360.62,234.19,182.38,0.87,-1,-1,-1
108,2,563.72,91.72,96.36,76.88,0.77,-1,-1,-1
108,3,930.83,79.19,83.68,67.22,0.54,-1,-1,-1
108,5,767.62,48.12,58.76,38.36,0.56,-1,-1,-1
109,1,1284.63,361.02,234.75,182.10,0.86,-1,-1,-1
109,2,564.01,90.38,96.14,78.28,0.74,-1,-1,-1
109,3,928.84,80.33,84.20,65.92,0.50,-1,-1,-1
110,1,1284.64,360.96,234.78,182.14,0.86,-1,-1,-1
110,2,563.69,91.26,96.48,77.43,0.73,-1,-1,-1
110,3,929.00,79.59,84.20,66.67,0.58,-1,-1,-1
111,1,1284.64,360.97,234.78,182.05,0.86,-1,-1,-1
111,2,563.67,89.79,96.32,78.89,0.74,-1,-1,-1
111,3,928.08,78.71,84.35,66.48,0.61,-1,-1,-1
111,5,761.96,55.38,72.00,32.09,0.56,-1,-1,-1
112,1,1284.62,360.97,234.77,182.07,0.86,-1,-1,-1
112,2,563.71,88.82,96.25,79.92,0.73,-1,-1,-1
112,3,928.87,78.85,84.48,66.31,0.55,-1,-1,-1
112,5,758.76,58.45,41.42,28.54,0.54,-1,-1,-1
113,1,1284.64,361.00,234.71,182.07,0.86,-1,-1,-1
113,2,563.78,87.45,96.19,81.29,0.74,-1,-1,-1
113,3,928.97,78.63,84.22,66.57,0.58,-1,-1,-1
114,1,1284.66,360.87,234.59,182.22,0.86,-1,-1,-1
114,2,563.51,82.39,96.55,86.48,0.67,-1,-1,-1
114,3,928.09,78.77,85.24,66.46,0.51,-1,-1,-1
115,1,1284.85,361.06,234.48,181.77,0.86,-1,-1,-1
115,2,563.42,81.18,96.78,87.63,0.62,-1,-1,-1
115,3,927.22,79.36,85.71,66.27,0.59,-1,-1,-1
116,1,1284.96,360.45,234.49,182.60,0.86,-1,-1,-1
116,2,563.82,83.51,96.52,85.02,0.63,-1,-1,-1
116,3,923.83,79.12,89.31,66.30,0.60,-1,-1,-1
117,1,1285.01,360.60,234.49,182.32,0.86,-1,-1,-1
117,2,563.74,81.24,96.82,87.33,0.58,-1,-1,-1
118,1,1284.78,360.29,234.69,182.67,0.85,-1,-1,-1
118,2,563.13,82.03,97.12,86.52,0.61,-1,-1,-1
119,1,1284.81,360.26,234.61,182.68,0.86,-1,-1,-1
119,2,563.07,78.90,97.36,90.00,0.54,-1,-1,-1
120,1,1284.98,360.24,234.49,182.59,0.86,-1,-1,-1
120,2,563.01,77.08,97.27,91.97,0.54,-1,-1,-1
121,1,1284.59,360.32,234.82,182.49,0.86,-1,-1,-1
121,2,563.27,80.18,96.84,88.85,0.50,-1,-1,-1
122,1,1284.57,360.26,234.88,182.60,0.86,-1,-1,-1
122,2,563.33,80.32,96.74,88.68,0.52,-1,-1,-1
123,1,1284.64,360.29,234.74,182.54,0.86,-1,-1,-1
123,2,563.28,80.78,96.83,88.30,0.51,-1,-1,-1
124,1,1284.56,359.98,234.84,182.76,0.86,-1,-1,-1
124,2,562.80,82.30,97.43,86.77,0.54,-1,-1,-1
124,3,928.92,78.30,83.53,67.88,0.53,-1,-1,-1
125,1,1284.65,360.45,234.82,182.54,0.86,-1,-1,-1
125,2,562.62,85.27,97.61,83.85,0.64,-1,-1,-1
125,3,929.28,78.58,83.31,67.56,0.55,-1,-1,-1
126,1,1285.69,360.95,233.59,181.89,0.86,-1,-1,-1
126,2,563.07,90.35,97.29,78.87,0.68,-1,-1,-1
126,3,928.90,78.63,83.81,67.35,0.58,-1,-1,-1
127,1,1285.63,361.02,233.50,181.97,0.86,-1,-1,-1
127,2,563.34,87.22,97.33,82.01,0.64,-1,-1,-1
127,3,928.98,78.71,83.78,67.18,0.59,-1,-1,-1
128,1,1285.60,361.08,233.56,182.05,0.86,-1,-1,-1
128,2,563.73,86.39,96.81,82.73,0.54,-1,-1,-1
128,3,929.00,78.84,83.69,67.07,0.55,-1,-1,-1
129,1,1285.47,360.88,233.71,182.25,0.86,-1,-1,-1
129,2,563.26,86.69,97.19,82.40,0.70,-1,-1,-1
129,3,929.05,78.89,83.78,67.12,0.57,-1,-1,-1
130,1,1285.31,360.60,234.01,182.98,0.86,-1,-1,-1
130,2,563.79,89.92,96.53,79.27,0.71,-1,-1,-1
130,3,928.66,79.07,84.26,66.83,0.62,-1,-1,-1
131,1,1285.35,360.87,233.86,182.65,0.86,-1,-1,-1
131,2,563.75,86.01,96.75,83.23,0.65,-1,-1,-1
131,3,928.81,79.08,84.12,66.81,0.60,-1,-1,-1
132,1,1285.28,360.92,233.93,182.73,0.86,-1,-1,-1
132,2,563.66,82.31,96.75,86.96,0.66,-1,-1,-1
132,3,928.89,79.13,84.31,66.90,0.62,-1,-1,-1
132,6,732.07,54.41,57.51,32.68,0.53,-1,-1,-1
133,1,1285.29,360.41,234.04,182.27,0.86,-1,-1,-1
133,2,563.20,83.51,97.14,85.38,0.66,-1,-1,-1
133,3,929.16,78.64,84.25,67.51,0.60,-1,-1,-1
133,6,757.50,55.77,52.75,31.05,0.52,-1,-1,-1
134,1,1285.24,360.31,234.12,182.70,0.86,-1,-1,-1
134,2,563.16,81.68,97.08,87.37,0.64,-1,-1,-1
134,3,929.27,78.50,84.02,67.64,0.60,-1,-1,-1
135,1,1285.22,360.30,234.11,182.74,0.86,-1,-1,-1
135,2,563.25,81.87,96.95,87.23,0.60,-1,-1,-1
135,3,929.42,78.61,83.83,67.47,0.57,-1,-1,-1
136,1,1284.60,359.98,234.72,183.14,0.86,-1,-1,-1
136,2,563.45,83.34,96.81,85.73,0.62,-1,-1,-1
136,3,929.22,78.63,84.02,67.38,0.52,-1,-1,-1
137,1,1284.57,360.04,234.76,183.11,0.86,-1,-1,-1
137,2,563.32,82.30,96.88,86.77,0.59,-1,-1,-1
137,3,928.46,78.92,84.77,66.93,0.56,-1,-1,-1
138,1,1284.57,360.26,234.72,182.91,0.86,-1,-1,-1
138,2,562.96,81.47,97.28,87.56,0.56,-1,-1,-1
138,3,928.07,79.31,84.59,66.14,0.63,-1,-1,-1
139,1,1284.64,360.24,234.59,182.90,0.86,-1,-1,-1
139,2,563.00,81.55,97.20,87.35,0.55,-1,-1,-1
139,3,926.11,79.24,86.74,65.99,0.52,-1,-1,-1
140,1,1285.00,360.52,234.08,182.00,0.86,-1,-1,-1
140,2,562.33,78.83,98.16,89.93,0.54,-1,-1,-1
141,1,1285.06,360.49,234.16,181.97,0.86,-1,-1,-1
141,2,562.12,78.88,98.27,89.77,0.59,-1,-1,-1
142,1,1284.68,359.89,234.72,182.41,0.86,-1,-1,-1
142,2,561.70,78.25,98.29,89.94,0.59,-1,-1,-1
142,4,1177.57,104.70,52.12,56.59,0.53,-1,-1,-1
143,1,1284.74,359.63,234.58,182.62,0.86,-1,-1,-1
143,2,561.47,78.61,97.65,89.48,0.61,-1,-1,-1
144,1,1285.10,359.39,234.39,182.87,0.86,-1,-1,-1
144,2,561.31,77.83,98.02,90.35,0.59,-1,-1,-1
145,1,1285.12,359.76,234.33,182.60,0.86,-1,-1,-1
145,2,561.09,77.81,98.58,90.34,0.63,-1,-1,-1
146,1,1285.04,359.53,234.34,182.95,0.86,-1,-1,-1
146,2,561.54,78.06,98.29,90.30,0.59,-1,-1,-1
147,1,1284.97,359.79,234.41,182.70,0.86,-1,-1,-1
147,2,561.44,78.72,98.63,89.84,0.56,-1,-1,-1
148,1,1284.92,360.81,234.42,181.87,0.86,-1,-1,-1
148,2,562.31,79.52,98.11,88.85,0.60,-1,-1,-1
149,1,1284.91,360.52,234.75,182.71,0.86,-1,-1,-1
149,2,562.27,79.51,98.09,89.11,0.61,-1,-1,-1
150,1,1284.97,360.43,234.75,182.78,0.86,-1,-1,-1
150,2,561.98,79.10,98.32,89.59,0.58,-1,-1,-1
151,1,1285.59,359.91,234.04,183.10,0.86,-1,-1,-1
151,2,562.06,78.66,98.35,89.78,0.62,-1,-1,-1
152,1,1285.51,359.88,234.04,183.17,0.86,-1,-1,-1
152,2,562.13,78.38,98.35,90.05,0.61,-1,-1,-1
153,1,1285.26,359.44,234.26,183.71,0.86,-1,-1,-1
153,2,562.71,79.34,97.67,89.26,0.62,-1,-1,-1
154,1,1285.33,359.60,234.06,183.42,0.86,-1,-1,-1
154,2,562.84,79.72,97.56,88.91,0.61,-1,-1,-1
155,1,1285.25,359.60,234.11,183.29,0.86,-1,-1,-1
155,2,562.80,79.86,97.69,88.76,0.63,-1,-1,-1
156,1,1285.25,359.63,234.07,183.35,0.86,-1,-1,-1
156,2,563.03,79.58,97.40,88.94,0.62,-1,-1,-1
157,1,1285.62,360.14,233.35,182.52,0.86,-1,-1,-1
157,2,562.66,79.27,97.84,89.40,0.55,-1,-1,-1
158,1,1285.57,360.23,233.39,182.41,0.86,-1,-1,-1
158,2,562.56,79.04,97.87,89.75,0.55,-1,-1,-1
159,1,1285.40,360.05,233.57,182.72,0.86,-1,-1,-1
159,2,562.07,78.66,98.32,89.97,0.52,-1,-1,-1
160,1,1284.97,360.13,233.96,182.64,0.85,-1,-1,-1
160,2,562.32,78.22,97.98,90.48,0.52,-1,-1,-1
161,1,1284.96,359.52,234.22,183.26,0.85,-1,-1,-1
161,2,562.38,78.02,97.74,90.60,0.56,-1,-1,-1
162,1,1284.99,359.39,234.27,183.33,0.85,-1,-1,-1
162,2,562.38,78.19,97.81,90.45,0.55,-1,-1,-1
163,1,1284.89,359.44,234.33,183.32,0.85,-1,-1,-1
163,2,562.17,78.12,98.08,90.51,0.57,-1,-1,-1
164,1,1284.85,359.66,234.40,183.10,0.85,-1,-1,-1
164,2,562.11,77.68,98.19,90.92,0.58,-1,-1,-1
165,1,1284.62,359.61,234.56,183.07,0.85,-1,-1,-1
165,2,562.03,78.01,98.35,90.61,0.55,-1,-1,-1
166,1,1284.64,359.44,234.64,182.90,0.85,-1,-1,-1
166,2,562.09,78.52,98.02,89.70,0.61,-1,-1,-1
167,1,1284.83,359.55,234.56,182.91,0.85,-1,-1,-1
167,2,562.01,78.33,98.12,89.91,0.62,-1,-1,-1
168,1,1284.86,359.39,234.50,183.07,0.85,-1,-1,-1
168,2,562.06,78.22,98.09,89.97,0.61,-1,-1,-1
169,1,1285.45,360.50,233.82,181.85,0.85,-1,-1,-1
169,2,562.15,78.31,98.06,90.10,0.60,-1,-1,-1
170,1,1285.46,360.46,233.83,181.95,0.85,-1,-1,-1
170,2,562.13,78.39,98.07,89.99,0.62,-1,-1,-1
171,1,1285.52,360.34,233.65,182.03,0.85,-1,-1,-1
171,2,562.05,78.80,98.25,89.82,0.61,-1,-1,-1
172,1,1285.91,359.95,233.39,182.47,0.86,-1,-1,-1
172,2,561.89,78.75,98.56,90.18,0.59,-1,-1,-1
173,1,1285.93,360.49,233.28,181.92,0.85,-1,-1,-1
173,2,562.26,77.76,98.24,91.19,0.59,-1,-1,-1
174,1,1285.54,360.16,234.08,182.50,0.85,-1,-1,-1
174,2,562.38,81.77,98.07,87.56,0.56,-1,-1,-1
175,1,1285.50,360.28,234.06,182.35,0.85,-1,-1,-1
175,2,562.42,81.77,98.01,87.55,0.54,-1,-1,-1
176,1,1285.55,359.86,234.08,182.89,0.85,-1,-1,-1
176,2,561.99,79.87,98.54,89.58,0.51,-1,-1,-1
177,1,1285.58,359.86,234.04,182.68,0.85,-1,-1,-1
178,1,1285.40,360.02,234.25,182.44,0.85,-1,-1,-1
179,1,1285.51,359.99,234.17,182.67,0.85,-1,-1,-1
180,1,1285.50,359.94,234.16,182.72,0.85,-1,-1,-1
181,1,1286.16,361.12,233.50,182.19,0.85,-1,-1,-1
182,1,1286.13,361.10,233.49,182.20,0.85,-1,-1,-1
183,1,1285.95,360.95,233.60,181.85,0.86,-1,-1,-1
184,1,1285.88,360.63,233.74,182.18,0.86,-1,-1,-1
185,1,1285.90,360.83,233.78,181.99,0.85,-1,-1,-1
186,1,1286.07,360.75,233.65,182.07,0.85,-1,-1,-1
187,1,1285.97,360.97,233.66,181.78,0.85,-1,-1,-1
188,1,1285.18,359.94,234.44,182.61,0.85,-1,-1,-1
188,4,1178.30,104.87,52.15,57.86,0.50,-1,-1,-1
189,1,1285.23,359.31,234.42,183.00,0.86,-1,-1,-1
189,4,1178.34,104.81,51.85,57.88,0.50,-1,-1,-1
190,1,1285.25,359.39,234.39,182.83,0.85,-1,-1,-1
191,1,1285.13,359.86,234.72,183.13,0.86,-1,-1,-1
192,1,1285.27,359.97,234.44,182.98,0.85,-1,-1,-1
193,1,1285.80,359.99,233.99,183.19,0.85,-1,-1,-1
193,4,1178.18,105.32,52.31,59.56,0.52,-1,-1,-1
194,1,1285.80,360.03,233.99,183.15,0.86,-1,-1,-1
194,4,1178.22,105.21,52.21,59.60,0.51,-1,-1,-1
195,1,1285.76,360.07,234.01,183.16,0.86,-1,-1,-1
195,4,1178.23,105.26,52.18,59.51,0.51,-1,-1,-1
196,1,1285.79,360.03,234.02,183.18,0.86,-1,-1,-1
196,4,1178.21,105.28,52.22,59.33,0.50,-1,-1,-1
197,1,1285.61,359.87,234.14,183.32,0.86,-1,-1,-1
197,2,562.64,79.35,97.82,90.06,0.52,-1,-1,-1
197,4,1178.15,105.41,52.44,59.54,0.50,-1,-1,-1
198,1,1286.05,359.66,233.55,183.68,0.85,-1,-1,-1
198,2,562.39,80.33,98.00,88.98,0.53,-1,-1,-1
199,1,1286.21,359.89,233.33,183.28,0.86,-1,-1,-1
199,2,562.39,79.56,97.99,89.85,0.52,-1,-1,-1
200,1,1286.24,359.57,233.36,183.55,0.86,-1,-1,-1
200,2,562.56,79.70,97.82,89.73,0.53,-1,-1,-1
201,1,1286.25,359.97,233.32,183.18,0.86,-1,-1,-1
201,2,562.39,79.25,97.89,90.29,0.50,-1,-1,-1
202,1,1286.15,359.95,233.44,183.21,0.86,-1,-1,-1
202,2,562.41,79.32,97.97,90.20,0.51,-1,-1,-1
203,1,1286.14,359.86,233.45,183.32,0.86,-1,-1,-1
203,2,562.17,79.38,98.21,90.20,0.51,-1,-1,-1
204,1,1285.57,360.54,233.53,183.01,0.84,-1,-1,-1
204,2,561.57,81.76,98.99,88.16,0.51,-1,-1,-1
205,1,1285.60,360.17,233.33,183.34,0.84,-1,-1,-1
205,2,561.98,86.54,98.33,83.39,0.51,-1,-1,-1
206,1,1285.63,360.26,233.32,183.20,0.84,-1,-1,-1
206,2,561.79,87.66,98.49,82.31,0.53,-1,-1,-1
207,1,1285.72,360.26,233.24,183.11,0.84,-1,-1,-1
207,2,561.67,87.63,98.59,82.33,0.52,-1,-1,-1
208,1,1285.77,360.24,233.17,183.04,0.84,-1,-1,-1
208,2,561.78,89.16,98.39,80.74,0.51,-1,-1,-1
209,1,1285.71,359.96,233.28,183.61,0.83,-1,-1,-1
209,2,561.95,89.39,98.50,80.44,0.56,-1,-1,-1
210,1,1285.59,359.97,233.42,183.21,0.83,-1,-1,-1
210,2,561.99,89.23,98.46,80.63,0.53,-1,-1,-1
211,1,1285.57,360.20,233.39,182.93,0.84,-1,-1,-1
212,1,1285.58,360.15,233.38,183.03,0.83,-1,-1,-1
212,2,562.43,84.19,98.04,85.60,0.50,-1,-1,-1
212,7,1101.07,997.39,405.89,81.08,0.70,-1,-1,-1
213,1,1285.69,360.35,233.36,182.84,0.84,-1,-1,-1
213,2,562.36,83.48,98.12,86.33,0.52,-1,-1,-1
213,7,1103.30,957.47,378.14,121.81,0.68,-1,-1,-1
214,1,1285.91,360.36,233.07,182.81,0.84,-1,-1,-1
214,2,562.54,84.20,98.00,85.54,0.53,-1,-1,-1
214,7,1112.92,916.26,390.72,161.69,0.82,-1,-1,-1
215,1,1286.39,360.97,233.00,182.33,0.85,-1,-1,-1
215,7,1116.67,877.63,381.47,198.69,0.87,-1,-1,-1
216,1,1286.32,360.79,233.11,182.23,0.85,-1,-1,-1
216,7,1122.10,842.77,367.08,234.00,0.93,-1,-1,-1
217,1,1285.90,360.63,233.45,182.48,0.85,-1,-1,-1
217,7,1124.31,809.05,358.15,267.10,0.92,-1,-1,-1
218,1,1285.97,361.13,233.48,182.14,0.85,-1,-1,-1
218,7,1125.41,779.51,347.67,286.54,0.90,-1,-1,-1
219,1,1286.13,360.92,233.20,182.25,0.85,-1,-1,-1
219,2,561.79,83.98,98.08,85.49,0.52,-1,-1,-1
219,7,1124.83,749.53,339.94,279.80,0.90,-1,-1,-1
220,1,1286.27,361.15,233.07,181.99,0.85,-1,-1,-1
220,7,1121.52,718.65,332.40,274.13,0.92,-1,-1,-1
221,1,1285.97,361.35,233.24,181.65,0.84,-1,-1,-1
221,2,561.70,82.07,98.22,87.10,0.52,-1,-1,-1
221,7,1123.39,690.98,320.01,265.53,0.91,-1,-1,-1
222,1,1285.79,361.14,233.47,181.68,0.84,-1,-1,-1
222,2,561.47,81.67,98.49,87.55,0.52,-1,-1,-1
222,7,1115.18,664.16,318.59,257.92,0.91,-1,-1,-1
223,1,1285.48,360.71,233.77,182.27,0.84,-1,-1,-1
223,2,562.26,83.42,97.66,85.70,0.54,-1,-1,-1
223,7,1110.88,640.32,309.02,250.25,0.89,-1,-1,-1
224,1,1285.69,360.97,233.61,181.84,0.85,-1,-1,-1
224,2,561.79,82.60,98.28,86.89,0.54,-1,-1,-1
224,7,1103.04,616.86,302.87,244.63,0.92,-1,-1,-1
225,1,1285.45,361.27,233.68,182.52,0.84,-1,-1,-1
225,7,1091.87,596.15,299.13,237.58,0.90,-1,-1,-1
226,1,1285.37,360.95,233.73,182.69,0.84,-1,-1,-1
226,7,1081.97,575.17,294.47,230.11,0.91,-1,-1,-1
227,1,1285.43,360.99,233.64,182.60,0.83,-1,-1,-1
227,7,1070.50,558.41,288.59,222.26,0.89,-1,-1,-1
228,1,1285.35,360.42,233.81,183.10,0.82,-1,-1,-1
228,7,1060.71,540.58,282.63,217.03,0.88,-1,-1,-1
229,1,1285.72,361.35,233.25,181.79,0.82,-1,-1,-1
229,7,1049.62,521.28,277.66,214.11,0.85,-1,-1,-1
230,1,1285.67,361.24,233.23,182.31,0.80,-1,-1,-1
230,7,1040.53,504.76,270.04,208.07,0.90,-1,-1,-1
231,1,1285.77,360.93,233.23,182.78,0.77,-1,-1,-1
231,7,1030.66,487.51,264.29,206.97,0.88,-1,-1,-1
232,1,1286.61,361.45,232.19,182.25,0.75,-1,-1,-1
232,7,1020.26,472.85,258.69,201.38,0.87,-1,-1,-1
233,1,1285.91,361.65,232.63,181.96,0.74,-1,-1,-1
233,7,1010.37,458.13,252.60,195.33,0.88,-1,-1,-1
234,1,1286.02,362.01,232.63,181.38,0.77,-1,-1,-1
234,7,1000.86,446.64,247.45,189.78,0.90,-1,-1,-1
234,8,760.12,54.64,46.13,29.99,0.51,-1,-1,-1
235,1,1285.67,360.33,233.68,183.22,0.82,-1,-1,-1
235,2,562.84,84.13,97.21,85.31,0.55,-1,-1,-1
235,7,992.74,429.38,242.83,189.92,0.86,-1,-1,-1
235,8,754.10,54.25,44.72,30.39,0.58,-1,-1,-1
236,1,1285.85,360.46,233.59,183.15,0.82,-1,-1,-1
236,2,562.72,84.33,97.17,85.18,0.52,-1,-1,-1
236,7,984.52,418.69,237.27,182.45,0.88,-1,-1,-1
236,8,746.43,51.72,45.69,33.55,0.52,-1,-1,-1
237,1,1285.85,360.48,233.58,183.10,0.84,-1,-1,-1
237,7,976.76,406.02,234.19,179.38,0.88,-1,-1,-1
237,8,734.74,51.86,49.08,33.31,0.51,-1,-1,-1
238,1,1285.42,360.74,234.00,182.91,0.82,-1,-1,-1
238,2,562.64,83.93,97.42,85.52,0.52,-1,-1,-1
238,7,971.12,394.46,228.82,176.23,0.89,-1,-1,-1
238,8,714.28,51.21,62.26,31.68,0.53,-1,-1,-1
239,1,1285.37,361.10,234.04,182.58,0.84,-1,-1,-1
239,2,562.54,83.16,97.60,86.33,0.55,-1,-1,-1
239,7,964.37,383.61,224.75,173.47,0.86,-1,-1,-1
239,8,716.20,51.43,52.65,31.16,0.56,-1,-1,-1
240,1,1285.18,361.25,234.19,182.45,0.83,-1,-1,-1
240,2,562.22,82.45,97.53,87.26,0.57,-1,-1,-1
240,7,959.47,372.88,219.58,169.31,0.88,-1,-1,-1
241,1,1285.63,361.16,233.82,182.50,0.83,-1,-1,-1
241,2,561.55,81.36,97.85,87.86,0.59,-1,-1,-1
241,7,956.49,362.41,213.44,167.26,0.89,-1,-1,-1
241,8,709.15,51.22,47.94,31.30,0.54,-1,-1,-1
242,1,1285.75,361.02,233.60,182.53,0.83,-1,-1,-1
242,2,561.17,78.19,98.56,90.85,0.60,-1,-1,-1
242,7,948.74,350.74,212.96,164.97,0.87,-1,-1,-1
243,1,1285.76,361.39,233.61,181.79,0.83,-1,-1,-1
243,2,561.98,78.09,97.45,90.78,0.63,-1,-1,-1
243,7,945.05,341.98,208.87,162.61,0.82,-1,-1,-1
243,8,701.66,51.34,44.20,30.14,0.56,-1,-1,-1
244,1,1285.67,361.19,233.77,181.75,0.83,-1,-1,-1
244,2,561.92,77.68,97.58,91.21,0.62,-1,-1,-1
244,7,942.50,334.14,205.16,158.18,0.87,-1,-1,-1
245,1,1286.28,361.32,233.20,181.67,0.85,-1,-1,-1
245,2,561.10,79.48,98.18,89.66,0.66,-1,-1,-1
245,7,942.83,323.71,197.96,157.97,0.88,-1,-1,-1
246,1,1286.41,360.86,233.22,181.85,0.86,-1,-1,-1
246,2,562.08,79.58,97.45,89.34,0.65,-1,-1,-1
246,7,940.30,318.97,194.25,152.16,0.88,-1,-1,-1
247,1,1286.19,360.74,233.40,181.88,0.86,-1,-1,-1
247,2,562.38,81.56,97.11,87.32,0.67,-1,-1,-1
247,7,936.33,310.62,192.62,150.87,0.88,-1,-1,-1
248,1,1286.15,360.69,233.48,181.95,0.86,-1,-1,-1
248,2,561.67,82.10,97.77,86.97,0.69,-1,-1,-1
248,7,931.96,302.83,190.11,148.78,0.87,-1,-1,-1
249,1,1286.54,360.88,232.98,181.82,0.86,-1,-1,-1
249,2,561.86,80.51,97.67,88.62,0.64,-1,-1,-1
249,7,933.05,294.79,184.02,147.62,0.87,-1,-1,-1
250,1,1287.22,360.88,232.35,181.51,0.86,-1,-1,-1
250,2,561.58,80.09,98.29,89.09,0.64,-1,-1,-1
250,7,930.37,289.97,182.57,144.32,0.86,-1,-1,-1
251,1,1286.86,361.03,232.87,182.15,0.85,-1,-1,-1
251,2,562.17,80.26,97.84,88.93,0.60,-1,-1,-1
251,7,929.80,284.41,178.74,141.09,0.85,-1,-1,-1
252,1,1286.92,360.83,232.93,181.99,0.85,-1,-1,-1
252,2,561.89,80.51,98.09,88.79,0.60,-1,-1,-1
252,7,925.17,278.95,182.20,138.44,0.88,-1,-1,-1
253,1,1286.40,360.18,233.50,183.29,0.85,-1,-1,-1
253,2,562.66,82.95,97.45,86.28,0.64,-1,-1,-1
253,7,928.23,273.74,171.86,136.54,0.88,-1,-1,-1
254,1,1286.39,360.38,233.40,183.02,0.85,-1,-1,-1
254,2,563.06,80.16,97.37,89.18,0.62,-1,-1,-1
254,7,927.01,271.59,168.96,131.30,0.89,-1,-1,-1
255,1,1286.65,361.66,233.12,182.35,0.85,-1,-1,-1
255,7,923.46,263.95,168.29,132.66,0.82,-1,-1,-1
256,1,1286.25,361.90,233.77,182.56,0.83,-1,-1,-1
256,7,921.15,258.49,167.55,129.68,0.81,-1,-1,-1
257,1,1285.79,362.01,234.22,182.37,0.83,-1,-1,-1
257,7,915.98,252.78,169.32,129.92,0.84,-1,-1,-1
258,1,1285.66,362.04,234.31,182.28,0.82,-1,-1,-1
258,7,916.03,248.63,163.96,127.98,0.89,-1,-1,-1
259,1,1285.80,362.17,234.16,182.25,0.83,-1,-1,-1
259,7,913.54,244.78,161.57,125.78,0.89,-1,-1,-1
260,1,1285.83,362.16,234.06,182.24,0.84,-1,-1,-1
260,7,914.62,240.32,155.23,122.10,0.88,-1,-1,-1
261,1,1285.72,362.03,234.21,182.47,0.84,-1,-1,-1
261,7,911.39,236.54,156.21,121.01,0.88,-1,-1,-1
262,1,1286.09,361.86,233.78,182.17,0.85,-1,-1,-1
262,7,909.88,229.55,152.60,121.44,0.90,-1,-1,-1
263,1,1285.69,361.38,234.14,182.61,0.85,-1,-1,-1
263,7,907.45,226.81,152.17,118.03,0.85,-1,-1,-1
264,1,1285.96,361.04,233.75,182.27,0.85,-1,-1,-1
264,7,906.69,222.51,148.24,115.31,0.89,-1,-1,-1
265,1,1285.98,359.93,233.57,183.44,0.85,-1,-1,-1
265,2,562.04,84.54,98.40,84.50,0.55,-1,-1,-1
265,7,903.91,217.70,147.78,114.65,0.86,-1,-1,-1
266,1,1285.85,360.15,233.86,183.13,0.85,-1,-1,-1
266,2,561.84,79.13,98.36,90.01,0.63,-1,-1,-1
266,7,900.68,212.77,147.13,113.79,0.85,-1,-1,-1
267,1,1285.90,360.57,233.81,182.60,0.86,-1,-1,-1
267,2,562.07,82.85,97.84,86.08,0.57,-1,-1,-1
267,7,899.25,208.30,144.50,114.29,0.85,-1,-1,-1
268,1,1285.63,360.62,234.14,182.42,0.86,-1,-1,-1
268,2,561.88,86.41,98.17,82.57,0.64,-1,-1,-1
268,7,895.45,204.28,145.31,112.27,0.87,-1,-1,-1
269,1,1285.51,360.59,234.25,182.40,0.86,-1,-1,-1
269,2,561.71,86.58,98.43,82.31,0.68,-1,-1,-1
269,7,890.35,201.30,146.55,109.11,0.89,-1,-1,-1
270,1,1285.33,360.52,234.42,182.45,0.86,-1,-1,-1
270,2,561.33,87.59,98.80,81.61,0.66,-1,-1,-1
270,7,891.91,197.69,143.05,108.34,0.89,-1,-1,-1
270,9,712.69,53.43,69.70,33.34,0.50,-1,-1,-1
271,1,1285.51,360.45,234.29,182.50,0.86,-1,-1,-1
271,2,561.63,86.62,98.78,82.50,0.67,-1,-1,-1
271,7,890.91,196.28,139.04,104.90,0.87,-1,-1,-1
272,1,1285.55,360.10,234.21,182.90,0.86,-1,-1,-1
272,2,561.48,83.87,98.88,85.32,0.65,-1,-1,-1
272,7,888.88,191.78,140.34,103.68,0.87,-1,-1,-1
273,1,1286.53,359.87,233.37,183.42,0.87,-1,-1,-1
273,2,562.16,86.04,98.41,83.21,0.67,-1,-1,-1
273,7,890.64,187.02,133.75,103.67,0.85,-1,-1,-1
274,1,1286.54,359.38,233.32,183.83,0.86,-1,-1,-1
274,2,561.84,85.57,98.50,83.95,0.67,-1,-1,-1
274,7,889.43,183.28,133.72,102.36,0.85,-1,-1,-1
275,1,1286.83,359.73,233.12,184.32,0.86,-1,-1,-1
275,2,561.83,85.28,98.51,84.38,0.63,-1,-1,-1
275,7,886.55,181.53,135.24,99.92,0.88,-1,-1,-1
275,10,789.17,58.14,85.51,29.85,0.51,-1,-1,-1
276,1,1287.22,360.34,232.76,183.60,0.86,-1,-1,-1
276,2,562.44,85.42,98.16,84.23,0.60,-1,-1,-1
276,7,888.70,178.54,130.81,98.82,0.87,-1,-1,-1
277,1,1287.05,360.84,232.99,182.53,0.86,-1,-1,-1
277,2,563.01,86.82,97.55,82.91,0.54,-1,-1,-1
277,7,887.54,176.07,127.80,97.51,0.86,-1,-1,-1
277,11,930.42,79.02,83.46,67.73,0.58,-1,-1,-1
278,1,1287.04,361.21,233.14,182.84,0.86,-1,-1,-1
278,2,562.73,90.95,97.69,78.85,0.51,-1,-1,-1
278,7,888.21,174.37,126.36,95.40,0.85,-1,-1,-1
278,11,930.00,79.96,83.82,67.07,0.60,-1,-1,-1
279,1,1287.08,361.04,233.23,183.01,0.86,-1,-1,-1
279,2,562.48,90.70,97.88,79.15,0.53,-1,-1,-1
279,7,888.42,173.38,124.48,92.88,0.84,-1,-1,-1
280,1,1286.96,361.09,233.31,182.99,0.86,-1,-1,-1
280,2,562.32,91.56,98.17,78.31,0.55,-1,-1,-1
280,7,886.29,170.21,123.91,92.91,0.88,-1,-1,-1
281,1,1286.87,361.05,233.44,183.03,0.85,-1,-1,-1
281,2,562.35,91.72,98.14,78.19,0.54,-1,-1,-1
281,7,885.91,167.24,122.43,93.42,0.88,-1,-1,-1
281,11,930.52,79.03,83.89,68.27,0.61,-1,-1,-1
282,1,1286.96,361.20,233.46,182.80,0.86,-1,-1,-1
282,2,562.32,92.20,98.28,77.75,0.58,-1,-1,-1
282,7,885.21,163.63,119.60,93.05,0.86,-1,-1,-1
283,1,1286.55,361.07,233.89,182.88,0.86,-1,-1,-1
283,2,562.10,91.16,98.65,78.71,0.59,-1,-1,-1
283,7,885.46,160.35,119.46,92.69,0.86,-1,-1,-1
284,1,1286.40,361.04,233.95,182.91,0.86,-1,-1,-1
284,2,561.93,92.43,98.74,77.42,0.63,-1,-1,-1
284,7,881.80,156.67,120.74,92.81,0.85,-1,-1,-1
284,11,929.99,77.86,83.66,68.52,0.53,-1,-1,-1
285,1,1286.21,360.77,233.75,183.35,0.84,-1,-1,-1
285,2,563.03,88.16,98.25,81.38,0.50,-1,-1,-1
285,7,884.11,153.39,116.23,90.26,0.84,-1,-1,-1
286,1,1285.95,360.19,233.89,183.92,0.84,-1,-1,-1
286,2,562.27,88.53,98.97,81.08,0.58,-1,-1,-1
286,7,884.43,151.34,114.61,88.77,0.83,-1,-1,-1
287,1,1286.07,360.33,233.63,183.63,0.85,-1,-1,-1
287,2,561.31,86.41,99.53,82.99,0.51,-1,-1,-1
287,7,881.03,148.74,115.27,89.63,0.85,-1,-1,-1
288,1,1285.73,360.00,233.94,183.85,0.85,-1,-1,-1
288,2,561.97,85.82,98.59,83.54,0.51,-1,-1,-1
288,7,880.95,147.95,111.51,87.55,0.88,-1,-1,-1
289,1,1286.04,361.20,233.38,183.07,0.85,-1,-1,-1
289,2,562.74,86.47,97.59,82.81,0.54,-1,-1,-1
289,7,881.17,148.15,110.48,84.41,0.86,-1,-1,-1
290,1,1285.82,361.10,233.67,183.12,0.86,-1,-1,-1
290,2,562.65,86.26,97.83,82.77,0.58,-1,-1,-1
290,7,878.36,145.70,111.96,84.17,0.86,-1,-1,-1
291,1,1285.02,361.23,234.43,182.68,0.85,-1,-1,-1
291,2,562.55,89.22,97.93,79.91,0.55,-1,-1,-1
291,7,880.63,142.56,108.47,85.04,0.84,-1,-1,-1
292,1,1285.08,361.22,234.37,182.69,0.85,-1,-1,-1
292,2,562.56,88.88,97.80,80.15,0.56,-1,-1,-1
292,7,878.34,140.45,108.58,83.41,0.84,-1,-1,-1
293,1,1285.04,361.32,234.40,182.60,0.85,-1,-1,-1
293,2,562.63,92.00,97.71,77.00,0.57,-1,-1,-1
293,7,876.83,137.88,106.99,81.98,0.84,-1,-1,-1
294,1,1285.21,361.19,234.34,182.80,0.85,-1,-1,-1
294,2,562.27,91.17,98.25,77.93,0.57,-1,-1,-1
294,7,876.97,136.29,103.69,81.03,0.86,-1,-1,-1
295,1,1285.40,360.62,234.16,183.40,0.86,-1,-1,-1
295,2,561.70,92.71,98.66,76.58,0.58,-1,-1,-1
295,7,876.79,135.06,103.45,79.88,0.85,-1,-1,-1
296,1,1285.64,360.50,233.89,183.08,0.86,-1,-1,-1
296,2,562.08,93.19,98.13,76.26,0.58,-1,-1,-1
296,7,872.25,132.08,104.68,81.13,0.85,-1,-1,-1
297,1,1286.42,360.63,233.07,182.98,0.86,-1,-1,-1
297,2,561.97,92.00,98.41,77.44,0.58,-1,-1,-1
297,7,872.92,129.64,102.87,80.41,0.86,-1,-1,-1
298,1,1286.33,360.47,233.18,183.14,0.86,-1,-1,-1
298,2,562.04,90.94,98.37,78.46,0.55,-1,-1,-1
298,7,872.10,129.65,101.03,77.12,0.84,-1,-1,-1
299,1,1286.46,360.86,233.05,182.76,0.86,-1,-1,-1
299,2,562.06,91.85,98.34,77.50,0.54,-1,-1,-1
299,7,871.16,125.20,100.07,79.86,0.84,-1,-1,-1
300,1,1286.37,360.91,233.32,182.97,0.86,-1,-1,-1
300,2,562.55,93.50,97.79,75.78,0.56,-1,-1,-1
300,7,871.09,123.99,98.87,78.58,0.79,-1,-1,-1
301,1,1286.11,360.54,233.77,182.90,0.86,-1,-1,-1
301,2,562.49,92.88,97.88,76.51,0.57,-1,-1,-1
301,7,869.07,120.53,99.48,79.50,0.74,-1,-1,-1
302,1,1286.22,360.51,233.61,183.00,0.86,-1,-1,-1
302,2,562.29,92.53,98.14,76.89,0.54,-1,-1,-1
302,7,868.97,118.20,99.06,76.38,0.78,-1,-1,-1
303,1,1286.19,360.60,233.64,182.95,0.86,-1,-1,-1
303,2,562.18,92.02,98.28,77.45,0.52,-1,-1,-1
303,7,868.19,117.12,98.30,74.18,0.81,-1,-1,-1
304,1,1286.17,360.50,233.65,183.05,0.86,-1,-1,-1
304,2,561.83,92.50,98.59,77.04,0.51,-1,-1,-1
304,7,868.41,115.25,95.03,74.44,0.80,-1,-1,-1
305,1,1286.24,360.49,233.64,183.05,0.86,-1,-1,-1
305,7,866.49,113.08,94.21,75.30,0.79,-1,-1,-1
306,1,1286.37,360.57,233.47,182.95,0.86,-1,-1,-1
306,7,865.05,112.51,94.86,74.27,0.80,-1,-1,-1
307,1,1286.23,360.70,233.52,182.85,0.86,-1,-1,-1
307,2,562.05,92.97,98.39,76.47,0.59,-1,-1,-1
307,7,864.38,106.33,92.09,78.01,0.84,-1,-1,-1
307,11,940.26,78.18,73.41,67.50,0.52,-1,-1,-1
308,1,1285.99,360.14,233.72,183.27,0.86,-1,-1,-1
308,2,562.27,91.90,98.06,77.26,0.59,-1,-1,-1
308,7,862.73,107.79,93.49,72.62,0.83,-1,-1,-1
309,1,1286.13,360.75,233.48,182.33,0.87,-1,-1,-1
309,2,562.43,91.65,97.75,77.68,0.60,-1,-1,-1
309,7,862.01,103.72,93.26,74.65,0.82,-1,-1,-1
309,11,938.81,77.66,74.36,68.50,0.58,-1,-1,-1
310,1,1285.99,360.99,233.60,182.33,0.86,-1,-1,-1
310,2,561.93,89.43,98.18,79.92,0.57,-1,-1,-1
310,7,861.09,103.29,93.03,72.07,0.80,-1,-1,-1
310,11,939.19,77.43,73.75,68.83,0.54,-1,-1,-1
311,1,1285.98,361.08,233.58,182.25,0.85,-1,-1,-1
311,2,561.57,91.09,98.46,78.42,0.62,-1,-1,-1
311,7,859.54,102.54,93.12,71.41,0.78,-1,-1,-1
311,11,939.33,77.45,73.93,68.70,0.54,-1,-1,-1
312,1,1285.97,360.66,233.60,182.56,0.86,-1,-1,-1
312,2,562.44,89.17,97.58,79.94,0.57,-1,-1,-1
312,7,858.99,100.94,92.04,71.17,0.78,-1,-1,-1
312,11,938.63,77.48,75.05,68.91,0.51,-1,-1,-1
313,1,1285.97,361.31,233.77,181.67,0.86,-1,-1,-1
313,2,562.04,90.56,98.15,78.24,0.66,-1,-1,-1
313,7,859.05,101.60,88.79,67.90,0.80,-1,-1,-1
314,1,1286.03,361.40,233.61,181.69,0.86,-1,-1,-1
314,2,562.46,88.14,97.99,80.56,0.65,-1,-1,-1
314,7,857.62,98.87,89.84,69.13,0.82,-1,-1,-1
315,1,1286.26,361.23,233.33,181.80,0.86,-1,-1,-1
315,2,562.64,90.61,97.77,77.99,0.67,-1,-1,-1
315,7,857.62,98.24,87.74,69.13,0.79,-1,-1,-1
316,1,1286.29,361.12,233.28,181.97,0.86,-1,-1,-1
316,2,562.76,89.48,97.63,79.05,0.67,-1,-1,-1
316,7,855.90,96.50,89.19,69.63,0.83,-1,-1,-1
317,1,1286.19,361.08,233.47,182.08,0.86,-1,-1,-1
317,2,562.90,90.29,97.44,78.36,0.65,-1,-1,-1
317,7,854.85,96.09,88.46,69.48,0.81,-1,-1,-1
318,1,1286.17,361.32,233.44,181.83,0.86,-1,-1,-1
318,2,562.81,90.58,97.35,78.13,0.68,-1,-1,-1
318,7,854.16,95.35,89.13,67.46,0.80,-1,-1,-1
319,1,1286.21,361.23,233.55,181.93,0.86,-1,-1,-1
319,2,562.61,86.39,97.43,82.66,0.66,-1,-1,-1
319,7,852.64,95.97,88.39,66.17,0.72,-1,-1,-1
320,1,1286.30,361.49,233.47,181.68,0.86,-1,-1,-1
320,2,563.11,91.15,96.75,77.81,0.67,-1,-1,-1
320,7,851.63,94.91,87.47,65.18,0.74,-1,-1,-1
321,1,1286.10,361.47,233.67,181.45,0.87,-1,-1,-1
321,2,562.96,85.85,97.11,83.29,0.63,-1,-1,-1
321,7,847.64,90.95,93.19,67.99,0.79,-1,-1,-1
322,1,1286.54,361.40,233.35,181.47,0.87,-1,-1,-1
322,2,562.52,78.74,97.82,90.43,0.59,-1,-1,-1
322,7,848.81,92.35,91.74,64.46,0.80,-1,-1,-1
323,1,1286.60,361.65,233.26,181.63,0.87,-1,-1,-1
323,2,562.08,79.15,98.37,90.26,0.52,-1,-1,-1
323,7,850.08,91.47,91.59,63.92,0.77,-1,-1,-1
324,1,1286.45,361.68,233.48,181.60,0.87,-1,-1,-1
324,2,562.58,78.35,97.92,90.97,0.51,-1,-1,-1
324,7,848.41,90.30,92.24,63.66,0.77,-1,-1,-1
325,1,1286.65,361.51,233.25,181.76,0.87,-1,-1,-1
325,2,562.68,78.43,97.91,90.71,0.51,-1,-1,-1
325,7,848.65,88.19,92.06,65.35,0.71,-1,-1,-1
326,1,1286.68,361.51,233.26,181.68,0.87,-1,-1,-1
326,2,562.73,78.88,97.84,90.28,0.51,-1,-1,-1
326,7,847.94,86.76,94.72,65.16,0.76,-1,-1,-1
327,1,1286.68,361.53,233.27,181.70,0.87,-1,-1,-1
327,2,562.73,78.71,97.88,90.48,0.52,-1,-1,-1
327,7,846.79,85.81,96.16,64.35,0.78,-1,-1,-1
327,11,932.21,78.24,81.60,68.78,0.51,-1,-1,-1
328,1,1286.46,361.44,233.41,182.18,0.87,-1,-1,-1
328,2,563.12,79.28,97.38,89.83,0.50,-1,-1,-1
328,7,846.15,86.28,90.49,61.84,0.81,-1,-1,-1
329,1,1287.00,361.54,232.91,182.18,0.87,-1,-1,-1
329,2,563.30,80.02,97.23,89.13,0.54,-1,-1,-1
329,7,846.08,86.91,88.93,60.51,0.80,-1,-1,-1
330,1,1287.02,361.49,232.84,182.25,0.87,-1,-1,-1
330,2,563.52,80.76,97.01,88.35,0.57,-1,-1,-1
330,7,845.86,85.63,88.74,61.00,0.76,-1,-1,-1
331,1,1287.14,361.51,232.74,182.29,0.87,-1,-1,-1
331,2,563.40,80.56,97.24,88.62,0.57,-1,-1,-1
331,7,845.93,85.46,85.62,60.30,0.71,-1,-1,-1
332,1,1287.25,361.50,232.59,182.33,0.87,-1,-1,-1
332,2,563.43,82.12,96.97,86.96,0.62,-1,-1,-1
332,7,844.09,83.64,90.75,62.28,0.72,-1,-1,-1
333,1,1287.07,361.45,232.77,182.21,0.87,-1,-1,-1
333,2,563.39,81.76,97.03,87.41,0.63,-1,-1,-1
333,7,842.54,83.99,91.42,62.14,0.68,-1,-1,-1
334,1,1286.90,360.67,232.89,182.57,0.87,-1,-1,-1
334,2,563.28,80.53,97.19,88.55,0.60,-1,-1,-1
334,7,839.80,83.92,93.34,61.69,0.68,-1,-1,-1
335,1,1286.97,360.60,233.05,182.41,0.87,-1,-1,-1
335,2,563.05,80.43,97.51,88.77,0.63,-1,-1,-1
335,7,838.89,83.47,89.12,60.24,0.67,-1,-1,-1
336,1,1286.93,360.84,233.09,182.20,0.87,-1,-1,-1
336,2,562.99,80.47,97.55,88.72,0.63,-1,-1,-1
336,7,837.54,83.74,85.73,59.92,0.63,-1,-1,-1
337,1,1287.07,361.57,232.85,181.50,0.87,-1,-1,-1
337,2,562.72,79.41,97.87,89.76,0.65,-1,-1,-1
337,7,835.39,83.73,89.19,59.22,0.68,-1,-1,-1
338,1,1287.17,361.53,232.65,181.72,0.87,-1,-1,-1
338,2,562.81,79.86,97.77,89.30,0.65,-1,-1,-1
338,7,834.28,83.90,95.01,58.30,0.74,-1,-1,-1
338,11,928.27,77.69,85.09,67.72,0.51,-1,-1,-1
339,1,1287.09,361.56,232.77,181.73,0.87,-1,-1,-1
339,2,562.81,80.72,97.66,88.50,0.66,-1,-1,-1
339,7,832.50,84.18,87.97,57.84,0.68,-1,-1,-1
339,11,927.34,77.68,86.03,67.68,0.53,-1,-1,-1
340,1,1287.12,361.70,232.72,181.52,0.87,-1,-1,-1
340,2,562.69,82.04,97.68,87.50,0.66,-1,-1,-1
340,7,829.44,85.51,86.61,56.23,0.67,-1,-1,-1
340,11,928.04,77.67,85.03,68.36,0.57,-1,-1,-1
341,1,1287.03,361.68,232.83,181.50,0.87,-1,-1,-1
341,2,562.71,83.39,96.72,86.02,0.67,-1,-1,-1
341,7,827.65,86.53,94.80,55.35,0.66,-1,-1,-1
341,11,928.47,77.88,84.59,68.09,0.58,-1,-1,-1
342,1,1287.08,361.63,232.81,181.51,0.87,-1,-1,-1
342,2,562.90,82.48,96.50,86.82,0.67,-1,-1,-1
342,7,823.27,88.24,74.44,53.78,0.72,-1,-1,-1
342,11,928.06,77.97,85.01,68.13,0.53,-1,-1,-1
343,1,1287.03,361.63,232.86,181.36,0.87,-1,-1,-1
343,2,562.84,81.43,96.72,88.09,0.66,-1,-1,-1
343,7,819.94,88.61,75.29,53.36,0.79,-1,-1,-1
343,11,928.11,78.35,84.82,67.66,0.54,-1,-1,-1
344,1,1287.02,361.55,232.97,181.48,0.87,-1,-1,-1
344,2,563.08,81.62,96.75,87.62,0.68,-1,-1,-1
344,7,804.69,94.78,83.35,48.03,0.81,-1,-1,-1
344,12,655.75,115.54,39.64,28.99,0.56,-1,-1,-1
345,1,1287.06,361.58,232.91,181.47,0.87,-1,-1,-1
345,2,563.07,80.89,96.75,88.46,0.65,-1,-1,-1
345,7,800.32,96.53,87.87,46.43,0.80,-1,-1,-1
345,12,655.83,114.63,41.10,29.78,0.59,-1,-1,-1
346,1,1286.36,360.21,232.04,183.83,0.87,-1,-1,-1
346,2,563.75,89.65,95.67,79.46,0.68,-1,-1,-1
346,7,795.04,97.60,93.47,45.28,0.77,-1,-1,-1
346,12,655.23,112.08,43.99,32.26,0.66,-1,-1,-1
347,1,1286.13,361.07,233.33,181.89,0.87,-1,-1,-1
347,2,563.80,89.25,95.49,80.00,0.68,-1,-1,-1
347,7,790.73,96.07,98.23,46.70,0.73,-1,-1,-1
347,11,928.32,78.55,83.55,67.57,0.60,-1,-1,-1
347,12,656.08,112.32,46.26,31.69,0.66,-1,-1,-1
348,1,1286.20,360.19,232.30,183.85,0.87,-1,-1,-1
348,2,563.95,88.86,95.28,80.36,0.68,-1,-1,-1
348,7,785.40,96.23,102.98,46.67,0.72,-1,-1,-1
348,12,656.92,112.63,48.81,31.26,0.68,-1,-1,-1
349,1,1285.92,361.51,233.48,181.63,0.86,-1,-1,-1
349,2,563.58,89.36,95.85,79.84,0.69,-1,-1,-1
349,7,779.21,99.86,104.26,42.90,0.63,-1,-1,-1
349,12,656.85,112.51,51.20,31.70,0.68,-1,-1,-1
350,1,1285.89,361.30,233.46,181.85,0.87,-1,-1,-1
350,2,563.68,88.96,95.83,80.49,0.68,-1,-1,-1
350,12,656.50,111.62,51.86,32.28,0.72,-1,-1,-1
351,1,1285.87,360.90,233.71,182.06,0.86,-1,-1,-1
351,2,563.59,90.61,95.98,78.83,0.68,-1,-1,-1
351,11,927.81,78.00,85.36,68.64,0.55,-1,-1,-1
351,12,657.72,111.11,51.27,32.54,0.73,-1,-1,-1
352,1,1285.87,361.02,233.73,181.95,0.87,-1,-1,-1
352,2,562.80,87.27,96.95,82.58,0.65,-1,-1,-1
352,7,808.76,101.69,68.35,41.68,0.55,-1,-1,-1
352,11,926.70,77.00,86.83,67.98,0.57,-1,-1,-1
352,12,658.47,109.71,51.25,34.06,0.72,-1,-1,-1
352,13,761.46,107.66,55.34,35.10,0.64,-1,-1,-1
353,1,1285.78,361.48,233.82,181.41,0.86,-1,-1,-1
353,2,563.19,86.18,96.68,83.78,0.61,-1,-1,-1
353,7,803.35,103.08,73.78,40.23,0.59,-1,-1,-1
353,11,929.94,77.95,82.88,68.10,0.55,-1,-1,-1
353,12,659.43,108.03,52.34,35.97,0.74,-1,-1,-1
353,13,755.48,108.98,58.01,33.98,0.63,-1,-1,-1
354,1,1285.87,361.54,233.77,181.39,0.86,-1,-1,-1
354,2,563.51,87.10,96.19,82.83,0.58,-1,-1,-1
354,7,806.87,101.84,70.88,41.89,0.61,-1,-1,-1
354,12,659.50,108.34,52.63,35.79,0.75,-1,-1,-1
354,13,752.08,108.70,59.34,34.12,0.62,-1,-1,-1
355,1,1285.88,361.54,233.72,181.38,0.86,-1,-1,-1
355,2,563.60,90.59,96.17,79.17,0.58,-1,-1,-1
355,12,660.13,106.27,54.44,37.42,0.77,-1,-1,-1
355,13,745.77,109.00,69.23,34.22,0.63,-1,-1,-1
356,1,1285.73,361.66,233.77,181.62,0.87,-1,-1,-1
356,2,563.92,90.11,95.61,79.69,0.56,-1,-1,-1
356,12,660.97,106.50,54.60,36.90,0.76,-1,-1,-1
356,13,741.18,107.32,69.57,35.19,0.57,-1,-1,-1
357,1,1285.80,361.75,233.65,181.43,0.86,-1,-1,-1
357,2,563.96,91.05,95.61,78.72,0.53,-1,-1,-1
357,12,662.10,106.16,51.61,37.26,0.75,-1,-1,-1
357,13,733.29,108.77,77.45,34.44,0.59,-1,-1,-1
358,1,1285.59,361.68,234.06,181.48,0.86,-1,-1,-1
358,12,664.05,107.66,51.48,35.68,0.71,-1,-1,-1
358,13,729.08,108.64,82.09,34.56,0.62,-1,-1,-1
359,1,1285.37,362.27,234.37,180.71,0.87,-1,-1,-1
359,12,665.21,106.99,50.76,36.00,0.66,-1,-1,-1
359,13,722.82,108.56,83.83,34.80,0.56,-1,-1,-1
360,1,1285.42,362.16,234.16,180.87,0.86,-1,-1,-1
360,12,666.77,108.31,52.56,34.34,0.62,-1,-1,-1
360,13,722.48,108.16,73.07,34.55,0.59,-1,-1,-1
361,1,1285.25,362.09,234.78,181.29,0.86,-1,-1,-1
361,12,667.31,108.37,53.61,34.79,0.61,-1,-1,-1
361,13,721.92,106.25,75.88,37.83,0.61,-1,-1,-1
362,1,1285.44,362.19,234.64,181.49,0.86,-1,-1,-1
362,12,668.91,107.07,52.48,36.37,0.64,-1,-1,-1
362,13,721.68,108.84,72.25,33.55,0.52,-1,-1,-1
363,1,1285.42,362.10,234.68,181.57,0.86,-1,-1,-1
363,12,669.31,106.36,50.51,36.59,0.57,-1,-1,-1
363,13,718.11,108.70,68.50,34.77,0.63,-1,-1,-1
364,1,1285.48,362.23,234.62,181.40,0.86,-1,-1,-1
364,7,797.79,106.04,61.11,35.25,0.52,-1,-1,-1
364,12,670.35,105.09,50.67,38.76,0.61,-1,-1,-1
364,13,721.01,110.81,59.45,31.74,0.54,-1,-1,-1
365,1,1285.36,362.22,234.76,181.51,0.86,-1,-1,-1
365,7,798.15,106.79,59.57,35.37,0.52,-1,-1,-1
365,12,671.29,106.36,51.66,37.48,0.61,-1,-1,-1
365,13,721.07,110.97,52.86,31.27,0.59,-1,-1,-1
366,1,1285.36,362.05,234.75,181.65,0.86,-1,-1,-1
366,7,795.98,107.69,60.25,35.13,0.55,-1,-1,-1
366,12,671.10,106.19,51.75,37.56,0.63,-1,-1,-1
366,13,721.55,113.04,46.02,29.86,0.52,-1,-1,-1
367,1,1285.69,362.09,234.32,181.52,0.86,-1,-1,-1
367,7,794.22,107.35,60.57,35.03,0.62,-1,-1,-1
367,11,929.44,77.89,83.68,68.10,0.54,-1,-1,-1
367,12,671.69,104.65,51.02,39.04,0.66,-1,-1,-1
367,13,719.21,111.12,43.16,31.52,0.61,-1,-1,-1
368,1,1285.56,361.78,234.32,181.30,0.87,-1,-1,-1
368,7,793.91,105.15,57.54,35.62,0.57,-1,-1,-1
368,12,672.34,105.06,48.14,38.54,0.62,-1,-1,-1
369,1,1285.48,360.96,234.33,182.29,0.87,-1,-1,-1
369,7,792.95,105.93,59.37,35.71,0.60,-1,-1,-1
369,11,929.43,79.02,83.44,67.22,0.57,-1,-1,-1
369,12,672.95,104.33,49.58,39.31,0.59,-1,-1,-1
369,13,672.54,104.37,70.70,38.93,0.53,-1,-1,-1
370,1,1285.58,361.02,234.22,182.20,0.87,-1,-1,-1
370,7,792.60,105.84,59.76,36.55,0.65,-1,-1,-1
370,13,673.12,104.05,73.93,39.08,0.66,-1,-1,-1
371,1,1285.48,361.11,234.30,181.84,0.87,-1,-1,-1
371,7,791.89,105.98,61.13,36.40,0.62,-1,-1,-1
371,13,673.79,103.05,69.47,40.39,0.72,-1,-1,-1
372,1,1285.60,360.99,234.18,181.85,0.87,-1,-1,-1
372,2,563.18,94.35,96.48,75.41,0.55,-1,-1,-1
372,7,792.40,105.26,59.11,36.80,0.66,-1,-1,-1
372,13,674.51,102.76,65.78,40.99,0.79,-1,-1,-1
373,1,1285.56,361.31,233.99,181.58,0.86,-1,-1,-1
373,2,562.60,88.51,97.44,81.41,0.53,-1,-1,-1
373,7,790.79,105.70,58.61,36.18,0.68,-1,-1,-1
373,13,673.44,101.95,62.74,41.81,0.79,-1,-1,-1
374,1,1285.37,361.16,234.06,181.70,0.86,-1,-1,-1
374,2,562.71,85.17,97.22,84.60,0.51,-1,-1,-1
374,7,789.41,105.99,57.82,35.61,0.56,-1,-1,-1
374,13,672.73,102.30,62.75,41.22,0.77,-1,-1,-1
375,1,1285.38,360.81,233.97,181.99,0.86,-1,-1,-1
375,7,789.19,105.15,58.05,37.10,0.62,-1,-1,-1
375,12,672.55,102.40,64.06,41.46,0.76,-1,-1,-1
376,1,1285.39,360.76,233.93,182.26,0.86,-1,-1,-1
376,7,787.96,105.95,58.44,35.74,0.58,-1,-1,-1
376,12,671.23,103.81,65.60,39.61,0.73,-1,-1,-1
377,1,1285.42,360.69,233.88,182.28,0.87,-1,-1,-1
377,7,787.08,107.29,58.75,34.43,0.59,-1,-1,-1
377,12,671.77,102.31,66.11,40.95,0.74,-1,-1,-1
378,1,1285.44,360.71,233.84,182.30,0.86,-1,-1,-1
378,7,786.44,107.80,59.06,33.63,0.61,-1,-1,-1
378,12,672.65,101.11,67.45,41.68,0.77,-1,-1,-1
379,1,1285.50,360.73,233.74,182.32,0.86,-1,-1,-1
379,2,562.47,83.10,97.80,86.54,0.53,-1,-1,-1
379,7,785.44,107.93,58.41,32.62,0.61,-1,-1,-1
379,12,673.39,100.33,66.16,42.54,0.74,-1,-1,-1
380,1,1285.53,360.82,233.72,182.24,0.86,-1,-1,-1
380,7,784.94,108.32,59.47,32.96,0.62,-1,-1,-1
380,12,674.52,97.33,67.22,45.59,0.76,-1,-1,-1
381,1,1285.48,360.81,233.74,182.30,0.86,-1,-1,-1
381,2,561.62,88.40,98.09,81.51,0.50,-1,-1,-1
381,7,782.71,109.25,60.71,32.22,0.65,-1,-1,-1
381,12,675.36,99.68,67.53,43.30,0.77,-1,-1,-1
382,1,1285.45,360.86,233.85,182.29,0.86,-1,-1,-1
382,12,679.92,101.10,63.00,41.81,0.75,-1,-1,-1
383,1,1285.45,361.18,233.92,181.95,0.87,-1,-1,-1
383,7,780.08,108.90,58.85,30.96,0.56,-1,-1,-1
383,12,681.25,102.32,62.54,40.34,0.75,-1,-1,-1
384,1,1285.60,361.19,233.76,181.91,0.87,-1,-1,-1
384,7,779.45,109.57,59.02,30.71,0.55,-1,-1,-1
384,12,682.24,101.36,61.98,41.27,0.73,-1,-1,-1
385,1,1285.46,361.34,234.01,181.64,0.86,-1,-1,-1
385,7,777.61,110.61,56.83,29.35,0.51,-1,-1,-1
385,12,684.66,100.20,61.44,42.58,0.74,-1,-1,-1
386,1,1285.49,361.17,234.02,181.75,0.86,-1,-1,-1
386,7,777.06,110.55,54.44,28.83,0.61,-1,-1,-1
386,12,685.42,100.57,61.92,42.42,0.75,-1,-1,-1
387,1,1285.44,361.12,234.14,181.76,0.86,-1,-1,-1
387,7,775.42,110.17,54.88,28.23,0.56,-1,-1,-1
387,12,685.67,100.25,63.51,42.68,0.76,-1,-1,-1
388,1,1285.56,359.85,233.21,183.52,0.87,-1,-1,-1
388,7,768.89,112.61,54.27,28.10,0.54,-1,-1,-1
388,12,690.52,97.92,62.45,44.35,0.68,-1,-1,-1
389,1,1285.43,359.74,233.10,183.33,0.87,-1,-1,-1
389,12,693.43,96.13,64.79,46.13,0.63,-1,-1,-1
390,1,1285.42,359.62,233.02,183.51,0.87,-1,-1,-1
390,12,698.38,94.56,65.53,47.04,0.63,-1,-1,-1
390,13,659.47,105.74,42.56,37.10,0.56,-1,-1,-1
391,1,1285.41,359.68,233.03,183.48,0.87,-1,-1,-1
391,12,702.77,92.30,63.67,48.35,0.64,-1,-1,-1
391,13,660.91,103.69,46.02,39.00,0.57,-1,-1,-1
392,1,1285.78,360.60,233.64,182.15,0.87,-1,-1,-1
392,12,705.45,93.00,64.01,48.00,0.61,-1,-1,-1
392,13,665.59,101.68,44.05,41.19,0.60,-1,-1,-1
393,1,1285.77,360.33,233.75,182.47,0.87,-1,-1,-1
393,12,706.22,93.72,65.82,47.15,0.56,-1,-1,-1
393,13,664.67,101.10,46.33,41.90,0.61,-1,-1,-1
394,1,1285.98,359.88,233.63,182.79,0.87,-1,-1,-1
394,12,707.68,91.01,65.08,50.69,0.63,-1,-1,-1
394,13,666.22,100.47,46.81,42.78,0.62,-1,-1,-1
395,1,1286.18,360.12,233.49,182.69,0.87,-1,-1,-1
395,12,708.14,90.46,66.90,51.64,0.61,-1,-1,-1
395,13,666.73,101.46,45.74,41.92,0.59,-1,-1,-1
396,1,1285.93,359.77,233.63,182.96,0.87,-1,-1,-1
396,12,713.64,86.06,70.18,55.58,0.62,-1,-1,-1
396,13,667.41,102.23,48.39,41.12,0.63,-1,-1,-1
397,1,1285.57,359.79,233.92,183.24,0.86,-1,-1,-1
397,2,562.29,80.89,97.36,89.18,0.50,-1,-1,-1
397,12,718.41,84.85,67.90,57.54,0.75,-1,-1,-1
397,13,668.64,102.15,52.29,41.02,0.71,-1,-1,-1
398,1,1285.63,360.43,233.74,182.62,0.87,-1,-1,-1
398,2,562.58,80.25,97.04,89.57,0.57,-1,-1,-1
398,12,718.19,83.91,70.47,58.62,0.71,-1,-1,-1
398,13,670.57,101.05,52.55,42.12,0.70,-1,-1,-1
399,1,1285.36,360.84,234.05,182.11,0.87,-1,-1,-1
399,2,562.40,81.56,97.11,88.31,0.59,-1,-1,-1
399,12,718.14,83.03,71.35,59.06,0.73,-1,-1,-1
399,13,670.63,101.15,53.66,42.06,0.67,-1,-1,-1
400,1,1285.18,360.74,234.20,182.21,0.87,-1,-1,-1
400,2,562.84,82.71,96.87,87.10,0.63,-1,-1,-1
400,12,715.77,80.86,74.52,60.07,0.68,-1,-1,-1
400,13,669.42,100.34,55.91,42.90,0.69,-1,-1,-1
401,1,1285.21,361.34,234.25,181.52,0.87,-1,-1,-1
401,2,562.17,85.36,97.27,84.34,0.63,-1,-1,-1
401,12,720.18,82.12,70.92,59.38,0.68,-1,-1,-1
401,13,669.61,100.15,56.19,43.00,0.69,-1,-1,-1
402,1,1285.13,360.68,233.28,182.06,0.87,-1,-1,-1
402,2,562.09,84.89,97.72,84.78,0.51,-1,-1,-1
402,12,719.91,82.40,71.67,59.24,0.62,-1,-1,-1
402,13,671.12,99.60,52.92,43.26,0.69,-1,-1,-1
402,14,1547.73,128.38,34.12,73.75,0.63,-1,-1,-1
403,1,1285.05,360.54,233.46,182.21,0.86,-1,-1,-1
403,2,561.90,83.94,98.19,85.79,0.54,-1,-1,-1
403,12,720.06,81.64,72.43,59.93,0.66,-1,-1,-1
403,13,671.93,99.76,52.25,43.38,0.72,-1,-1,-1
403,14,1530.25,136.12,52.08,73.01,0.74,-1,-1,-1
404,1,1284.96,360.47,233.59,182.28,0.86,-1,-1,-1
404,2,561.97,86.03,97.70,83.83,0.55,-1,-1,-1
404,12,720.83,81.52,72.05,60.10,0.68,-1,-1,-1
404,13,672.48,100.11,51.51,43.14,0.71,-1,-1,-1
404,14,1517.44,129.44,63.52,83.68,0.76,-1,-1,-1
405,1,1284.99,360.41,233.54,182.34,0.87,-1,-1,-1
405,2,561.53,85.00,98.02,83.70,0.55,-1,-1,-1
405,12,720.57,81.66,73.90,60.06,0.69,-1,-1,-1
405,13,673.36,99.08,50.07,44.10,0.69,-1,-1,-1
405,14,1503.63,106.32,77.72,111.78,0.76,-1,-1,-1
406,1,1285.11,359.97,233.42,182.94,0.86,-1,-1,-1
406,2,561.92,86.53,97.87,83.15,0.50,-1,-1,-1
406,12,719.45,80.98,76.17,60.72,0.71,-1,-1,-1
406,13,673.88,98.56,49.63,44.35,0.67,-1,-1,-1
406,14,1492.97,141.27,88.35,82.08,0.76,-1,-1,-1
407,1,1285.12,360.36,234.18,181.85,0.86,-1,-1,-1
407,2,562.17,88.72,97.54,80.96,0.52,-1,-1,-1
407,12,719.62,82.14,75.91,59.72,0.69,-1,-1,-1
407,13,674.53,98.28,49.23,44.77,0.67,-1,-1,-1
407,14,1477.45,105.98,105.04,122.53,0.79,-1,-1,-1
408,1,1285.54,360.96,233.69,181.09,0.86,-1,-1,-1
408,2,562.31,86.82,97.28,82.79,0.57,-1,-1,-1
408,12,720.08,80.96,75.73,60.70,0.69,-1,-1,-1
408,13,673.79,97.84,50.38,45.17,0.68,-1,-1,-1
408,14,1467.64,111.07,114.20,120.87,0.80,-1,-1,-1
409,1,1285.24,360.73,234.11,181.91,0.86,-1,-1,-1
409,2,562.77,84.00,96.76,85.78,0.57,-1,-1,-1
409,12,720.11,82.87,74.78,58.80,0.69,-1,-1,-1
409,13,675.61,97.47,48.06,45.94,0.69,-1,-1,-1
409,14,1455.22,111.62,127.61,125.21,0.82,-1,-1,-1
410,1,1285.10,361.23,234.25,181.32,0.86,-1,-1,-1
410,2,563.09,85.24,96.43,84.39,0.58,-1,-1,-1
410,12,719.68,83.76,75.63,58.09,0.71,-1,-1,-1
410,13,676.14,95.71,47.81,47.22,0.66,-1,-1,-1
410,14,1444.05,110.52,136.19,131.04,0.83,-1,-1,-1
411,1,1285.23,361.53,233.93,181.15,0.86,-1,-1,-1
411,2,563.18,86.68,96.44,82.97,0.60,-1,-1,-1
411,12,719.46,87.04,75.92,55.46,0.70,-1,-1,-1
411,13,675.99,98.00,47.22,45.39,0.64,-1,-1,-1
411,14,1430.94,123.56,144.17,118.87,0.69,-1,-1,-1
412,1,1285.30,361.90,233.82,180.99,0.87,-1,-1,-1
412,2,563.20,85.04,96.62,84.78,0.59,-1,-1,-1
412,12,718.81,88.07,77.06,55.00,0.67,-1,-1,-1
412,13,675.18,97.24,48.23,46.35,0.64,-1,-1,-1
412,14,1421.16,117.47,159.53,131.07,0.83,-1,-1,-1
413,1,1285.37,361.68,233.86,181.24,0.87,-1,-1,-1
413,2,563.14,82.58,96.61,87.26,0.55,-1,-1,-1
413,12,718.67,87.10,77.02,55.93,0.68,-1,-1,-1
413,13,675.61,94.86,49.10,48.25,0.64,-1,-1,-1
413,14,1406.93,123.96,173.68,124.98,0.87,-1,-1,-1
414,1,1285.32,361.20,233.83,181.77,0.87,-1,-1,-1
414,2,563.49,87.01,96.21,82.80,0.58,-1,-1,-1
414,12,718.01,90.10,78.91,53.77,0.65,-1,-1,-1
414,13,676.84,95.30,48.54,47.76,0.62,-1,-1,-1
414,14,1400.13,125.85,180.56,124.25,0.89,-1,-1,-1
415,1,1285.48,360.96,233.65,182.00,0.87,-1,-1,-1
415,2,563.37,87.94,96.34,81.98,0.61,-1,-1,-1
415,12,716.67,85.20,78.43,60.37,0.58,-1,-1,-1
415,13,677.08,95.33,47.05,47.72,0.60,-1,-1,-1
415,14,1388.62,125.38,192.79,126.32,0.86,-1,-1,-1
416,1,1285.97,360.75,233.20,182.28,0.87,-1,-1,-1
416,2,563.34,87.18,96.28,82.69,0.59,-1,-1,-1
416,12,716.16,83.08,79.88,62.85,0.65,-1,-1,-1
416,13,676.85,94.54,47.34,48.43,0.55,-1,-1,-1
416,14,1379.09,128.19,199.61,126.62,0.87,-1,-1,-1
417,1,1285.99,360.87,233.07,181.96,0.87,-1,-1,-1
417,2,563.67,86.67,95.90,83.15,0.60,-1,-1,-1
417,12,716.90,82.77,79.30,63.56,0.69,-1,-1,-1
417,13,677.73,96.20,46.17,46.90,0.58,-1,-1,-1
417,14,1371.17,129.94,208.81,125.37,0.86,-1,-1,-1
418,1,1285.89,360.99,233.23,181.72,0.87,-1,-1,-1
418,2,563.64,89.09,95.99,80.74,0.59,-1,-1,-1
418,12,716.37,82.90,79.93,63.71,0.74,-1,-1,-1
418,13,677.71,94.81,48.06,48.34,0.58,-1,-1,-1
418,14,1362.05,135.81,218.07,120.33,0.88,-1,-1,-1
419,1,1285.75,361.00,233.46,181.67,0.87,-1,-1,-1
419,2,563.53,91.22,96.23,78.54,0.59,-1,-1,-1
419,12,716.30,82.51,81.85,64.59,0.72,-1,-1,-1
419,13,678.88,95.70,47.39,47.80,0.56,-1,-1,-1
419,14,1361.75,139.03,218.24,117.83,0.87,-1,-1,-1
420,1,1285.88,360.34,232.60,183.23,0.87,-1,-1,-1
420,2,563.60,90.58,96.06,79.17,0.57,-1,-1,-1
420,12,716.46,81.91,81.44,65.38,0.69,-1,-1,-1
420,13,679.35,96.48,47.83,47.13,0.54,-1,-1,-1
420,14,1360.11,138.22,219.70,118.09,0.88,-1,-1,-1
421,1,1285.13,360.62,233.92,182.47,0.86,-1,-1,-1
421,2,562.77,86.92,97.03,83.11,0.56,-1,-1,-1
421,12,715.81,81.55,83.49,67.45,0.72,-1,-1,-1
421,13,678.73,96.31,47.28,48.63,0.51,-1,-1,-1
421,14,1360.83,139.30,217.37,118.79,0.88,-1,-1,-1
422,1,1285.15,360.80,233.89,182.25,0.86,-1,-1,-1
422,2,562.84,86.58,96.94,83.43,0.57,-1,-1,-1
422,12,715.02,81.83,85.86,67.77,0.73,-1,-1,-1
422,13,678.71,95.22,47.59,50.11,0.54,-1,-1,-1
422,14,1359.06,141.26,216.92,117.28,0.88,-1,-1,-1
423,1,1285.26,360.78,233.77,182.30,0.87,-1,-1,-1
423,2,562.89,86.33,96.82,83.71,0.56,-1,-1,-1
423,12,716.66,80.88,85.49,69.27,0.70,-1,-1,-1
423,13,680.82,92.23,47.68,51.58,0.52,-1,-1,-1
423,14,1357.36,141.91,216.60,116.67,0.86,-1,-1,-1
424,1,1285.22,359.86,233.08,183.41,0.86,-1,-1,-1
424,12,716.05,82.58,85.53,68.60,0.63,-1,-1,-1
424,14,1340.49,143.98,229.29,114.10,0.78,-1,-1,-1
425,1,1285.17,359.01,233.09,184.50,0.87,-1,-1,-1
425,12,715.89,82.46,85.94,69.88,0.71,-1,-1,-1
425,13,681.54,92.15,48.69,50.37,0.52,-1,-1,-1
425,14,1318.39,143.26,247.30,116.97,0.84,-1,-1,-1
426,1,1284.82,358.99,233.64,184.52,0.87,-1,-1,-1
426,12,716.13,82.73,87.48,70.24,0.72,-1,-1,-1
426,14,1315.06,143.71,247.67,117.03,0.85,-1,-1,-1
427,1,1284.79,359.43,233.89,184.02,0.87,-1,-1,-1
427,12,716.76,83.58,86.93,70.14,0.69,-1,-1,-1
427,14,1313.52,143.71,245.40,119.43,0.88,-1,-1,-1
428,1,1284.54,360.89,234.82,181.57,0.87,-1,-1,-1
428,2,561.84,80.65,97.72,88.98,0.52,-1,-1,-1
428,12,716.62,84.23,87.42,71.11,0.77,-1,-1,-1
428,13,684.31,90.06,49.08,51.78,0.51,-1,-1,-1
428,14,1311.52,144.57,244.31,120.13,0.87,-1,-1,-1
429,1,1284.55,360.94,234.87,181.59,0.87,-1,-1,-1
429,2,562.04,80.86,97.50,88.54,0.53,-1,-1,-1
429,12,717.28,84.78,86.60,72.82,0.77,-1,-1,-1
429,14,1310.50,145.86,244.44,118.29,0.88,-1,-1,-1
430,1,1284.57,360.80,234.82,181.77,0.87,-1,-1,-1
430,2,561.87,80.96,97.59,88.52,0.53,-1,-1,-1
430,12,717.45,84.96,86.25,74.15,0.78,-1,-1,-1
430,14,1307.71,145.35,247.16,119.51,0.88,-1,-1,-1
431,1,1284.59,360.92,234.73,181.63,0.87,-1,-1,-1
431,2,561.97,79.69,97.44,89.39,0.54,-1,-1,-1
431,12,717.82,84.99,86.26,74.94,0.78,-1,-1,-1
431,13,688.43,88.82,46.37,51.13,0.55,-1,-1,-1
431,14,1306.25,145.12,247.54,119.77,0.88,-1,-1,-1
431,15,925.18,77.28,87.80,68.72,0.53,-1,-1,-1
432,1,1284.96,359.49,233.73,184.13,0.86,-1,-1,-1
432,2,562.84,79.61,96.93,89.33,0.58,-1,-1,-1
432,12,718.47,87.96,85.56,74.13,0.78,-1,-1,-1
432,13,688.72,89.42,48.75,53.17,0.52,-1,-1,-1
432,14,1306.19,145.59,246.90,119.61,0.89,-1,-1,-1
432,15,926.27,76.62,86.50,69.33,0.53,-1,-1,-1
433,1,1285.05,361.71,234.32,180.81,0.87,-1,-1,-1
433,2,561.86,84.42,97.97,84.91,0.59,-1,-1,-1
433,12,717.93,86.84,86.39,76.61,0.79,-1,-1,-1
433,14,1306.13,145.66,247.29,119.51,0.90,-1,-1,-1
433,15,925.91,77.16,87.96,69.06,0.51,-1,-1,-1
434,1,1285.02,361.52,234.49,181.36,0.86,-1,-1,-1
434,2,562.41,85.70,97.39,83.33,0.59,-1,-1,-1
434,12,715.15,88.83,88.61,76.45,0.77,-1,-1,-1
434,14,1306.57,145.69,246.14,119.39,0.90,-1,-1,-1
435,1,1285.17,361.36,234.28,181.42,0.87,-1,-1,-1
435,2,562.15,87.65,97.83,81.68,0.63,-1,-1,-1
435,12,714.50,89.58,89.03,76.81,0.77,-1,-1,-1
435,14,1305.35,145.92,248.47,119.12,0.90,-1,-1,-1
436,1,1284.55,361.63,234.87,181.23,0.86,-1,-1,-1
436,2,562.44,87.90,97.41,81.28,0.59,-1,-1,-1
436,12,714.69,93.75,87.97,73.12,0.79,-1,-1,-1
436,14,1306.77,145.96,246.11,119.40,0.90,-1,-1,-1
437,1,1284.68,360.62,234.57,182.37,0.85,-1,-1,-1
437,2,562.07,89.81,97.57,79.68,0.57,-1,-1,-1
437,12,713.29,95.09,89.67,73.12,0.77,-1,-1,-1
437,14,1307.00,145.87,246.82,119.59,0.89,-1,-1,-1
438,1,1284.68,360.63,234.64,182.83,0.84,-1,-1,-1
438,2,562.31,95.03,97.26,74.60,0.62,-1,-1,-1
438,12,711.60,94.83,89.73,75.05,0.79,-1,-1,-1
438,14,1306.96,145.92,246.25,119.35,0.88,-1,-1,-1
439,1,1284.61,360.73,234.74,182.71,0.84,-1,-1,-1
439,2,562.30,94.62,97.69,74.94,0.61,-1,-1,-1
439,12,709.98,96.30,90.38,74.46,0.79,-1,-1,-1
439,14,1307.06,145.80,246.66,119.45,0.88,-1,-1,-1
440,1,1284.58,360.77,234.78,182.66,0.84,-1,-1,-1
440,2,562.09,93.73,97.93,75.76,0.63,-1,-1,-1
440,12,708.05,95.49,92.84,77.08,0.80,-1,-1,-1
440,14,1306.94,145.69,246.65,119.49,0.88,-1,-1,-1
441,1,1284.60,360.77,234.77,182.63,0.84,-1,-1,-1
441,2,562.09,94.59,97.92,74.91,0.62,-1,-1,-1
441,12,707.65,97.43,93.22,76.78,0.77,-1,-1,-1
441,14,1306.92,145.62,246.74,119.55,0.88,-1,-1,-1
442,1,1284.08,360.83,235.50,183.35,0.85,-1,-1,-1
442,2,564.36,91.87,95.51,77.36,0.60,-1,-1,-1
442,12,707.41,97.65,93.07,78.76,0.79,-1,-1,-1
442,14,1305.67,145.97,248.12,118.69,0.88,-1,-1,-1
443,1,1284.13,360.78,235.46,183.29,0.86,-1,-1,-1
443,2,564.17,92.30,95.75,76.61,0.66,-1,-1,-1
443,12,704.16,93.83,93.55,84.56,0.78,-1,-1,-1
443,14,1305.69,146.01,248.08,118.46,0.88,-1,-1,-1
444,1,1284.10,361.82,235.58,182.22,0.86,-1,-1,-1
444,2,563.33,83.68,96.85,85.26,0.60,-1,-1,-1
444,12,704.48,98.16,92.16,80.50,0.73,-1,-1,-1
444,14,1306.00,145.98,247.71,118.12,0.88,-1,-1,-1
445,1,1284.10,361.23,235.52,183.05,0.86,-1,-1,-1
445,2,563.99,88.93,95.75,80.11,0.59,-1,-1,-1
445,12,701.83,96.13,94.08,84.99,0.73,-1,-1,-1
445,14,1305.48,146.25,247.79,117.63,0.88,-1,-1,-1
446,1,1284.21,361.35,235.43,183.01,0.86,-1,-1,-1
446,2,563.17,88.77,96.64,80.53,0.62,-1,-1,-1
446,12,701.02,91.81,95.29,91.12,0.74,-1,-1,-1
446,14,1306.35,145.85,247.23,118.98,0.87,-1,-1,-1
447,1,1284.20,361.30,235.29,183.08,0.86,-1,-1,-1
447,2,563.19,90.84,96.58,78.63,0.64,-1,-1,-1
447,12,700.51,93.77,93.94,91.37,0.77,-1,-1,-1
447,14,1305.47,146.26,248.04,117.75,0.88,-1,-1,-1
448,1,1284.66,361.38,234.84,182.91,0.86,-1,-1,-1
448,2,563.42,91.21,96.16,77.86,0.64,-1,-1,-1
448,12,698.09,104.78,96.82,81.70,0.80,-1,-1,-1
448,14,1305.56,146.03,248.11,118.11,0.89,-1,-1,-1
449,1,1285.05,360.20,233.72,184.91,0.87,-1,-1,-1
449,2,562.03,79.12,98.09,90.08,0.55,-1,-1,-1
449,12,698.15,102.56,95.79,86.37,0.77,-1,-1,-1
449,14,1305.49,146.12,248.11,118.02,0.89,-1,-1,-1
450,1,1284.94,359.96,233.84,185.19,0.86,-1,-1,-1
450,2,561.46,78.47,98.48,90.72,0.55,-1,-1,-1
450,12,696.81,100.03,97.90,90.82,0.77,-1,-1,-1
450,14,1304.84,145.89,248.38,118.38,0.90,-1,-1,-1
451,1,1284.81,359.94,234.07,185.27,0.86,-1,-1,-1
451,2,561.50,78.36,98.28,90.45,0.53,-1,-1,-1
451,12,695.98,104.96,97.46,87.94,0.72,-1,-1,-1
451,14,1304.60,145.85,248.57,118.19,0.89,-1,-1,-1
452,1,1284.70,360.23,234.31,184.07,0.87,-1,-1,-1
452,2,562.24,82.50,97.46,86.11,0.58,-1,-1,-1
452,12,695.93,113.07,95.76,80.83,0.74,-1,-1,-1
452,14,1304.64,145.95,248.51,118.12,0.89,-1,-1,-1
453,1,1284.42,359.96,234.70,184.22,0.87,-1,-1,-1
453,2,561.66,83.99,98.11,84.69,0.58,-1,-1,-1
453,12,694.36,119.75,96.92,75.72,0.75,-1,-1,-1
453,14,1304.91,145.99,248.28,118.19,0.90,-1,-1,-1
454,1,1284.46,359.97,234.70,184.21,0.87,-1,-1,-1
454,2,560.31,83.89,99.33,84.65,0.67,-1,-1,-1
454,12,693.07,119.25,98.22,78.96,0.79,-1,-1,-1
454,14,1304.96,145.94,248.32,118.07,0.89,-1,-1,-1
455,1,1284.54,360.10,234.66,184.04,0.87,-1,-1,-1
455,2,560.85,90.05,99.00,78.29,0.70,-1,-1,-1
455,12,689.91,120.40,103.07,82.13,0.80,-1,-1,-1
455,14,1304.82,145.83,248.47,118.17,0.89,-1,-1,-1
456,1,1284.74,360.48,234.47,184.15,0.86,-1,-1,-1
456,2,561.77,89.49,98.34,78.90,0.65,-1,-1,-1
456,12,689.16,121.37,102.48,82.67,0.81,-1,-1,-1
456,14,1304.96,145.98,248.35,117.82,0.89,-1,-1,-1
457,1,1284.78,360.96,233.90,183.74,0.87,-1,-1,-1
457,2,562.61,91.24,97.45,76.91,0.62,-1,-1,-1
457,12,688.68,122.43,102.73,83.58,0.81,-1,-1,-1
457,13,708.36,81.45,78.08,60.37,0.52,-1,-1,-1
457,14,1304.92,145.99,248.20,118.07,0.89,-1,-1,-1
458,1,1284.42,360.95,234.00,184.07,0.87,-1,-1,-1
458,2,562.68,93.98,97.48,75.19,0.64,-1,-1,-1
458,12,687.72,122.28,103.89,85.58,0.82,-1,-1,-1
458,13,711.92,80.39,72.36,51.74,0.55,-1,-1,-1
458,14,1305.03,145.97,248.44,117.95,0.89,-1,-1,-1
459,1,1284.95,361.03,233.71,183.54,0.87,-1,-1,-1
459,2,562.82,87.67,97.72,81.59,0.64,-1,-1,-1
459,12,688.16,123.14,102.45,87.04,0.83,-1,-1,-1
459,13,709.90,81.22,76.89,52.72,0.66,-1,-1,-1
459,14,1306.04,145.31,248.17,119.37,0.89,-1,-1,-1
460,1,1285.19,361.00,233.60,183.15,0.88,-1,-1,-1
460,2,562.44,83.64,98.09,85.57,0.58,-1,-1,-1
460,12,687.31,126.45,104.11,86.27,0.83,-1,-1,-1
460,13,705.29,83.27,84.11,67.94,0.58,-1,-1,-1
460,14,1305.98,145.39,248.16,119.46,0.89,-1,-1,-1
461,1,1285.39,360.83,233.45,183.22,0.88,-1,-1,-1
461,2,562.62,85.09,98.05,84.22,0.56,-1,-1,-1
461,12,686.63,128.79,105.55,85.61,0.83,-1,-1,-1
461,14,1305.92,145.75,248.22,119.04,0.89,-1,-1,-1
462,1,1285.44,360.91,233.41,183.09,0.88,-1,-1,-1
462,2,562.15,85.72,98.19,83.36,0.55,-1,-1,-1
462,12,684.23,130.18,107.24,86.35,0.84,-1,-1,-1
462,13,707.79,82.00,79.89,66.72,0.58,-1,-1,-1
462,14,1305.97,145.68,248.15,119.01,0.89,-1,-1,-1
463,1,1285.39,361.20,233.44,182.82,0.88,-1,-1,-1
463,2,562.35,81.57,97.94,87.09,0.51,-1,-1,-1
463,12,682.94,131.37,108.65,87.89,0.83,-1,-1,-1
463,13,708.02,77.71,82.20,69.76,0.67,-1,-1,-1
463,14,1305.82,145.52,248.28,119.15,0.89,-1,-1,-1
464,1,1285.40,360.96,233.46,183.04,0.88,-1,-1,-1
464,2,562.57,83.59,97.60,84.95,0.51,-1,-1,-1
464,12,681.72,133.45,110.70,87.80,0.85,-1,-1,-1
464,13,707.61,80.15,82.15,65.96,0.74,-1,-1,-1
464,14,1305.90,145.52,248.23,119.17,0.89,-1,-1,-1
465,1,1285.45,360.67,233.44,183.20,0.88,-1,-1,-1
465,12,681.73,134.72,110.70,89.14,0.85,-1,-1,-1
465,13,708.04,79.61,81.53,64.51,0.75,-1,-1,-1
465,14,1306.20,145.50,247.89,119.17,0.88,-1,-1,-1
466,1,1285.48,360.68,233.48,183.42,0.88,-1,-1,-1
466,12,681.03,135.40,110.60,91.44,0.84,-1,-1,-1
466,13,707.99,81.72,81.78,61.69,0.72,-1,-1,-1
466,14,1306.34,145.46,247.75,119.14,0.88,-1,-1,-1
466,16,793.02,58.48,39.74,28.01,0.54,-1,-1,-1
467,1,1285.66,360.84,233.23,183.44,0.88,-1,-1,-1
467,2,562.34,83.31,97.72,85.46,0.51,-1,-1,-1
467,12,679.88,137.05,111.67,91.86,0.85,-1,-1,-1
467,13,707.13,81.62,83.12,60.53,0.71,-1,-1,-1
467,14,1306.07,145.42,247.99,119.31,0.89,-1,-1,-1
468,1,1285.72,361.00,233.12,183.32,0.88,-1,-1,-1
468,2,562.94,84.50,97.29,84.01,0.51,-1,-1,-1
468,12,678.87,139.58,112.37,91.68,0.83,-1,-1,-1
468,13,706.98,81.36,83.05,61.45,0.69,-1,-1,-1
468,14,1306.77,145.54,246.37,119.03,0.89,-1,-1,-1
469,1,1285.46,360.89,233.39,183.67,0.88,-1,-1,-1
469,2,563.10,87.75,96.31,80.78,0.55,-1,-1,-1
469,12,677.79,139.52,115.20,94.42,0.81,-1,-1,-1
469,13,706.93,81.16,83.64,63.20,0.73,-1,-1,-1
469,14,1305.35,145.97,248.43,118.35,0.89,-1,-1,-1
470,1,1285.47,360.85,233.56,183.64,0.88,-1,-1,-1
470,2,562.28,86.80,97.20,81.87,0.58,-1,-1,-1
470,12,676.76,143.58,116.99,94.45,0.81,-1,-1,-1
470,13,706.57,81.08,83.82,65.00,0.75,-1,-1,-1
470,14,1306.65,145.45,246.54,118.93,0.89,-1,-1,-1
471,1,1285.41,360.17,233.55,183.72,0.88,-1,-1,-1
471,2,562.65,81.97,96.56,86.30,0.54,-1,-1,-1
471,12,675.80,144.65,118.42,95.23,0.79,-1,-1,-1
471,13,706.66,79.32,83.86,66.61,0.72,-1,-1,-1
471,14,1306.78,145.65,246.44,118.68,0.89,-1,-1,-1
472,1,1285.62,359.14,233.36,184.88,0.88,-1,-1,-1
472,2,562.67,80.41,96.58,87.94,0.56,-1,-1,-1
472,12,676.67,145.09,118.15,96.22,0.81,-1,-1,-1
472,13,706.58,80.09,84.22,65.43,0.74,-1,-1,-1
472,14,1305.88,145.15,248.09,119.36,0.88,-1,-1,-1
473,1,1285.46,359.07,233.43,184.96,0.88,-1,-1,-1
473,2,562.59,80.35,96.84,88.03,0.55,-1,-1,-1
473,12,674.93,148.03,118.72,96.60,0.82,-1,-1,-1
473,13,704.85,79.94,88.09,68.54,0.76,-1,-1,-1
473,14,1305.09,145.83,248.48,117.97,0.89,-1,-1,-1
474,1,1285.38,359.13,233.36,184.92,0.88,-1,-1,-1
474,2,562.47,80.17,96.72,88.04,0.54,-1,-1,-1
474,12,674.84,149.06,119.77,97.70,0.84,-1,-1,-1
474,13,705.53,79.98,87.50,70.68,0.72,-1,-1,-1
474,14,1305.08,145.85,248.46,118.33,0.89,-1,-1,-1
475,1,1285.37,359.06,233.30,184.88,0.88,-1,-1,-1
475,2,562.24,79.02,96.98,88.94,0.58,-1,-1,-1
475,12,673.21,148.96,120.77,100.67,0.87,-1,-1,-1
475,13,705.26,79.76,88.41,71.14,0.73,-1,-1,-1
475,14,1304.94,145.88,248.62,118.30,0.89,-1,-1,-1
476,1,1285.13,359.42,233.89,184.60,0.88,-1,-1,-1
476,2,562.27,81.10,96.48,86.54,0.63,-1,-1,-1
476,12,674.58,153.29,118.74,100.72,0.88,-1,-1,-1
476,13,704.89,82.66,87.37,68.09,0.75,-1,-1,-1
476,14,1305.82,145.46,247.90,118.97,0.87,-1,-1,-1
477,1,1285.05,359.49,233.99,184.63,0.88,-1,-1,-1
477,2,561.98,79.86,97.16,88.32,0.63,-1,-1,-1
477,12,674.34,153.95,119.69,103.47,0.88,-1,-1,-1
477,13,704.01,82.54,89.78,70.75,0.71,-1,-1,-1
477,14,1305.85,145.43,247.95,119.08,0.87,-1,-1,-1
478,1,1284.73,360.46,234.15,184.45,0.87,-1,-1,-1
478,2,561.79,80.80,97.51,87.44,0.57,-1,-1,-1
478,12,673.81,156.10,120.58,104.50,0.87,-1,-1,-1
478,13,705.05,82.83,88.25,71.31,0.78,-1,-1,-1
478,14,1305.73,146.20,247.92,118.25,0.89,-1,-1,-1
479,1,1284.83,360.39,234.16,184.27,0.87,-1,-1,-1
479,12,673.21,157.18,121.91,107.14,0.88,-1,-1,-1
479,13,706.33,83.55,87.95,70.81,0.78,-1,-1,-1
479,14,1305.96,146.18,247.52,118.36,0.89,-1,-1,-1
480,1,1285.18,360.49,233.68,184.03,0.87,-1,-1,-1
480,2,561.94,82.06,97.89,86.30,0.53,-1,-1,-1
480,12,673.96,160.50,121.71,105.71,0.88,-1,-1,-1
480,13,706.19,85.25,88.43,70.13,0.78,-1,-1,-1
480,14,1305.97,146.35,247.49,118.04,0.88,-1,-1,-1
481,1,1285.06,361.63,234.71,181.49,0.86,-1,-1,-1
481,12,672.55,163.15,124.12,106.41,0.87,-1,-1,-1
481,13,705.85,86.03,88.69,70.81,0.80,-1,-1,-1
481,14,1306.56,145.91,247.18,119.08,0.88,-1,-1,-1
482,1,1285.52,360.53,234.06,183.82,0.86,-1,-1,-1
482,2,561.70,83.00,98.95,86.23,0.53,-1,-1,-1
482,12,671.43,166.79,124.81,107.25,0.88,-1,-1,-1
482,13,705.23,88.34,89.61,69.56,0.80,-1,-1,-1
482,14,1306.79,145.93,247.07,119.36,0.88,-1,-1,-1
483,1,1285.71,360.59,233.61,184.00,0.86,-1,-1,-1
483,2,561.96,88.00,98.79,81.09,0.57,-1,-1,-1
483,12,671.08,169.60,125.92,107.23,0.90,-1,-1,-1
483,13,706.50,89.08,87.79,69.83,0.81,-1,-1,-1
483,14,1306.54,145.84,247.34,119.13,0.88,-1,-1,-1
484,1,1285.62,360.78,233.68,183.79,0.87,-1,-1,-1
484,2,561.76,83.58,98.89,85.49,0.51,-1,-1,-1
484,12,671.39,172.71,125.94,106.31,0.89,-1,-1,-1
484,13,706.07,89.26,89.42,71.93,0.80,-1,-1,-1
484,14,1306.47,145.85,247.42,119.23,0.88,-1,-1,-1
485,1,1285.67,360.83,233.61,183.70,0.86,-1,-1,-1
485,2,562.47,87.32,97.99,81.30,0.55,-1,-1,-1
485,12,669.47,173.84,127.71,106.55,0.89,-1,-1,-1
485,13,705.96,92.77,89.22,71.46,0.82,-1,-1,-1
485,14,1306.48,145.84,247.48,119.33,0.88,-1,-1,-1
486,1,1285.85,361.01,233.49,183.52,0.87,-1,-1,-1
486,2,562.09,88.89,98.03,79.98,0.56,-1,-1,-1
486,12,666.78,174.69,130.88,110.41,0.87,-1,-1,-1
486,13,706.46,94.34,90.02,71.65,0.80,-1,-1,-1
486,14,1306.42,145.77,247.94,119.28,0.88,-1,-1,-1
487,1,1285.13,361.52,234.92,182.10,0.85,-1,-1,-1
487,2,563.09,89.04,96.67,79.60,0.60,-1,-1,-1
487,12,665.77,178.54,131.37,109.29,0.86,-1,-1,-1
487,13,704.85,94.82,92.04,72.84,0.86,-1,-1,-1
487,14,1306.38,145.55,248.06,119.74,0.88,-1,-1,-1
488,1,1285.08,361.41,234.93,182.23,0.86,-1,-1,-1
488,2,563.34,90.30,96.31,78.43,0.55,-1,-1,-1
488,12,663.23,179.30,135.14,112.18,0.86,-1,-1,-1
488,13,704.63,96.58,91.70,72.41,0.84,-1,-1,-1
488,14,1306.38,145.72,247.82,119.48,0.87,-1,-1,-1
489,1,1285.47,360.71,233.61,183.18,0.87,-1,-1,-1
489,2,563.10,86.72,96.58,81.85,0.60,-1,-1,-1
489,12,660.98,178.07,138.11,117.55,0.87,-1,-1,-1
489,13,702.65,96.63,93.23,73.50,0.83,-1,-1,-1
489,14,1306.41,145.41,247.98,119.62,0.87,-1,-1,-1
490,1,1285.75,360.52,233.42,183.51,0.87,-1,-1,-1
490,2,562.83,88.39,96.68,80.17,0.61,-1,-1,-1
490,12,660.01,181.24,139.79,118.16,0.86,-1,-1,-1
490,13,701.14,95.86,95.62,76.30,0.82,-1,-1,-1
490,14,1306.20,145.73,248.06,119.61,0.88,-1,-1,-1
491,1,1285.44,359.88,233.73,184.16,0.87,-1,-1,-1
491,2,562.98,88.46,96.37,80.11,0.63,-1,-1,-1
491,12,661.74,187.25,137.73,116.83,0.85,-1,-1,-1
491,13,700.72,99.46,97.25,74.86,0.83,-1,-1,-1
491,14,1306.37,145.79,247.91,119.47,0.88,-1,-1,-1
492,1,1285.50,359.91,233.72,184.07,0.87,-1,-1,-1
492,2,563.20,88.70,96.33,79.78,0.60,-1,-1,-1
492,12,659.07,191.68,140.52,116.05,0.88,-1,-1,-1
492,13,700.99,98.42,95.94,77.11,0.77,-1,-1,-1
492,14,1306.49,145.83,247.78,119.55,0.88,-1,-1,-1
493,1,1285.55,361.63,233.58,182.12,0.87,-1,-1,-1
493,2,562.46,88.75,97.71,80.13,0.66,-1,-1,-1
493,12,657.00,194.59,142.46,116.22,0.87,-1,-1,-1
493,13,699.21,100.73,97.56,75.71,0.81,-1,-1,-1
493,14,1306.34,145.69,247.71,119.61,0.88,-1,-1,-1
494,1,1284.84,361.11,234.15,182.76,0.87,-1,-1,-1
494,2,562.67,81.52,97.53,87.07,0.68,-1,-1,-1
494,12,657.47,197.72,143.01,117.27,0.87,-1,-1,-1
494,13,698.20,100.76,96.88,78.05,0.81,-1,-1,-1
494,14,1305.47,146.16,248.14,118.38,0.89,-1,-1,-1
495,1,1284.87,360.49,234.12,183.03,0.87,-1,-1,-1
495,2,562.57,83.59,97.86,84.93,0.70,-1,-1,-1
495,12,655.68,201.14,145.37,119.37,0.86,-1,-1,-1
495,13,697.35,103.05,97.97,78.74,0.84,-1,-1,-1
495,14,1305.41,145.88,248.24,118.56,0.89,-1,-1,-1
496,1,1284.79,360.67,234.18,182.75,0.87,-1,-1,-1
496,2,562.49,82.63,97.72,86.14,0.66,-1,-1,-1
496,12,653.00,203.10,146.63,121.90,0.87,-1,-1,-1
496,13,696.35,104.75,97.53,79.09,0.79,-1,-1,-1
496,14,1305.60,145.89,248.09,118.54,0.89,-1,-1,-1
497,1,1284.79,360.37,234.31,183.20,0.88,-1,-1,-1
497,2,562.39,82.01,97.73,86.74,0.67,-1,-1,-1
497,12,651.39,204.39,148.57,124.28,0.86,-1,-1,-1
497,13,695.66,107.77,97.63,79.14,0.81,-1,-1,-1
497,14,1305.74,145.73,247.77,118.57,0.89,-1,-1,-1
498,1,1284.73,360.16,234.33,183.33,0.88,-1,-1,-1
498,2,562.24,81.02,97.34,87.63,0.70,-1,-1,-1
498,12,650.09,207.44,149.08,124.72,0.89,-1,-1,-1
498,13,694.06,107.02,99.33,82.61,0.84,-1,-1,-1
498,14,1305.70,145.76,247.67,118.87,0.89,-1,-1,-1
499,1,1284.69,360.19,234.42,183.51,0.88,-1,-1,-1
499,2,562.54,81.38,96.89,86.88,0.69,-1,-1,-1
499,12,648.29,211.91,151.70,124.58,0.88,-1,-1,-1
499,13,692.19,108.75,101.53,82.72,0.85,-1,-1,-1
499,14,1305.40,145.71,248.07,118.83,0.89,-1,-1,-1
500,1,1284.60,360.42,234.43,183.25,0.88,-1,-1,-1
500,2,562.69,82.10,96.67,86.29,0.68,-1,-1,-1
500,12,649.41,216.56,154.23,125.09,0.86,-1,-1,-1
500,13,693.05,111.87,99.31,81.80,0.84,-1,-1,-1
500,14,1305.49,145.64,248.08,118.95,0.89,-1,-1,-1
501,1,1284.89,360.44,234.24,183.27,0.87,-1,-1,-1
501,2,561.55,82.17,97.25,85.91,0.71,-1,-1,-1
501,12,648.14,219.58,156.17,126.99,0.88,-1,-1,-1
501,13,690.90,113.49,100.50,81.86,0.84,-1,-1,-1
501,14,1305.90,145.72,247.65,118.90,0.88,-1,-1,-1
502,1,1284.63,361.67,235.18,181.13,0.87,-1,-1,-1
502,2,561.63,82.60,97.63,85.49,0.70,-1,-1,-1
502,12,648.43,223.92,156.98,127.15,0.88,-1,-1,-1
502,13,689.68,115.17,101.50,82.29,0.84,-1,-1,-1
502,14,1306.47,145.03,247.52,119.71,0.88,-1,-1,-1
503,1,1285.08,361.82,234.64,180.79,0.87,-1,-1,-1
503,2,560.95,81.69,98.67,86.81,0.67,-1,-1,-1
503,12,644.75,226.75,161.98,130.55,0.87,-1,-1,-1
503,13,688.65,117.93,102.53,82.14,0.86,-1,-1,-1
503,14,1305.95,145.92,247.77,118.71,0.88,-1,-1,-1
504,1,1285.65,360.94,233.33,182.86,0.87,-1,-1,-1
504,2,561.64,80.42,98.25,87.98,0.67,-1,-1,-1
504,12,642.81,229.35,164.50,131.50,0.87,-1,-1,-1
504,13,688.31,122.20,102.65,80.62,0.86,-1,-1,-1
504,14,1306.43,145.46,248.28,119.10,0.88,-1,-1,-1
505,1,1285.38,361.60,234.42,181.63,0.86,-1,-1,-1
505,2,562.67,84.80,96.90,83.68,0.65,-1,-1,-1
505,12,644.23,231.88,163.45,134.41,0.88,-1,-1,-1
505,13,685.86,122.74,104.60,81.95,0.86,-1,-1,-1
505,14,1305.93,145.36,248.69,119.75,0.88,-1,-1,-1
506,1,1285.21,360.86,234.34,182.74,0.85,-1,-1,-1
506,2,563.79,93.17,95.74,74.89,0.60,-1,-1,-1
506,12,643.25,235.87,164.53,134.53,0.87,-1,-1,-1
506,13,684.36,125.60,104.45,83.06,0.83,-1,-1,-1
506,14,1305.93,145.56,248.02,119.41,0.88,-1,-1,-1
507,1,1285.25,360.93,234.25,182.65,0.85,-1,-1,-1
507,2,563.69,92.77,95.83,75.39,0.63,-1,-1,-1
507,12,638.97,238.49,169.18,136.61,0.86,-1,-1,-1
507,13,681.43,126.53,107.11,85.33,0.84,-1,-1,-1
507,14,1305.88,145.58,248.07,119.38,0.88,-1,-1,-1
508,1,1285.28,360.79,234.22,182.76,0.85,-1,-1,-1
508,2,563.40,92.50,96.11,75.50,0.61,-1,-1,-1
508,12,638.83,242.08,170.95,136.37,0.86,-1,-1,-1
508,13,681.04,130.54,107.02,83.75,0.85,-1,-1,-1
508,14,1305.86,145.60,248.11,119.29,0.88,-1,-1,-1
509,1,1285.34,360.88,234.10,182.63,0.85,-1,-1,-1
509,2,563.57,92.40,95.48,75.33,0.58,-1,-1,-1
509,12,637.70,246.50,172.92,137.28,0.84,-1,-1,-1
509,13,679.90,130.27,108.04,86.98,0.86,-1,-1,-1
509,14,1305.91,145.49,248.07,119.52,0.88,-1,-1,-1
510,1,1285.21,360.73,234.05,182.81,0.85,-1,-1,-1
510,2,563.06,92.61,95.85,75.29,0.59,-1,-1,-1
510,12,636.58,251.00,174.18,136.62,0.86,-1,-1,-1
510,13,678.67,134.12,109.19,84.53,0.85,-1,-1,-1
510,14,1306.30,145.29,247.85,119.71,0.88,-1,-1,-1
511,1,1285.14,359.83,233.50,184.19,0.86,-1,-1,-1
511,2,561.40,89.10,97.40,78.93,0.60,-1,-1,-1
511,12,635.02,252.05,177.13,140.42,0.86,-1,-1,-1
511,13,677.96,136.11,109.51,84.25,0.85,-1,-1,-1
511,14,1304.99,145.95,248.60,118.30,0.89,-1,-1,-1
512,1,1285.26,360.41,234.19,182.19,0.86,-1,-1,-1
512,2,561.48,87.40,97.43,80.81,0.60,-1,-1,-1
512,12,635.37,254.49,178.65,143.28,0.88,-1,-1,-1
512,13,676.33,137.25,110.81,85.95,0.85,-1,-1,-1
512,14,1305.50,145.48,248.32,119.17,0.88,-1,-1,-1
513,1,1285.24,361.10,234.34,181.71,0.86,-1,-1,-1
513,2,561.27,83.41,97.70,84.61,0.56,-1,-1,-1
513,12,635.55,257.88,179.49,146.01,0.90,-1,-1,-1
513,13,675.55,138.44,111.83,88.22,0.86,-1,-1,-1
513,14,1304.67,145.90,248.74,118.26,0.88,-1,-1,-1
514,1,1285.33,361.04,234.22,181.64,0.86,-1,-1,-1
514,2,561.57,84.53,97.32,83.42,0.61,-1,-1,-1
514,12,632.97,261.90,184.60,146.69,0.91,-1,-1,-1
514,13,675.31,140.05,112.11,88.44,0.84,-1,-1,-1
514,14,1304.70,145.82,248.55,118.43,0.89,-1,-1,-1
515,1,1285.10,360.72,234.32,181.86,0.86,-1,-1,-1
515,2,560.91,84.55,98.30,83.60,0.62,-1,-1,-1
515,12,631.96,264.17,185.11,149.69,0.90,-1,-1,-1
515,13,674.27,140.98,113.33,90.17,0.83,-1,-1,-1
515,14,1304.82,145.68,248.44,118.53,0.89,-1,-1,-1
516,1,1285.23,360.75,234.57,181.84,0.86,-1,-1,-1
516,2,560.24,79.88,98.77,88.23,0.61,-1,-1,-1
516,12,629.26,269.55,192.31,149.35,0.88,-1,-1,-1
516,13,673.69,142.44,114.30,93.16,0.82,-1,-1,-1
516,14,1304.68,145.76,248.60,117.98,0.88,-1,-1,-1
517,1,1284.37,359.97,235.37,182.61,0.86,-1,-1,-1
517,2,557.30,78.90,101.96,89.51,0.63,-1,-1,-1
517,12,628.76,273.06,194.22,152.74,0.90,-1,-1,-1
517,13,672.47,144.11,115.33,94.33,0.87,-1,-1,-1
517,14,1304.41,146.04,248.65,117.50,0.88,-1,-1,-1
518,1,1284.30,359.90,235.42,182.70,0.86,-1,-1,-1
518,2,557.89,79.97,101.38,88.60,0.63,-1,-1,-1
518,12,627.23,276.54,194.93,156.44,0.89,-1,-1,-1
518,13,672.64,145.35,115.70,95.02,0.87,-1,-1,-1
518,14,1304.45,145.83,248.69,117.69,0.88,-1,-1,-1
519,1,1284.35,359.89,235.43,182.76,0.86,-1,-1,-1
519,2,557.93,80.32,101.14,87.93,0.61,-1,-1,-1
519,12,624.99,280.63,197.38,159.93,0.89,-1,-1,-1
519,13,671.32,147.30,117.83,96.10,0.87,-1,-1,-1
519,14,1304.45,145.88,248.68,117.84,0.88,-1,-1,-1
520,1,1284.32,360.06,235.46,182.61,0.86,-1,-1,-1
520,2,557.99,80.62,100.89,87.99,0.63,-1,-1,-1
520,12,624.73,286.92,200.15,159.75,0.89,-1,-1,-1
520,13,670.04,148.68,119.15,97.73,0.86,-1,-1,-1
520,14,1304.35,145.97,248.84,117.66,0.88,-1,-1,-1
521,1,1284.52,359.53,235.45,183.14,0.87,-1,-1,-1
521,2,558.61,79.62,100.36,88.99,0.65,-1,-1,-1
521,12,623.63,292.68,199.40,163.47,0.90,-1,-1,-1
521,13,668.42,151.54,121.92,98.04,0.84,-1,-1,-1
521,14,1304.16,145.26,248.83,117.97,0.87,-1,-1,-1
522,1,1284.36,358.88,235.68,183.74,0.86,-1,-1,-1
522,2,558.29,78.56,100.56,89.91,0.63,-1,-1,-1
522,12,622.53,299.72,203.82,165.51,0.90,-1,-1,-1
522,13,670.28,154.36,119.94,98.27,0.83,-1,-1,-1
522,14,1304.60,145.40,247.83,117.98,0.86,-1,-1,-1
523,1,1284.19,358.60,235.83,184.04,0.85,-1,-1,-1
523,2,558.56,78.69,100.51,89.86,0.59,-1,-1,-1
523,12,617.09,304.88,208.73,169.56,0.90,-1,-1,-1
523,13,669.83,157.12,121.13,100.14,0.80,-1,-1,-1
523,14,1304.96,145.44,247.72,118.23,0.86,-1,-1,-1
524,1,1284.73,358.55,234.51,185.12,0.86,-1,-1,-1
524,2,558.37,81.11,100.63,87.75,0.58,-1,-1,-1
524,12,617.11,313.68,210.75,169.61,0.89,-1,-1,-1
524,13,668.89,160.76,123.63,101.53,0.82,-1,-1,-1
524,14,1305.60,144.40,247.18,119.70,0.88,-1,-1,-1
525,1,1284.99,358.98,234.20,184.43,0.86,-1,-1,-1
525,2,559.25,80.70,99.89,87.95,0.56,-1,-1,-1
525,12,616.33,321.54,211.46,172.03,0.90,-1,-1,-1
525,13,667.26,163.70,124.40,101.59,0.84,-1,-1,-1
525,14,1305.66,144.36,246.83,120.01,0.87,-1,-1,-1
526,1,1284.30,360.18,235.25,182.21,0.87,-1,-1,-1
526,2,561.24,84.89,98.83,83.39,0.59,-1,-1,-1
526,12,612.48,328.70,215.39,175.64,0.90,-1,-1,-1
526,13,668.42,165.78,122.90,101.14,0.85,-1,-1,-1
526,14,1305.02,145.68,247.23,118.95,0.88,-1,-1,-1
527,1,1284.31,358.84,235.00,183.65,0.87,-1,-1,-1
527,2,561.23,85.06,99.01,83.35,0.59,-1,-1,-1
527,12,610.81,335.75,216.66,178.50,0.90,-1,-1,-1
527,13,666.65,169.50,125.68,102.80,0.84,-1,-1,-1
527,14,1305.05,145.47,247.28,119.19,0.90,-1,-1,-1
528,1,1284.18,360.28,235.11,182.26,0.87,-1,-1,-1
528,2,561.42,85.95,98.69,82.68,0.59,-1,-1,-1
528,12,607.35,344.75,222.26,181.27,0.90,-1,-1,-1
528,13,665.90,171.95,127.81,103.85,0.85,-1,-1,-1
528,14,1304.48,145.86,247.56,118.83,0.90,-1,-1,-1
529,1,1284.24,362.46,234.99,180.73,0.87,-1,-1,-1
529,2,561.50,86.18,98.64,82.39,0.58,-1,-1,-1
529,12,604.78,353.36,225.22,184.94,0.90,-1,-1,-1
529,13,666.92,173.59,126.26,103.98,0.84,-1,-1,-1
529,14,1302.75,146.27,248.84,117.91,0.88,-1,-1,-1
530,1,1284.22,362.31,234.69,180.64,0.87,-1,-1,-1
530,2,562.50,88.00,97.63,80.65,0.57,-1,-1,-1
530,12,599.80,362.82,231.42,187.41,0.90,-1,-1,-1
530,13,663.31,176.77,131.13,103.99,0.82,-1,-1,-1
530,14,1302.07,146.57,248.98,117.77,0.89,-1,-1,-1
531,1,1284.12,361.93,234.81,181.60,0.87,-1,-1,-1
531,2,561.48,90.18,98.79,78.91,0.54,-1,-1,-1
531,12,599.84,371.40,231.38,189.23,0.90,-1,-1,-1
531,13,662.30,179.93,134.35,104.10,0.83,-1,-1,-1
531,14,1300.59,146.82,248.98,116.80,0.88,-1,-1,-1
532,1,1284.15,361.83,234.81,181.46,0.86,-1,-1,-1
532,2,561.97,91.06,98.20,78.07,0.54,-1,-1,-1
532,12,595.50,380.61,236.22,190.87,0.91,-1,-1,-1
532,13,663.94,181.32,133.22,107.20,0.84,-1,-1,-1
532,14,1300.24,146.78,248.72,117.94,0.87,-1,-1,-1
533,1,1283.75,362.13,235.26,181.13,0.86,-1,-1,-1
533,2,561.69,90.66,98.45,78.71,0.56,-1,-1,-1
533,12,587.96,389.85,243.34,196.03,0.90,-1,-1,-1
533,13,661.25,183.28,137.30,107.65,0.83,-1,-1,-1
533,14,1299.24,148.13,247.80,116.94,0.86,-1,-1,-1
534,1,1283.74,362.05,235.30,181.18,0.86,-1,-1,-1
534,2,561.60,89.95,98.76,79.52,0.56,-1,-1,-1
534,12,586.93,399.78,246.17,195.99,0.91,-1,-1,-1
534,13,661.84,184.93,138.46,110.73,0.87,-1,-1,-1
534,14,1296.46,149.99,247.71,114.52,0.87,-1,-1,-1
535,1,1283.82,362.03,235.15,181.23,0.86,-1,-1,-1
535,2,561.49,88.48,99.08,80.80,0.59,-1,-1,-1
535,12,585.77,409.41,246.75,199.31,0.91,-1,-1,-1
535,13,658.72,187.38,142.16,112.65,0.87,-1,-1,-1
535,14,1293.19,148.60,249.06,116.87,0.85,-1,-1,-1
536,1,1285.84,362.04,233.06,181.70,0.86,-1,-1,-1
536,2,562.82,90.29,97.72,79.13,0.57,-1,-1,-1
536,12,583.94,419.88,249.04,204.64,0.90,-1,-1,-1
536,13,658.00,192.05,145.66,112.60,0.87,-1,-1,-1
536,14,1289.50,150.54,248.50,115.48,0.87,-1,-1,-1
537,1,1285.88,362.20,233.09,181.59,0.86,-1,-1,-1
537,2,563.04,90.18,97.39,79.14,0.54,-1,-1,-1
537,12,578.43,426.95,255.05,209.05,0.91,-1,-1,-1
537,13,659.89,194.83,143.63,114.70,0.85,-1,-1,-1
537,14,1282.90,150.97,251.25,115.70,0.88,-1,-1,-1
538,1,1285.85,362.41,233.27,180.87,0.86,-1,-1,-1
538,2,562.54,88.11,97.99,81.02,0.52,-1,-1,-1
538,12,576.30,439.53,256.93,211.81,0.92,-1,-1,-1
538,13,662.69,196.85,140.79,116.35,0.83,-1,-1,-1
538,14,1277.80,152.54,251.19,113.68,0.86,-1,-1,-1
539,1,1285.72,362.29,233.39,180.67,0.85,-1,-1,-1
539,2,563.23,83.63,97.17,85.14,0.56,-1,-1,-1
539,12,570.49,450.90,262.34,213.05,0.91,-1,-1,-1
539,13,661.30,199.39,144.52,118.00,0.88,-1,-1,-1
539,14,1271.96,152.35,250.61,114.44,0.86,-1,-1,-1
540,1,1285.34,361.37,233.88,181.37,0.85,-1,-1,-1
540,2,562.83,82.18,97.38,86.42,0.59,-1,-1,-1
540,12,564.33,462.41,268.71,219.49,0.91,-1,-1,-1
540,13,657.21,203.50,148.31,118.41,0.88,-1,-1,-1
540,14,1263.17,154.00,250.08,113.02,0.87,-1,-1,-1
541,1,1285.63,362.07,233.63,181.33,0.86,-1,-1,-1
541,2,561.56,82.43,98.77,87.11,0.57,-1,-1,-1
541,12,559.71,471.90,272.37,224.95,0.92,-1,-1,-1
541,13,657.04,203.38,152.25,122.90,0.87,-1,-1,-1
541,14,1254.83,154.68,251.97,113.08,0.85,-1,-1,-1
542,1,1285.63,362.10,233.58,181.33,0.86,-1,-1,-1
542,2,561.05,82.01,99.37,87.71,0.59,-1,-1,-1
542,12,554.04,485.21,275.04,227.46,0.91,-1,-1,-1
542,13,657.78,206.33,152.98,125.63,0.85,-1,-1,-1
542,14,1291.89,156.16,204.84,108.99,0.78,-1,-1,-1
542,17,1244.86,202.00,91.60,67.30,0.62,-1,-1,-1
543,1,1285.59,361.52,233.83,182.14,0.85,-1,-1,-1
543,2,561.06,82.35,99.17,87.46,0.58,-1,-1,-1
543,12,547.28,500.23,281.61,230.84,0.90,-1,-1,-1
543,13,652.63,212.77,162.40,123.90,0.86,-1,-1,-1
543,14,1280.66,158.07,207.12,105.54,0.80,-1,-1,-1
543,17,1234.80,200.97,103.05,69.71,0.66,-1,-1,-1
544,1,1285.58,361.41,233.82,181.98,0.84,-1,-1,-1
544,2,561.32,82.40,98.95,87.08,0.60,-1,-1,-1
544,12,539.95,513.63,285.54,236.38,0.92,-1,-1,-1
544,13,652.43,215.66,163.37,125.92,0.87,-1,-1,-1
544,14,1225.88,158.37,251.41,111.94,0.77,-1,-1,-1
545,1,1285.64,361.06,233.82,182.39,0.84,-1,-1,-1
545,2,561.76,82.33,98.45,87.09,0.60,-1,-1,-1
545,12,535.35,527.00,290.14,242.06,0.91,-1,-1,-1
545,13,653.36,219.81,164.07,126.55,0.86,-1,-1,-1
545,14,1213.20,158.36,253.82,112.88,0.90,-1,-1,-1
546,1,1284.16,360.57,235.31,182.10,0.86,-1,-1,-1
546,2,561.01,80.68,99.72,89.15,0.67,-1,-1,-1
546,12,525.76,544.14,294.75,244.22,0.91,-1,-1,-1
546,13,654.84,221.52,166.41,130.13,0.86,-1,-1,-1
546,14,1200.07,163.22,252.18,109.72,0.86,-1,-1,-1
547,1,1284.20,360.54,235.23,182.04,0.85,-1,-1,-1
547,2,561.13,80.80,99.58,88.88,0.69,-1,-1,-1
547,12,514.78,558.70,302.04,250.91,0.93,-1,-1,-1
547,13,654.06,227.28,168.74,130.01,0.88,-1,-1,-1
547,14,1186.27,163.48,252.29,110.96,0.90,-1,-1,-1
548,1,1284.28,360.79,235.18,181.81,0.86,-1,-1,-1
548,2,560.96,79.76,99.94,89.86,0.68,-1,-1,-1
548,12,505.15,574.87,307.09,256.20,0.92,-1,-1,-1
548,13,655.60,231.03,173.25,130.27,0.88,-1,-1,-1
548,14,1174.98,164.59,251.05,111.59,0.87,-1,-1,-1
549,1,1284.49,360.84,234.91,181.84,0.86,-1,-1,-1
549,2,560.30,79.42,101.01,90.45,0.67,-1,-1,-1
549,12,492.24,591.41,312.24,265.35,0.92,-1,-1,-1
549,13,651.38,234.54,176.82,131.99,0.88,-1,-1,-1
549,14,1162.49,166.04,244.56,111.75,0.82,-1,-1,-1
550,1,1284.54,361.33,234.87,181.35,0.85,-1,-1,-1
550,2,560.67,78.65,100.49,91.47,0.65,-1,-1,-1
550,12,482.04,610.50,316.35,270.04,0.91,-1,-1,-1
550,13,651.26,240.19,176.37,131.71,0.89,-1,-1,-1
550,14,1146.24,168.20,246.65,110.10,0.86,-1,-1,-1
551,1,1286.00,361.35,233.42,181.43,0.86,-1,-1,-1
551,2,560.61,83.54,100.10,86.47,0.62,-1,-1,-1
551,12,467.83,631.43,323.09,274.93,0.91,-1,-1,-1
551,13,653.19,243.22,175.63,132.03,0.87,-1,-1,-1
551,14,1131.26,171.56,209.25,110.16,0.83,-1,-1,-1
552,1,1286.03,361.80,233.46,180.85,0.85,-1,-1,-1
552,2,560.63,82.56,100.30,87.47,0.60,-1,-1,-1
552,12,452.92,650.92,331.64,281.61,0.92,-1,-1,-1
552,13,653.55,246.08,175.84,134.55,0.87,-1,-1,-1
552,14,1118.85,171.48,222.43,111.01,0.88,-1,-1,-1
553,1,1286.19,360.24,233.39,182.18,0.86,-1,-1,-1
553,2,561.66,82.25,99.35,87.53,0.64,-1,-1,-1
553,12,438.79,671.65,337.27,290.27,0.93,-1,-1,-1
553,13,650.77,250.19,180.91,135.26,0.87,-1,-1,-1
553,14,1101.39,171.85,239.56,112.09,0.89,-1,-1,-1
554,1,1286.20,360.63,233.25,182.01,0.86,-1,-1,-1
554,2,561.15,84.13,99.81,85.94,0.65,-1,-1,-1
554,12,420.16,695.77,348.86,293.71,0.92,-1,-1,-1
554,13,649.09,252.00,185.37,138.78,0.88,-1,-1,-1
554,14,1085.79,174.27,241.19,110.61,0.89,-1,-1,-1
555,1,1286.33,360.79,233.29,182.88,0.85,-1,-1,-1
555,2,561.83,86.22,99.01,83.99,0.66,-1,-1,-1
555,12,406.20,719.05,352.22,300.34,0.93,-1,-1,-1
555,13,648.33,254.96,185.72,142.81,0.89,-1,-1,-1
555,14,1071.69,176.33,235.75,110.57,0.80,-1,-1,-1
556,1,1284.58,361.12,235.07,182.53,0.85,-1,-1,-1
556,2,563.13,88.79,97.14,81.22,0.61,-1,-1,-1
556,12,385.73,730.49,360.04,320.35,0.92,-1,-1,-1
556,13,646.22,256.21,195.01,148.43,0.89,-1,-1,-1
556,14,1053.67,176.12,239.64,111.01,0.88,-1,-1,-1
557,1,1284.29,360.85,235.37,182.77,0.85,-1,-1,-1
557,2,563.25,87.38,96.87,82.65,0.57,-1,-1,-1
557,12,364.21,765.70,371.07,306.51,0.92,-1,-1,-1
557,13,645.45,260.12,192.74,150.32,0.88,-1,-1,-1
557,14,1038.02,176.90,237.38,112.72,0.86,-1,-1,-1
558,1,1284.95,360.62,234.72,182.98,0.86,-1,-1,-1
558,2,563.02,82.31,97.36,87.85,0.57,-1,-1,-1
558,12,342.19,778.03,378.67,297.81,0.92,-1,-1,-1
558,13,646.35,265.04,197.75,151.04,0.88,-1,-1,-1
558,14,1022.35,178.88,232.81,111.41,0.86,-1,-1,-1
559,1,1285.04,360.58,234.55,183.03,0.85,-1,-1,-1
559,2,562.55,85.44,97.61,84.70,0.60,-1,-1,-1
559,12,314.73,809.72,390.22,265.87,0.93,-1,-1,-1
559,13,647.46,273.17,195.87,149.51,0.88,-1,-1,-1
559,14,1004.65,179.85,232.21,113.51,0.87,-1,-1,-1
560,1,1285.13,360.77,234.41,182.77,0.85,-1,-1,-1
560,2,562.82,85.06,97.39,84.98,0.54,-1,-1,-1
560,12,287.77,836.93,402.08,240.86,0.89,-1,-1,-1
560,13,644.13,278.08,197.42,152.74,0.87,-1,-1,-1
560,14,988.50,180.51,229.61,113.77,0.85,-1,-1,-1
561,1,1285.16,360.72,234.38,182.80,0.85,-1,-1,-1
561,2,562.97,85.03,97.29,84.90,0.54,-1,-1,-1
561,12,260.29,874.62,415.42,204.16,0.90,-1,-1,-1
561,13,641.45,282.41,204.59,156.64,0.89,-1,-1,-1
561,14,972.30,182.12,228.74,115.40,0.88,-1,-1,-1
562,1,1285.19,360.71,234.37,182.75,0.85,-1,-1,-1
562,2,563.33,85.13,96.92,84.73,0.55,-1,-1,-1
562,12,225.99,900.13,425.17,175.77,0.87,-1,-1,-1
562,13,640.80,288.54,207.40,158.03,0.88,-1,-1,-1
562,14,955.82,182.77,224.54,115.24,0.86,-1,-1,-1
563,1,1285.69,360.52,233.81,183.10,0.85,-1,-1,-1
563,2,563.58,84.80,96.61,85.12,0.57,-1,-1,-1
563,12,200.95,894.39,424.09,181.46,0.75,-1,-1,-1
563,13,639.98,294.77,206.91,162.18,0.88,-1,-1,-1
563,14,939.54,183.15,223.90,116.33,0.88,-1,-1,-1
564,1,1285.59,360.48,234.03,183.18,0.85,-1,-1,-1
564,2,562.41,85.13,97.67,84.95,0.55,-1,-1,-1
564,12,216.56,924.51,369.96,154.02,0.65,-1,-1,-1
564,13,636.45,302.19,214.42,164.96,0.90,-1,-1,-1
564,14,923.18,187.31,219.41,114.79,0.85,-1,-1,-1
565,1,1285.15,361.24,234.52,182.62,0.84,-1,-1,-1
565,2,562.06,83.36,97.90,86.31,0.61,-1,-1,-1
565,12,197.42,960.30,347.77,117.39,0.68,-1,-1,-1
565,13,634.99,308.82,220.18,167.98,0.89,-1,-1,-1
565,14,908.04,188.27,217.54,114.69,0.84,-1,-1,-1
566,1,1285.35,361.52,233.84,182.22,0.84,-1,-1,-1
566,2,561.72,85.38,98.71,84.17,0.59,-1,-1,-1
566,13,635.05,318.29,217.91,168.90,0.89,-1,-1,-1
566,14,891.32,189.89,214.72,117.06,0.86,-1,-1,-1
567,1,1285.31,361.67,233.93,182.18,0.84,-1,-1,-1
567,2,561.37,86.36,99.11,83.33,0.65,-1,-1,-1
567,13,630.92,325.70,226.12,172.23,0.89,-1,-1,-1
567,14,876.40,191.88,212.73,117.74,0.85,-1,-1,-1
568,1,1285.37,361.76,233.84,181.92,0.85,-1,-1,-1
568,2,561.36,85.24,99.06,84.51,0.64,-1,-1,-1
568,13,629.27,334.79,227.49,175.08,0.89,-1,-1,-1
568,14,860.29,192.57,210.76,117.95,0.86,-1,-1,-1
569,1,1285.27,361.52,233.97,182.03,0.86,-1,-1,-1
569,2,561.70,86.62,98.54,83.18,0.67,-1,-1,-1
569,13,626.81,343.08,230.23,178.80,0.90,-1,-1,-1
569,14,843.92,193.37,210.72,119.56,0.86,-1,-1,-1
570,1,1285.04,361.50,234.26,181.69,0.86,-1,-1,-1
570,2,561.61,82.16,98.72,87.12,0.66,-1,-1,-1
570,13,623.86,353.00,236.59,182.81,0.91,-1,-1,-1
570,14,830.07,196.83,206.25,118.76,0.84,-1,-1,-1
571,1,1284.99,361.16,234.34,182.05,0.86,-1,-1,-1
571,2,561.37,82.38,98.67,86.91,0.68,-1,-1,-1
571,13,622.17,363.30,238.34,184.77,0.90,-1,-1,-1
571,14,815.01,197.61,204.54,121.68,0.86,-1,-1,-1
572,1,1285.00,361.13,234.28,182.20,0.87,-1,-1,-1
572,2,561.46,83.13,98.79,86.41,0.69,-1,-1,-1
572,13,619.55,375.45,241.25,186.47,0.90,-1,-1,-1
572,14,800.82,198.37,205.26,122.76,0.87,-1,-1,-1
573,1,1284.91,361.69,234.40,181.50,0.87,-1,-1,-1
573,2,561.61,84.94,98.59,84.46,0.66,-1,-1,-1
573,13,617.76,383.08,243.50,190.87,0.91,-1,-1,-1
573,14,788.33,201.23,198.81,122.21,0.87,-1,-1,-1
574,1,1285.16,361.70,234.06,181.58,0.87,-1,-1,-1
574,2,562.10,86.32,98.12,82.96,0.66,-1,-1,-1
574,13,610.25,394.91,251.04,193.52,0.92,-1,-1,-1
574,14,772.05,203.40,200.87,123.46,0.88,-1,-1,-1
575,1,1285.36,361.90,233.86,181.30,0.87,-1,-1,-1
575,2,562.06,88.54,98.16,80.81,0.67,-1,-1,-1
575,13,608.33,405.13,252.60,197.69,0.90,-1,-1,-1
575,14,762.44,205.10,196.42,124.89,0.88,-1,-1,-1
576,1,1285.92,360.81,233.26,182.64,0.86,-1,-1,-1
576,2,563.13,84.40,97.14,84.67,0.68,-1,-1,-1
576,13,602.59,416.78,257.63,202.43,0.91,-1,-1,-1
576,14,748.51,208.63,195.99,125.63,0.86,-1,-1,-1
577,1,1286.70,360.97,232.58,182.60,0.85,-1,-1,-1
577,2,563.45,86.63,96.51,82.45,0.66,-1,-1,-1
577,13,596.32,426.60,262.32,208.43,0.90,-1,-1,-1
577,14,738.77,211.02,190.67,127.23,0.80,-1,-1,-1
578,1,1286.66,361.13,232.69,182.38,0.85,-1,-1,-1
578,2,563.40,86.13,96.61,83.04,0.69,-1,-1,-1
578,13,590.73,439.88,268.11,209.73,0.90,-1,-1,-1
578,14,724.68,213.67,192.11,129.87,0.87,-1,-1,-1
579,1,1286.57,360.76,232.82,182.73,0.86,-1,-1,-1
579,2,563.39,86.44,96.68,82.69,0.65,-1,-1,-1
579,13,584.77,454.56,273.23,211.14,0.91,-1,-1,-1
579,14,717.25,216.21,190.25,130.73,0.86,-1,-1,-1
580,1,1286.48,361.35,233.01,182.15,0.87,-1,-1,-1
580,2,563.37,89.60,96.72,79.67,0.63,-1,-1,-1
580,13,577.85,468.05,276.85,215.25,0.92,-1,-1,-1
580,14,704.58,218.62,190.70,132.42,0.87,-1,-1,-1
581,1,1286.84,361.75,232.71,181.55,0.87,-1,-1,-1
581,2,563.14,88.55,97.22,80.54,0.65,-1,-1,-1
581,13,568.74,474.43,281.92,228.32,0.92,-1,-1,-1
581,14,696.98,222.24,187.54,132.99,0.88,-1,-1,-1
582,1,1286.45,361.85,233.05,181.55,0.87,-1,-1,-1
582,2,562.91,89.19,97.35,80.18,0.63,-1,-1,-1
582,13,561.94,494.43,284.80,226.45,0.90,-1,-1,-1
582,14,687.30,225.68,188.39,133.41,0.86,-1,-1,-1
583,1,1286.49,361.90,233.00,181.50,0.87,-1,-1,-1
583,2,562.83,89.00,97.51,80.33,0.68,-1,-1,-1
583,13,552.81,509.62,292.32,231.00,0.90,-1,-1,-1
583,14,679.26,228.45,186.65,134.39,0.88,-1,-1,-1
584,1,1286.39,361.87,233.07,181.58,0.87,-1,-1,-1
584,2,562.85,89.06,97.51,80.32,0.67,-1,-1,-1
584,13,541.91,523.02,298.77,238.69,0.91,-1,-1,-1
584,14,670.95,232.05,188.42,135.23,0.88,-1,-1,-1
585,1,1286.31,361.81,233.14,181.61,0.87,-1,-1,-1
585,2,562.63,89.44,97.73,80.00,0.66,-1,-1,-1
585,13,533.12,541.04,301.09,242.79,0.90,-1,-1,-1
585,14,664.95,235.27,185.81,135.94,0.88,-1,-1,-1
586,1,1286.63,361.75,232.79,182.10,0.87,-1,-1,-1
586,2,561.91,90.16,98.02,79.08,0.65,-1,-1,-1
586,13,520.69,556.82,308.64,250.55,0.91,-1,-1,-1
586,14,656.92,240.09,187.08,134.40,0.87,-1,-1,-1
587,1,1286.09,361.60,233.41,182.34,0.86,-1,-1,-1
587,2,561.44,90.07,98.04,79.46,0.66,-1,-1,-1
587,13,510.62,574.82,313.69,256.52,0.92,-1,-1,-1
587,14,650.27,241.36,187.55,136.65,0.89,-1,-1,-1
588,1,1286.62,361.94,233.02,181.58,0.86,-1,-1,-1
588,2,561.04,86.06,98.62,83.40,0.65,-1,-1,-1
588,13,496.40,594.37,322.56,260.64,0.90,-1,-1,-1
588,14,645.34,243.01,187.01,139.34,0.89,-1,-1,-1
589,1,1286.69,362.34,233.08,181.15,0.86,-1,-1,-1
589,2,561.14,85.21,98.63,84.54,0.65,-1,-1,-1
589,13,481.69,615.35,329.74,268.47,0.92,-1,-1,-1
589,14,638.91,246.07,186.97,141.79,0.87,-1,-1,-1
590,1,1286.68,362.37,233.23,181.27,0.86,-1,-1,-1
590,2,560.64,86.95,98.99,82.71,0.68,-1,-1,-1
590,13,464.25,636.81,334.39,272.98,0.91,-1,-1,-1
590,14,633.23,250.31,189.14,142.17,0.88,-1,-1,-1
591,1,1286.49,362.49,233.35,181.07,0.86,-1,-1,-1
591,2,560.57,86.66,99.07,83.09,0.68,-1,-1,-1
591,13,452.72,657.37,339.05,280.29,0.93,-1,-1,-1
591,14,628.65,252.52,188.60,144.07,0.89,-1,-1,-1
592,1,1286.39,362.41,233.32,181.09,0.86,-1,-1,-1
592,2,560.42,85.50,99.01,84.29,0.68,-1,-1,-1
592,13,431.71,681.48,351.30,287.10,0.93,-1,-1,-1
592,14,625.79,254.89,188.53,147.51,0.89,-1,-1,-1
593,1,1285.96,362.52,233.80,181.01,0.86,-1,-1,-1
593,2,559.89,82.40,99.62,87.45,0.67,-1,-1,-1
593,13,412.13,705.15,359.16,292.99,0.94,-1,-1,-1
593,14,622.82,256.92,189.26,151.99,0.89,-1,-1,-1
594,1,1285.86,362.43,233.82,180.89,0.86,-1,-1,-1
594,2,560.16,82.86,99.74,87.15,0.69,-1,-1,-1
594,13,392.59,730.48,367.50,300.26,0.92,-1,-1,-1
594,14,618.50,261.27,191.04,152.33,0.89,-1,-1,-1
595,1,1285.83,362.51,233.85,180.78,0.86,-1,-1,-1
595,2,559.65,82.14,100.26,88.09,0.68,-1,-1,-1
595,13,367.78,756.17,376.74,308.53,0.93,-1,-1,-1
595,14,615.45,265.63,193.57,153.83,0.88,-1,-1,-1
596,1,1284.97,362.24,234.94,180.61,0.86,-1,-1,-1
596,2,562.28,86.05,97.77,83.45,0.67,-1,-1,-1
596,13,343.52,780.84,388.45,296.00,0.92,-1,-1,-1
596,14,610.70,269.77,197.59,156.40,0.90,-1,-1,-1
597,1,1284.95,362.53,234.95,180.28,0.86,-1,-1,-1
597,2,561.94,88.70,98.19,80.86,0.66,-1,-1,-1
597,13,316.92,809.01,400.56,265.71,0.94,-1,-1,-1
597,14,609.99,273.93,199.95,160.47,0.89,-1,-1,-1
598,1,1284.94,362.49,234.76,180.47,0.86,-1,-1,-1
598,2,561.99,88.27,98.12,81.16,0.66,-1,-1,-1
598,13,286.24,836.99,411.62,240.57,0.93,-1,-1,-1
598,14,607.05,279.21,202.37,162.63,0.89,-1,-1,-1
599,1,1284.80,362.10,234.94,180.92,0.86,-1,-1,-1
599,2,562.13,89.93,97.89,79.55,0.65,-1,-1,-1
599,13,257.08,866.44,424.17,211.49,0.91,-1,-1,-1
599,14,604.52,286.31,204.01,162.32,0.89,-1,-1,-1
600,1,1285.12,362.13,234.58,180.65,0.86,-1,-1,-1
600,2,561.97,92.47,98.03,77.24,0.65,-1,-1,-1
600,13,222.16,898.91,436.76,178.66,0.87,-1,-1,-1
600,14,601.15,291.78,207.85,166.79,0.88,-1,-1,-1
601,1,1285.86,361.75,233.60,180.83,0.86,-1,-1,-1
601,2,562.24,96.18,97.77,73.35,0.65,-1,-1,-1
601,13,184.83,931.06,446.75,146.30,0.80,-1,-1,-1
601,14,600.31,298.84,205.25,169.19,0.89,-1,-1,-1
602,1,1285.73,361.48,233.90,181.21,0.86,-1,-1,-1
602,2,562.23,92.65,97.86,76.89,0.67,-1,-1,-1
602,13,200.86,963.33,397.51,115.40,0.79,-1,-1,-1
602,14,593.54,304.47,212.98,172.05,0.89,-1,-1,-1
603,1,1285.68,361.51,233.93,181.23,0.86,-1,-1,-1
603,2,561.77,93.85,98.38,75.67,0.73,-1,-1,-1
603,13,186.43,1005.07,371.18,72.72,0.58,-1,-1,-1
603,14,590.72,313.79,217.08,175.09,0.89,-1,-1,-1
604,1,1285.57,361.43,234.03,181.45,0.86,-1,-1,-1
604,2,561.81,93.18,98.63,76.43,0.75,-1,-1,-1
604,14,587.77,322.04,219.85,175.92,0.88,-1,-1,-1
605,1,1285.86,361.63,233.68,181.34,0.85,-1,-1,-1
605,2,561.70,89.55,98.45,80.00,0.69,-1,-1,-1
605,14,584.38,328.28,222.23,180.76,0.88,-1,-1,-1
606,1,1285.08,361.75,234.37,181.06,0.85,-1,-1,-1
606,2,560.95,94.44,99.14,75.47,0.65,-1,-1,-1
606,14,580.60,337.64,224.54,184.44,0.88,-1,-1,-1
607,1,1285.07,361.73,234.39,181.00,0.85,-1,-1,-1
607,2,561.87,89.20,98.52,80.42,0.66,-1,-1,-1
607,14,576.17,346.37,227.15,187.69,0.89,-1,-1,-1
608,1,1284.84,361.65,234.57,180.85,0.85,-1,-1,-1
608,2,561.79,89.31,98.46,80.23,0.70,-1,-1,-1
608,14,572.36,355.18,231.99,188.18,0.89,-1,-1,-1
609,1,1284.77,361.89,234.66,180.93,0.85,-1,-1,-1
609,2,561.49,89.52,98.66,80.17,0.71,-1,-1,-1
609,14,568.92,366.85,232.60,191.57,0.90,-1,-1,-1
610,1,1284.85,361.49,234.63,181.29,0.86,-1,-1,-1
610,2,561.59,89.52,98.60,80.22,0.69,-1,-1,-1
610,14,562.41,375.12,239.47,194.78,0.89,-1,-1,-1
611,1,1284.82,361.39,234.63,181.52,0.85,-1,-1,-1
611,2,561.69,89.19,98.79,80.46,0.66,-1,-1,-1
611,14,558.94,384.96,242.07,198.97,0.90,-1,-1,-1
611,18,714.18,48.24,76.99,39.83,0.63,-1,-1,-1
612,1,1284.65,361.54,234.70,181.37,0.85,-1,-1,-1
612,2,561.60,86.89,99.05,82.76,0.68,-1,-1,-1
612,14,551.91,395.04,246.11,201.32,0.91,-1,-1,-1
612,18,743.44,49.85,61.17,37.40,0.59,-1,-1,-1
613,1,1284.59,361.25,234.77,181.97,0.86,-1,-1,-1
613,2,561.65,87.89,98.82,81.50,0.70,-1,-1,-1
613,14,550.07,403.97,249.22,205.30,0.89,-1,-1,-1
613,18,762.65,48.98,63.03,38.01,0.57,-1,-1,-1
613,19,731.17,48.53,35.31,37.11,0.50,-1,-1,-1
614,1,1284.63,361.45,234.71,181.58,0.86,-1,-1,-1
614,2,562.05,90.60,98.33,79.06,0.70,-1,-1,-1
614,14,542.88,415.98,253.35,209.67,0.90,-1,-1,-1
614,18,779.89,53.99,61.94,35.47,0.53,-1,-1,-1
615,1,1284.85,360.68,234.53,182.66,0.85,-1,-1,-1
615,2,562.24,90.77,98.11,79.15,0.68,-1,-1,-1
615,14,538.49,425.39,257.27,212.60,0.89,-1,-1,-1
616,1,1285.56,360.37,233.93,182.58,0.87,-1,-1,-1
616,2,561.62,88.83,98.15,81.21,0.64,-1,-1,-1
616,14,532.58,436.67,260.55,216.88,0.91,-1,-1,-1
616,20,931.43,78.75,81.84,67.99,0.52,-1,-1,-1
617,1,1285.59,360.33,233.91,182.65,0.87,-1,-1,-1
617,2,561.31,88.42,98.46,81.71,0.60,-1,-1,-1
617,14,527.90,449.34,264.52,219.37,0.90,-1,-1,-1
617,20,928.71,78.53,84.76,67.80,0.51,-1,-1,-1
618,1,1285.41,360.78,234.00,182.25,0.87,-1,-1,-1
618,2,561.89,83.69,97.93,86.30,0.51,-1,-1,-1
618,14,519.46,461.83,269.49,222.63,0.91,-1,-1,-1
618,20,928.66,78.90,84.73,66.92,0.54,-1,-1,-1
619,1,1285.42,361.21,234.03,181.84,0.87,-1,-1,-1
619,2,562.07,84.04,97.99,85.89,0.55,-1,-1,-1
619,14,510.24,473.91,276.49,229.26,0.89,-1,-1,-1
619,20,927.94,79.52,85.42,67.17,0.55,-1,-1,-1
620,1,1285.63,361.23,233.82,181.70,0.87,-1,-1,-1
620,2,561.49,85.80,98.39,84.30,0.54,-1,-1,-1
620,14,504.79,486.95,279.46,234.40,0.89,-1,-1,-1
621,1,1285.63,361.37,233.87,181.58,0.87,-1,-1,-1
621,2,561.52,90.14,98.25,79.91,0.53,-1,-1,-1
621,14,495.34,500.21,286.15,238.66,0.87,-1,-1,-1
622,1,1285.62,361.33,233.85,181.63,0.87,-1,-1,-1
622,2,560.96,89.02,98.74,80.88,0.60,-1,-1,-1
622,14,487.89,515.32,291.86,243.81,0.86,-1,-1,-1
623,1,1285.64,361.39,233.83,181.57,0.87,-1,-1,-1
623,2,560.76,91.72,98.95,78.14,0.66,-1,-1,-1
623,14,480.39,529.37,295.12,250.77,0.87,-1,-1,-1
624,1,1285.65,361.38,233.79,181.63,0.87,-1,-1,-1
624,2,560.83,88.03,98.96,81.98,0.63,-1,-1,-1
624,14,466.20,546.29,302.82,257.72,0.89,-1,-1,-1
625,1,1285.72,361.61,233.75,181.37,0.86,-1,-1,-1
625,2,561.74,88.06,98.09,81.57,0.65,-1,-1,-1
625,14,457.99,563.36,309.93,263.99,0.91,-1,-1,-1
626,1,1285.37,362.37,234.16,181.26,0.85,-1,-1,-1
626,2,563.95,90.63,96.21,78.74,0.62,-1,-1,-1
626,14,445.87,581.00,316.43,270.09,0.88,-1,-1,-1
627,1,1285.04,362.27,234.51,181.48,0.85,-1,-1,-1
627,2,564.02,92.63,95.85,76.76,0.65,-1,-1,-1
627,14,433.78,599.58,325.33,275.96,0.91,-1,-1,-1
628,1,1285.05,362.21,234.55,181.49,0.85,-1,-1,-1
628,2,564.09,93.85,95.63,75.45,0.68,-1,-1,-1
628,14,419.33,619.61,332.35,282.33,0.89,-1,-1,-1
629,1,1285.13,362.06,234.50,181.69,0.84,-1,-1,-1
629,2,563.96,92.65,95.68,76.92,0.68,-1,-1,-1
629,14,408.56,639.73,336.42,289.24,0.91,-1,-1,-1
629,20,928.90,79.39,85.17,66.79,0.51,-1,-1,-1
630,1,1285.37,361.47,234.21,182.30,0.85,-1,-1,-1
630,2,563.72,91.22,96.21,78.38,0.68,-1,-1,-1
630,14,390.78,662.95,346.98,295.38,0.90,-1,-1,-1
630,20,928.42,79.53,85.68,66.66,0.52,-1,-1,-1
631,1,1285.42,361.30,234.02,182.33,0.84,-1,-1,-1
631,2,563.20,90.58,96.74,79.11,0.69,-1,-1,-1
631,14,373.64,685.67,359.06,299.88,0.91,-1,-1,-1
631,20,928.36,79.57,85.79,66.60,0.55,-1,-1,-1
632,1,1285.35,361.39,234.17,182.31,0.85,-1,-1,-1
632,2,563.27,90.87,96.49,78.76,0.69,-1,-1,-1
632,14,358.57,709.25,363.97,308.55,0.92,-1,-1,-1
632,19,732.61,58.72,39.08,28.14,0.52,-1,-1,-1
632,20,928.03,79.29,86.09,66.77,0.59,-1,-1,-1
633,1,1285.35,361.06,234.14,182.63,0.85,-1,-1,-1
633,2,563.33,91.09,96.16,78.55,0.70,-1,-1,-1
633,14,336.27,733.20,375.30,315.20,0.91,-1,-1,-1
633,20,928.20,79.32,85.92,66.81,0.58,-1,-1,-1
634,1,1285.34,361.07,234.15,182.60,0.85,-1,-1,-1
634,2,562.66,91.84,96.71,77.89,0.70,-1,-1,-1
634,14,315.02,756.79,385.89,316.81,0.91,-1,-1,-1
634,20,928.44,79.35,85.56,66.76,0.58,-1,-1,-1
635,1,1285.18,361.14,234.32,182.43,0.86,-1,-1,-1
635,2,562.70,91.55,96.69,77.97,0.68,-1,-1,-1
635,14,290.71,782.63,392.82,294.95,0.90,-1,-1,-1
635,20,928.09,78.93,85.81,67.28,0.55,-1,-1,-1
636,1,1285.15,360.26,234.22,182.69,0.85,-1,-1,-1
636,2,563.10,93.84,96.29,75.29,0.67,-1,-1,-1
636,14,262.57,807.85,411.89,266.72,0.92,-1,-1,-1
637,1,1285.71,360.65,233.75,182.44,0.86,-1,-1,-1
637,2,563.46,93.52,96.34,75.48,0.70,-1,-1,-1
637,14,231.36,836.86,426.94,240.49,0.90,-1,-1,-1
637,20,928.42,77.90,84.92,68.58,0.52,-1,-1,-1
638,1,1285.95,360.52,233.49,182.61,0.87,-1,-1,-1
638,2,563.39,93.41,96.43,75.78,0.70,-1,-1,-1
638,14,199.15,866.44,440.97,210.43,0.90,-1,-1,-1
638,20,925.91,79.05,87.69,66.56,0.57,-1,-1,-1
639,1,1285.68,360.43,233.73,182.52,0.86,-1,-1,-1
639,2,563.39,92.42,96.41,76.73,0.68,-1,-1,-1
639,14,174.23,896.89,441.29,180.42,0.87,-1,-1,-1
640,1,1286.16,360.73,233.26,182.10,0.87,-1,-1,-1
640,2,563.13,93.12,96.64,75.98,0.69,-1,-1,-1
640,14,136.20,928.36,454.05,148.78,0.74,-1,-1,-1
641,1,1286.01,360.59,233.45,182.08,0.86,-1,-1,-1
641,2,562.60,91.18,97.33,77.95,0.68,-1,-1,-1
641,14,148.32,965.09,405.30,113.40,0.80,-1,-1,-1
642,1,1286.21,360.61,233.24,182.36,0.86,-1,-1,-1
642,2,562.53,92.01,97.16,77.15,0.66,-1,-1,-1
642,14,129.12,1001.35,376.79,76.48,0.59,-1,-1,-1
643,1,1286.40,360.95,233.12,181.96,0.86,-1,-1,-1
643,2,562.59,90.85,97.25,78.49,0.67,-1,-1,-1
644,1,1286.05,360.67,233.41,182.16,0.87,-1,-1,-1
644,2,562.67,91.13,97.10,78.29,0.65,-1,-1,-1
645,1,1285.78,360.92,233.64,181.87,0.87,-1,-1,-1
645,2,562.74,90.22,96.99,79.37,0.63,-1,-1,-1
645,21,1179.72,106.11,49.19,57.88,0.50,-1,-1,-1
646,1,1285.37,361.43,233.94,182.06,0.86,-1,-1,-1
646,2,563.35,86.49,96.58,82.56,0.61,-1,-1,-1
647,1,1285.32,361.44,233.99,182.15,0.86,-1,-1,-1
647,2,563.11,88.27,96.55,80.07,0.61,-1,-1,-1
648,1,1285.32,361.39,233.99,182.18,0.86,-1,-1,-1
648,2,563.86,86.12,96.11,82.94,0.60,-1,-1,-1
649,1,1284.45,361.68,235.06,182.94,0.85,-1,-1,-1
649,2,563.82,91.44,96.08,76.96,0.59,-1,-1,-1
650,1,1284.67,361.37,234.86,183.00,0.84,-1,-1,-1
650,2,563.75,93.22,95.82,75.32,0.57,-1,-1,-1
651,1,1284.74,361.41,234.77,182.88,0.85,-1,-1,-1
651,2,564.21,93.37,95.28,75.14,0.57,-1,-1,-1
652,1,1284.87,361.32,234.64,182.85,0.84,-1,-1,-1
652,2,564.03,92.00,95.71,76.60,0.58,-1,-1,-1
653,1,1284.77,361.44,234.74,182.56,0.84,-1,-1,-1
653,2,563.70,90.74,96.10,77.83,0.60,-1,-1,-1
654,1,1285.04,361.08,234.32,182.35,0.86,-1,-1,-1
654,2,562.77,90.66,97.08,78.03,0.58,-1,-1,-1
655,1,1284.98,361.46,234.43,182.01,0.86,-1,-1,-1
655,2,562.40,88.48,97.76,80.95,0.59,-1,-1,-1
656,1,1285.34,360.72,234.04,182.55,0.85,-1,-1,-1
656,2,562.75,89.95,97.06,79.45,0.63,-1,-1,-1
657,1,1285.29,360.70,234.08,182.52,0.85,-1,-1,-1
657,2,562.84,90.04,96.91,79.22,0.63,-1,-1,-1
658,1,1285.34,359.79,233.98,183.36,0.86,-1,-1,-1
658,2,561.47,85.38,98.23,84.09,0.55,-1,-1,-1
659,1,1285.24,359.70,234.04,183.11,0.87,-1,-1,-1
659,2,561.26,88.01,98.59,81.31,0.58,-1,-1,-1
660,1,1284.97,360.41,234.24,182.32,0.87,-1,-1,-1
660,2,561.37,86.79,98.29,82.54,0.58,-1,-1,-1
661,1,1285.21,360.86,234.05,181.80,0.87,-1,-1,-1
661,2,560.77,84.76,99.15,84.96,0.60,-1,-1,-1
662,1,1285.33,360.80,233.95,181.84,0.87,-1,-1,-1
662,2,560.73,84.38,99.21,85.27,0.59,-1,-1,-1
663,1,1285.35,360.96,233.82,181.72,0.87,-1,-1,-1
663,2,560.68,83.72,99.24,85.96,0.59,-1,-1,-1
664,1,1285.29,360.85,233.88,181.74,0.86,-1,-1,-1
664,2,560.65,82.93,99.37,86.95,0.58,-1,-1,-1
665,1,1285.34,360.86,233.72,181.94,0.87,-1,-1,-1
665,2,561.12,82.95,99.05,86.73,0.57,-1,-1,-1
666,1,1285.80,361.95,233.52,180.45,0.86,-1,-1,-1
666,2,562.31,85.93,97.98,83.36,0.62,-1,-1,-1
667,1,1285.88,361.97,233.47,180.32,0.86,-1,-1,-1
667,2,562.30,86.40,98.10,82.80,0.63,-1,-1,-1
668,1,1285.87,361.85,233.48,180.47,0.86,-1,-1,-1
668,2,562.23,86.28,98.15,82.92,0.63,-1,-1,-1
669,1,1285.95,361.72,233.39,180.43,0.86,-1,-1,-1
669,2,562.33,86.43,97.90,82.67,0.62,-1,-1,-1
670,1,1285.95,361.86,233.37,180.46,0.85,-1,-1,-1
670,2,561.29,87.77,98.92,81.72,0.64,-1,-1,-1
671,1,1285.18,361.44,234.18,180.94,0.86,-1,-1,-1
671,2,561.71,88.76,98.41,80.79,0.62,-1,-1,-1
672,1,1285.14,361.11,234.34,181.59,0.86,-1,-1,-1
672,2,561.85,88.79,98.23,80.75,0.60,-1,-1,-1
673,1,1284.80,361.11,234.61,181.93,0.86,-1,-1,-1
673,2,562.49,88.13,97.56,81.08,0.58,-1,-1,-1
674,1,1284.66,360.95,234.80,182.07,0.86,-1,-1,-1
674,2,562.03,88.61,98.01,80.73,0.56,-1,-1,-1
675,1,1285.17,360.09,233.51,183.78,0.86,-1,-1,-1
675,2,561.83,90.27,97.82,79.22,0.57,-1,-1,-1
676,1,1284.48,360.71,234.98,181.78,0.87,-1,-1,-1
676,2,560.16,80.55,99.35,88.59,0.62,-1,-1,-1
677,1,1284.48,360.25,234.91,182.21,0.86,-1,-1,-1
677,2,560.30,82.04,98.91,86.93,0.66,-1,-1,-1
678,1,1284.44,360.39,235.04,182.19,0.87,-1,-1,-1
678,2,560.16,80.97,99.21,87.80,0.66,-1,-1,-1
679,1,1284.49,360.10,235.03,182.42,0.87,-1,-1,-1
679,2,560.48,81.02,98.92,87.73,0.66,-1,-1,-1
679,22,790.14,50.53,79.41,34.49,0.58,-1,-1,-1
680,1,1284.53,360.06,234.88,182.43,0.87,-1,-1,-1
680,2,560.29,81.94,99.10,86.97,0.68,-1,-1,-1
681,1,1284.25,360.37,235.12,182.26,0.87,-1,-1,-1
681,2,560.36,82.05,98.93,87.04,0.68,-1,-1,-1
682,1,1284.43,359.71,233.84,183.93,0.87,-1,-1,-1
682,2,560.95,82.79,98.39,86.06,0.70,-1,-1,-1
683,1,1284.10,359.63,234.19,184.02,0.87,-1,-1,-1
683,2,560.44,82.41,99.21,86.54,0.70,-1,-1,-1
684,1,1284.18,359.60,234.15,184.06,0.87,-1,-1,-1
684,2,560.42,81.76,99.05,87.20,0.68,-1,-1,-1
685,1,1284.74,360.08,233.81,183.30,0.87,-1,-1,-1
685,2,561.21,80.13,98.42,88.61,0.66,-1,-1,-1
686,1,1284.65,360.04,233.88,183.34,0.87,-1,-1,-1
686,2,561.29,79.41,98.43,89.38,0.67,-1,-1,-1
687,1,1284.80,360.09,233.77,183.32,0.87,-1,-1,-1
687,2,561.52,81.45,98.12,87.21,0.68,-1,-1,-1
688,1,1284.78,360.09,233.74,183.05,0.87,-1,-1,-1
688,2,561.18,85.02,98.32,83.62,0.72,-1,-1,-1
689,1,1284.64,360.08,233.84,183.05,0.87,-1,-1,-1
689,2,561.53,78.22,98.28,90.49,0.66,-1,-1,-1
690,1,1284.56,359.88,233.93,183.21,0.87,-1,-1,-1
690,2,561.11,80.69,98.42,88.25,0.66,-1,-1,-1
691,1,1284.54,359.64,234.03,183.42,0.86,-1,-1,-1
691,2,561.14,80.78,98.39,88.18,0.66,-1,-1,-1
692,1,1285.40,360.40,233.23,182.68,0.87,-1,-1,-1
692,2,563.17,85.98,96.95,83.27,0.59,-1,-1,-1
693,1,1285.42,359.76,233.37,183.00,0.87,-1,-1,-1
693,2,561.43,81.40,98.02,87.57,0.64,-1,-1,-1
694,1,1285.01,360.00,234.89,182.29,0.87,-1,-1,-1
694,2,560.19,78.42,98.97,90.56,0.62,-1,-1,-1
694,23,924.38,1007.67,429.17,69.14,0.62,-1,-1,-1
695,1,1284.99,359.95,234.97,182.25,0.87,-1,-1,-1
695,2,560.08,78.21,99.08,91.04,0.61,-1,-1,-1
695,23,918.75,978.22,458.03,99.81,0.73,-1,-1,-1
696,1,1284.43,358.45,233.81,184.62,0.88,-1,-1,-1
696,2,560.85,82.89,98.22,85.85,0.63,-1,-1,-1
696,23,878.03,950.04,522.82,124.84,0.74,-1,-1,-1
697,1,1284.20,359.13,235.12,182.95,0.87,-1,-1,-1
697,2,560.84,81.83,98.23,87.25,0.70,-1,-1,-1
697,23,893.84,923.22,553.33,151.67,0.77,-1,-1,-1
698,1,1284.18,358.95,235.19,182.79,0.87,-1,-1,-1
698,2,559.77,85.37,99.20,83.30,0.69,-1,-1,-1
698,23,907.33,894.15,538.65,182.92,0.88,-1,-1,-1
699,1,1284.55,358.52,234.54,183.11,0.85,-1,-1,-1
699,2,560.15,82.12,99.24,85.79,0.66,-1,-1,-1
699,23,922.34,870.02,528.31,202.91,0.84,-1,-1,-1
700,1,1284.13,358.56,235.08,182.74,0.85,-1,-1,-1
700,2,560.06,84.09,98.75,83.81,0.68,-1,-1,-1
700,23,926.70,845.00,524.92,230.62,0.87,-1,-1,-1
700,24,1176.40,103.53,53.14,59.57,0.53,-1,-1,-1
701,1,1284.23,358.39,234.84,182.85,0.85,-1,-1,-1
701,2,560.44,84.51,98.28,83.34,0.67,-1,-1,-1
701,23,932.11,821.00,516.56,252.96,0.79,-1,-1,-1
701,24,1176.35,103.53,52.78,60.25,0.52,-1,-1,-1
702,1,1284.26,358.77,235.01,182.67,0.85,-1,-1,-1
702,2,560.50,83.00,98.13,85.16,0.69,-1,-1,-1
702,23,950.76,800.76,499.10,276.13,0.79,-1,-1,-1
703,1,1285.06,356.97,233.50,186.17,0.87,-1,-1,-1
703,2,560.75,85.43,97.84,82.74,0.73,-1,-1,-1
703,23,981.33,778.51,466.43,296.41,0.65,-1,-1,-1
703,24,1176.78,103.67,52.61,60.09,0.51,-1,-1,-1
704,1,1284.76,357.19,234.03,185.81,0.87,-1,-1,-1
704,2,561.03,90.01,97.80,78.09,0.74,-1,-1,-1
704,23,988.82,759.42,455.61,316.91,0.80,-1,-1,-1
705,1,1284.68,356.46,234.28,186.64,0.88,-1,-1,-1
705,2,561.81,90.97,97.11,77.04,0.73,-1,-1,-1
705,23,964.23,739.51,477.41,333.98,0.84,-1,-1,-1
706,1,1286.00,357.86,233.16,185.74,0.88,-1,-1,-1
706,2,560.79,83.76,98.42,84.61,0.68,-1,-1,-1
706,23,970.06,718.87,470.40,354.60,0.73,-1,-1,-1
706,25,927.17,78.30,87.10,66.73,0.52,-1,-1,-1
707,1,1286.00,358.96,233.06,184.31,0.88,-1,-1,-1
707,2,561.62,84.12,97.57,84.66,0.66,-1,-1,-1
708,1,1284.90,360.94,234.80,181.21,0.86,-1,-1,-1
708,2,562.28,85.04,97.24,84.15,0.64,-1,-1,-1
709,1,1284.03,361.08,236.08,181.88,0.85,-1,-1,-1
709,2,562.56,88.34,97.13,80.12,0.69,-1,-1,-1
710,1,1284.48,361.90,235.65,181.25,0.86,-1,-1,-1
710,2,563.07,89.03,96.62,79.62,0.69,-1,-1,-1
710,23,981.92,651.31,439.23,395.31,0.63,-1,-1,-1
711,1,1284.66,361.18,234.74,183.08,0.86,-1,-1,-1
711,2,562.74,87.21,96.98,81.42,0.68,-1,-1,-1
711,23,985.54,635.95,429.83,384.45,0.52,-1,-1,-1
712,1,1284.55,361.03,234.87,183.10,0.87,-1,-1,-1
712,2,562.58,87.63,97.13,80.97,0.70,-1,-1,-1
713,1,1284.46,361.59,235.78,181.58,0.86,-1,-1,-1
713,2,562.29,88.65,97.33,80.18,0.71,-1,-1,-1
714,1,1284.53,360.84,234.85,183.11,0.86,-1,-1,-1
714,2,562.43,88.69,97.17,80.16,0.70,-1,-1,-1
715,1,1284.30,361.24,234.89,182.67,0.85,-1,-1,-1
715,2,561.78,87.91,97.99,80.87,0.69,-1,-1,-1
716,1,1285.51,359.67,233.10,183.77,0.88,-1,-1,-1
716,2,562.13,86.07,97.88,82.25,0.65,-1,-1,-1
717,1,1286.02,359.84,232.69,183.49,0.87,-1,-1,-1
717,2,561.84,84.74,97.98,83.48,0.68,-1,-1,-1
717,24,1177.64,104.87,51.91,58.85,0.51,-1,-1,-1
718,1,1285.00,359.15,233.76,184.01,0.88,-1,-1,-1
718,2,561.37,84.68,97.77,83.71,0.64,-1,-1,-1
718,24,1177.30,104.79,51.74,59.15,0.53,-1,-1,-1
719,1,1284.45,359.24,234.00,183.80,0.87,-1,-1,-1
719,2,560.65,86.00,98.51,82.66,0.67,-1,-1,-1
719,24,1177.44,104.74,51.79,59.05,0.50,-1,-1,-1
720,1,1285.40,358.45,232.69,184.52,0.86,-1,-1,-1
720,2,560.11,85.81,98.66,82.40,0.71,-1,-1,-1
720,24,1177.12,104.23,52.12,58.46,0.52,-1,-1,-1
721,1,1283.97,358.55,235.27,183.40,0.81,-1,-1,-1
721,2,560.84,90.31,98.35,77.50,0.70,-1,-1,-1
722,1,1284.14,358.99,235.00,183.38,0.77,-1,-1,-1
722,2,561.02,89.11,98.40,78.43,0.70,-1,-1,-1
723,1,1283.80,359.22,235.20,183.73,0.74,-1,-1,-1
723,2,561.17,88.22,97.95,79.40,0.69,-1,-1,-1
723,23,969.22,473.30,354.66,313.23,0.63,-1,-1,-1
724,1,1283.84,358.97,234.54,183.26,0.76,-1,-1,-1
724,2,561.64,89.55,97.18,78.16,0.70,-1,-1,-1
725,1,1283.08,358.66,235.38,183.06,0.74,-1,-1,-1
725,2,562.12,91.25,96.74,76.12,0.69,-1,-1,-1
726,1,1281.75,358.53,234.92,182.31,0.62,-1,-1,-1
726,2,560.68,89.31,98.98,77.64,0.71,-1,-1,-1
727,1,1282.08,359.79,236.11,182.17,0.67,-1,-1,-1
727,2,560.10,91.25,99.48,75.79,0.70,-1,-1,-1
728,1,1283.58,358.99,234.07,182.85,0.62,-1,-1,-1
728,2,559.97,89.80,99.30,78.07,0.72,-1,-1,-1
729,1,1283.55,359.02,234.04,181.84,0.67,-1,-1,-1
729,2,559.70,89.30,99.60,78.26,0.72,-1,-1,-1
729,23,942.85,415.90,332.25,287.60,0.53,-1,-1,-1
730,1,1284.23,358.97,233.29,182.05,0.67,-1,-1,-1
730,2,559.55,91.66,99.57,75.91,0.71,-1,-1,-1
730,23,938.32,406.90,330.12,278.25,0.59,-1,-1,-1
731,1,1283.43,359.22,234.12,181.85,0.67,-1,-1,-1
731,2,559.05,88.36,100.06,79.25,0.71,-1,-1,-1
732,1,1283.69,359.19,234.62,181.57,0.73,-1,-1,-1
732,2,558.43,89.54,100.57,78.33,0.69,-1,-1,-1
733,1,1283.77,359.10,235.32,182.54,0.80,-1,-1,-1
733,2,560.11,84.26,99.15,84.06,0.71,-1,-1,-1
733,23,924.95,380.69,318.55,272.53,0.59,-1,-1,-1
734,1,1283.63,359.41,235.28,182.53,0.85,-1,-1,-1
734,2,562.61,84.57,96.48,83.82,0.69,-1,-1,-1
734,23,930.83,373.55,301.67,264.83,0.60,-1,-1,-1
735,1,1283.53,359.59,235.83,182.53,0.85,-1,-1,-1
735,2,562.37,86.95,97.35,81.75,0.66,-1,-1,-1
736,1,1282.59,360.69,236.61,181.50,0.85,-1,-1,-1
736,2,562.09,89.31,97.19,79.03,0.64,-1,-1,-1
737,1,1282.90,361.21,236.67,180.94,0.85,-1,-1,-1
737,2,562.82,90.05,96.85,77.95,0.65,-1,-1,-1
738,1,1283.06,361.35,236.41,180.91,0.85,-1,-1,-1
738,2,562.58,89.38,97.11,78.31,0.66,-1,-1,-1
739,1,1283.19,361.25,236.35,180.91,0.85,-1,-1,-1
739,2,562.49,88.58,97.15,79.05,0.67,-1,-1,-1
740,1,1282.33,359.57,236.85,182.63,0.86,-1,-1,-1
740,2,560.94,85.90,97.93,82.34,0.66,-1,-1,-1
741,1,1283.18,358.19,236.47,183.94,0.86,-1,-1,-1
741,2,560.20,85.08,98.51,83.12,0.70,-1,-1,-1
742,1,1282.66,357.54,236.68,183.93,0.81,-1,-1,-1
742,2,558.79,87.95,100.22,79.90,0.70,-1,-1,-1
743,1,1282.06,358.13,237.12,183.33,0.80,-1,-1,-1
743,2,560.33,88.08,98.78,79.28,0.71,-1,-1,-1
744,1,1282.51,358.34,236.06,182.58,0.80,-1,-1,-1
744,2,561.27,88.98,97.55,78.12,0.72,-1,-1,-1
745,1,1281.91,358.80,236.14,182.06,0.81,-1,-1,-1
745,2,560.96,89.42,97.74,77.96,0.73,-1,-1,-1
746,1,1282.13,358.99,235.91,182.67,0.80,-1,-1,-1
746,2,560.79,92.27,98.31,75.25,0.74,-1,-1,-1
747,1,1282.23,358.83,235.87,182.46,0.82,-1,-1,-1
747,2,560.59,92.92,98.68,74.37,0.72,-1,-1,-1
748,1,1282.76,358.74,235.48,182.50,0.81,-1,-1,-1
748,2,560.39,92.71,99.01,74.77,0.73,-1,-1,-1
749,1,1282.71,358.64,235.48,182.64,0.82,-1,-1,-1
749,2,560.93,93.99,98.06,73.28,0.72,-1,-1,-1
750,1,1282.16,358.48,236.35,183.02,0.80,-1,-1,-1
750,2,560.18,92.96,99.13,74.32,0.73,-1,-1,-1
751,1,1281.44,358.76,236.97,182.41,0.78,-1,-1,-1
751,2,560.14,93.11,99.38,74.06,0.72,-1,-1,-1
752,1,1282.36,359.11,236.12,182.57,0.76,-1,-1,-1
752,2,559.62,97.58,100.32,69.93,0.71,-1,-1,-1
752,24,1177.42,102.64,51.26,55.96,0.51,-1,-1,-1
753,1,1282.96,359.39,235.69,182.46,0.76,-1,-1,-1
753,2,558.74,93.89,101.19,74.12,0.70,-1,-1,-1
753,24,1177.19,103.28,52.08,55.98,0.50,-1,-1,-1
754,1,1283.83,359.68,234.87,182.25,0.78,-1,-1,-1
754,2,558.57,93.94,101.37,74.28,0.71,-1,-1,-1
755,1,1284.19,359.69,234.81,182.05,0.76,-1,-1,-1
755,2,558.36,93.88,101.47,74.64,0.71,-1,-1,-1
756,1,1284.45,359.40,234.51,182.49,0.76,-1,-1,-1
756,2,558.88,91.29,100.93,77.01,0.72,-1,-1,-1
757,1,1284.93,359.41,234.82,182.85,0.81,-1,-1,-1
757,2,559.40,82.43,100.41,85.49,0.73,-1,-1,-1
758,1,1284.75,358.79,234.83,183.53,0.78,-1,-1,-1
758,2,558.86,82.52,101.03,85.38,0.71,-1,-1,-1
759,1,1284.82,358.74,234.82,183.66,0.79,-1,-1,-1
759,2,559.10,83.18,100.74,84.72,0.72,-1,-1,-1
760,1,1284.31,359.44,235.03,182.44,0.80,-1,-1,-1
760,2,558.44,81.78,101.10,86.79,0.71,-1,-1,-1
761,1,1284.66,358.92,234.88,182.56,0.84,-1,-1,-1
761,2,559.67,84.26,99.90,84.49,0.73,-1,-1,-1
762,1,1284.53,358.83,234.86,182.42,0.85,-1,-1,-1
762,2,559.94,83.44,99.66,84.87,0.73,-1,-1,-1
763,1,1284.64,359.47,234.65,181.65,0.83,-1,-1,-1
763,2,559.31,81.96,100.08,86.19,0.70,-1,-1,-1
764,1,1284.11,358.91,235.06,182.18,0.79,-1,-1,-1
764,2,559.50,82.14,99.85,85.81,0.68,-1,-1,-1
765,1,1283.82,358.54,234.56,182.78,0.77,-1,-1,-1
765,2,559.64,84.96,99.73,83.15,0.68,-1,-1,-1
765,24,1176.10,103.27,52.85,59.34,0.52,-1,-1,-1
766,1,1282.83,357.91,234.91,183.56,0.80,-1,-1,-1
766,2,560.67,86.05,98.63,81.66,0.68,-1,-1,-1
767,1,1282.51,358.55,235.29,182.53,0.84,-1,-1,-1
767,2,561.52,86.14,97.94,81.40,0.74,-1,-1,-1
768,1,1282.35,359.03,235.20,181.56,0.84,-1,-1,-1
768,2,561.21,89.79,98.66,77.49,0.75,-1,-1,-1
769,1,1282.77,359.72,234.71,181.15,0.84,-1,-1,-1
769,2,559.48,87.15,100.33,80.53,0.76,-1,-1,-1
769,26,927.36,75.18,84.06,68.12,0.56,-1,-1,-1
770,1,1282.94,359.60,234.66,181.45,0.84,-1,-1,-1
770,2,560.78,86.56,99.22,81.15,0.72,-1,-1,-1
770,26,927.46,75.64,83.96,67.75,0.52,-1,-1,-1
771,1,1282.96,359.55,234.60,181.63,0.84,-1,-1,-1
771,2,560.79,85.20,99.57,82.38,0.71,-1,-1,-1
772,1,1283.23,359.26,234.34,181.84,0.82,-1,-1,-1
772,2,561.78,86.29,98.24,80.98,0.69,-1,-1,-1
773,1,1283.19,359.37,234.81,182.20,0.80,-1,-1,-1
773,2,561.56,89.38,98.08,77.92,0.74,-1,-1,-1
774,1,1283.28,359.41,234.55,181.97,0.80,-1,-1,-1
774,2,561.26,87.50,98.19,79.70,0.73,-1,-1,-1
774,27,670.02,51.11,69.86,33.01,0.57,-1,-1,-1
775,1,1283.38,359.43,234.50,181.91,0.80,-1,-1,-1
775,2,561.38,87.10,98.05,79.95,0.76,-1,-1,-1
776,1,1283.39,359.32,234.86,182.12,0.81,-1,-1,-1
776,2,560.50,87.96,99.14,79.31,0.75,-1,-1,-1
776,27,699.59,53.53,73.85,31.28,0.53,-1,-1,-1
777,1,1282.61,358.62,236.37,183.13,0.79,-1,-1,-1
777,2,559.86,90.83,99.68,77.46,0.73,-1,-1,-1
778,1,1282.92,357.48,236.74,183.93,0.81,-1,-1,-1
778,2,558.40,83.23,101.09,85.93,0.74,-1,-1,-1
779,1,1283.59,358.78,236.13,183.03,0.85,-1,-1,-1
779,2,558.59,88.61,100.91,80.75,0.75,-1,-1,-1
780,1,1283.52,357.80,236.28,184.09,0.83,-1,-1,-1
780,2,558.68,86.49,100.93,82.81,0.75,-1,-1,-1
780,27,739.91,55.91,32.33,28.28,0.55,-1,-1,-1
781,1,1284.31,358.28,235.35,184.28,0.85,-1,-1,-1
781,2,559.10,83.42,100.53,85.70,0.74,-1,-1,-1
782,1,1285.29,358.46,234.34,183.93,0.85,-1,-1,-1
782,2,559.31,84.50,100.35,84.77,0.70,-1,-1,-1
783,1,1284.45,358.95,235.34,183.25,0.86,-1,-1,-1
783,2,560.73,85.89,98.89,83.27,0.73,-1,-1,-1
784,1,1285.42,359.18,234.76,183.05,0.86,-1,-1,-1
784,2,560.76,85.08,98.80,84.28,0.73,-1,-1,-1
785,1,1285.59,358.68,234.52,183.58,0.86,-1,-1,-1
785,2,560.02,84.65,99.75,84.71,0.72,-1,-1,-1
786,1,1285.60,358.53,234.44,183.48,0.86,-1,-1,-1
786,2,560.84,83.33,98.97,85.74,0.69,-1,-1,-1
787,1,1285.64,358.98,234.31,183.19,0.86,-1,-1,-1
787,2,561.08,84.29,98.72,84.91,0.71,-1,-1,-1
788,1,1285.68,358.43,233.30,184.72,0.86,-1,-1,-1
788,2,560.80,84.67,99.09,84.67,0.71,-1,-1,-1
789,1,1285.41,359.20,234.42,182.95,0.86,-1,-1,-1
789,2,560.73,85.01,99.14,84.33,0.73,-1,-1,-1
790,1,1284.75,359.11,235.11,182.86,0.86,-1,-1,-1
790,2,561.37,82.69,97.91,86.31,0.71,-1,-1,-1
790,26,930.06,76.49,84.76,67.91,0.54,-1,-1,-1
791,1,1284.66,359.33,234.99,182.69,0.85,-1,-1,-1
791,2,560.72,85.65,98.42,83.14,0.71,-1,-1,-1
792,1,1284.33,358.48,235.25,183.17,0.86,-1,-1,-1
792,2,560.25,84.57,99.03,83.88,0.74,-1,-1,-1
793,1,1283.98,358.58,235.87,182.89,0.84,-1,-1,-1
793,2,559.40,81.87,100.03,86.73,0.72,-1,-1,-1
794,1,1283.88,358.52,235.88,182.83,0.83,-1,-1,-1
794,2,559.97,81.64,99.41,86.57,0.74,-1,-1,-1
795,1,1283.74,358.59,236.08,182.79,0.83,-1,-1,-1
795,2,559.83,81.81,99.54,86.53,0.73,-1,-1,-1
796,1,1283.92,358.67,236.03,182.81,0.83,-1,-1,-1
796,2,559.57,82.53,99.59,85.99,0.74,-1,-1,-1
797,1,1284.13,358.54,235.90,183.02,0.84,-1,-1,-1
797,2,559.43,80.57,99.77,88.12,0.74,-1,-1,-1
798,1,1284.57,357.94,235.40,183.54,0.84,-1,-1,-1
798,2,559.12,82.50,100.40,86.61,0.75,-1,-1,-1
798,26,937.50,77.35,76.10,66.27,0.52,-1,-1,-1
799,1,1284.50,357.93,235.50,183.45,0.85,-1,-1,-1
799,2,558.39,81.68,101.12,87.56,0.75,-1,-1,-1
800,1,1284.60,358.07,235.44,183.46,0.86,-1,-1,-1
800,2,558.61,81.24,100.99,87.80,0.75,-1,-1,-1
801,1,1284.23,358.01,235.79,183.34,0.85,-1,-1,-1
801,2,558.44,80.93,101.07,88.14,0.74,-1,-1,-1
801,28,861.00,132.53,146.90,133.57,0.52,-1,-1,-1
802,1,1284.41,357.02,235.73,184.48,0.85,-1,-1,-1
802,2,558.46,82.32,101.16,86.48,0.73,-1,-1,-1
803,1,1284.16,356.85,235.86,184.72,0.85,-1,-1,-1
803,2,558.40,82.46,101.28,86.35,0.73,-1,-1,-1
804,1,1284.04,356.88,236.00,184.67,0.85,-1,-1,-1
804,2,558.64,81.90,101.05,86.88,0.74,-1,-1,-1
805,1,1283.82,357.84,236.23,183.78,0.86,-1,-1,-1
805,2,559.73,82.29,99.85,86.03,0.74,-1,-1,-1
806,1,1283.84,358.35,236.21,183.22,0.86,-1,-1,-1
806,2,559.73,81.60,99.82,86.89,0.74,-1,-1,-1
807,1,1284.80,359.23,234.88,183.21,0.87,-1,-1,-1
807,2,560.82,87.00,98.90,81.30,0.75,-1,-1,-1
808,1,1284.38,358.85,235.28,183.65,0.87,-1,-1,-1
808,2,561.43,87.99,98.43,80.51,0.74,-1,-1,-1
809,1,1284.57,358.92,235.10,183.76,0.87,-1,-1,-1
809,2,561.44,86.75,98.44,81.72,0.75,-1,-1,-1
810,1,1284.56,358.83,235.18,183.80,0.87,-1,-1,-1
810,2,561.42,88.26,98.44,80.15,0.75,-1,-1,-1
811,1,1284.57,358.70,235.03,184.14,0.87,-1,-1,-1
811,2,561.72,87.56,98.18,80.79,0.76,-1,-1,-1
812,1,1284.61,358.06,235.00,184.78,0.87,-1,-1,-1
812,2,562.19,85.22,97.72,83.14,0.75,-1,-1,-1
813,1,1284.61,358.21,235.17,184.68,0.87,-1,-1,-1
813,2,561.94,85.63,98.03,82.69,0.74,-1,-1,-1
814,1,1284.57,358.38,235.27,184.63,0.87,-1,-1,-1
814,2,562.08,87.23,97.83,81.03,0.74,-1,-1,-1
815,1,1284.46,358.46,235.39,184.44,0.87,-1,-1,-1
815,2,562.20,86.69,97.43,81.45,0.74,-1,-1,-1
816,1,1284.34,357.95,235.50,184.85,0.87,-1,-1,-1
816,2,562.17,87.16,97.53,81.08,0.74,-1,-1,-1
816,28,864.51,111.53,128.51,117.35,0.51,-1,-1,-1
817,1,1284.17,358.66,235.63,184.16,0.86,-1,-1,-1
817,2,562.91,84.47,97.03,84.10,0.73,-1,-1,-1
818,1,1284.32,358.50,235.56,184.32,0.86,-1,-1,-1
818,2,562.95,81.95,97.15,86.47,0.73,-1,-1,-1
819,1,1284.62,358.13,235.25,184.66,0.86,-1,-1,-1
819,2,562.15,83.29,97.76,85.13,0.73,-1,-1,-1
819,29,0.23,290.18,65.47,127.06,0.55,-1,-1,-1
820,1,1284.71,358.91,235.40,183.43,0.87,-1,-1,-1
820,2,561.32,86.52,98.36,81.74,0.75,-1,-1,-1
821,1,1284.77,358.68,235.37,183.76,0.86,-1,-1,-1
821,2,561.38,86.59,98.29,81.56,0.78,-1,-1,-1
821,29,0.40,269.54,98.67,152.42,0.74,-1,-1,-1
822,1,1284.75,359.13,235.55,183.22,0.86,-1,-1,-1
822,2,561.76,83.49,98.10,84.53,0.76,-1,-1,-1
822,29,0.38,250.42,113.56,173.09,0.76,-1,-1,-1
823,1,1284.89,359.19,235.37,183.13,0.86,-1,-1,-1
823,2,561.98,83.98,97.85,84.08,0.77,-1,-1,-1
823,29,0.40,247.14,133.98,178.28,0.82,-1,-1,-1
824,1,1284.93,359.02,235.47,183.25,0.86,-1,-1,-1
824,2,562.13,84.03,97.73,84.07,0.76,-1,-1,-1
824,29,0.37,236.97,150.33,189.30,0.77,-1,-1,-1
825,1,1284.86,359.11,235.53,183.17,0.86,-1,-1,-1
825,2,562.14,83.68,97.70,84.39,0.77,-1,-1,-1
825,29,0.63,236.10,164.81,194.21,0.86,-1,-1,-1
826,1,1284.93,359.18,235.32,183.04,0.86,-1,-1,-1
826,2,561.52,84.37,98.23,83.79,0.77,-1,-1,-1
826,29,0.23,232.74,182.67,198.39,0.86,-1,-1,-1
827,1,1285.20,359.39,234.81,182.58,0.87,-1,-1,-1
827,2,558.86,85.13,101.12,83.43,0.78,-1,-1,-1
827,29,0.43,227.35,200.79,205.91,0.87,-1,-1,-1
828,1,1283.82,358.26,236.04,183.78,0.85,-1,-1,-1
828,2,558.22,82.26,101.57,86.33,0.77,-1,-1,-1
828,29,0.14,225.29,216.62,208.63,0.86,-1,-1,-1
829,1,1284.35,358.30,235.47,183.66,0.83,-1,-1,-1
829,2,559.98,84.88,99.92,83.33,0.77,-1,-1,-1
829,29,0.17,220.49,232.42,217.00,0.89,-1,-1,-1
829,30,1177.20,103.39,52.97,58.74,0.51,-1,-1,-1
830,1,1284.33,358.01,235.42,183.83,0.83,-1,-1,-1
830,2,560.01,83.87,99.96,84.40,0.77,-1,-1,-1
830,29,0.28,226.09,249.12,212.35,0.90,-1,-1,-1
830,30,1177.10,103.05,52.91,60.35,0.50,-1,-1,-1
831,1,1284.55,358.36,235.35,183.54,0.84,-1,-1,-1
831,2,559.78,83.59,100.08,84.94,0.76,-1,-1,-1
831,29,0.23,235.78,264.80,206.08,0.87,-1,-1,-1
832,1,1284.67,358.62,235.22,183.13,0.84,-1,-1,-1
832,2,559.72,82.81,100.05,85.56,0.77,-1,-1,-1
832,29,0.32,231.89,279.59,214.55,0.90,-1,-1,-1
833,1,1285.47,358.68,234.53,183.21,0.86,-1,-1,-1
833,2,560.30,83.82,99.68,84.55,0.78,-1,-1,-1
833,28,850.73,88.49,116.10,104.42,0.50,-1,-1,-1
833,29,0.16,229.72,300.01,215.97,0.90,-1,-1,-1
834,1,1285.34,358.85,234.85,182.76,0.87,-1,-1,-1
834,2,560.77,84.61,99.19,83.85,0.78,-1,-1,-1
834,26,945.41,77.07,66.81,68.48,0.53,-1,-1,-1
834,29,0.49,229.65,317.94,217.31,0.90,-1,-1,-1
835,1,1286.18,358.19,233.65,183.88,0.86,-1,-1,-1
835,2,561.36,86.31,98.88,82.32,0.78,-1,-1,-1
835,26,943.76,77.16,69.31,68.96,0.53,-1,-1,-1
835,28,848.71,85.66,113.21,104.57,0.50,-1,-1,-1
835,29,0.00,232.29,334.35,217.78,0.92,-1,-1,-1
836,1,1286.36,358.70,233.44,183.29,0.86,-1,-1,-1
836,2,561.23,86.26,99.23,82.58,0.76,-1,-1,-1
836,26,942.44,77.52,70.64,68.47,0.56,-1,-1,-1
836,29,0.00,237.58,353.00,213.20,0.90,-1,-1,-1
837,1,1286.32,359.13,233.44,182.78,0.86,-1,-1,-1
837,2,561.16,86.41,98.99,82.26,0.76,-1,-1,-1
837,26,941.99,77.58,71.19,68.14,0.53,-1,-1,-1
837,29,0.00,237.69,366.53,216.22,0.91,-1,-1,-1
838,1,1286.18,358.78,233.64,183.69,0.85,-1,-1,-1
838,2,561.64,86.33,98.39,81.49,0.78,-1,-1,-1
838,26,942.06,77.77,71.31,67.86,0.61,-1,-1,-1
838,28,843.78,79.49,113.51,104.18,0.66,-1,-1,-1
838,29,0.37,238.76,386.32,218.17,0.89,-1,-1,-1
839,1,1286.30,358.80,233.56,183.68,0.85,-1,-1,-1
839,2,561.40,86.50,98.66,81.49,0.78,-1,-1,-1
839,26,944.01,77.64,69.29,68.09,0.55,-1,-1,-1
839,29,0.00,240.05,405.91,219.06,0.89,-1,-1,-1
840,1,1286.32,358.68,233.48,183.73,0.85,-1,-1,-1
840,2,561.53,86.91,98.50,80.94,0.78,-1,-1,-1
840,26,944.48,77.62,68.97,68.09,0.59,-1,-1,-1
840,29,0.00,239.93,425.51,220.31,0.91,-1,-1,-1
841,1,1286.02,358.88,233.56,183.62,0.85,-1,-1,-1
841,2,562.41,88.79,97.49,79.35,0.78,-1,-1,-1
841,26,944.80,77.89,68.73,67.98,0.53,-1,-1,-1
841,29,0.00,249.24,440.81,212.28,0.88,-1,-1,-1
842,1,1286.58,359.51,233.11,182.93,0.85,-1,-1,-1
842,2,562.51,86.58,97.58,81.67,0.78,-1,-1,-1
842,26,943.98,77.86,69.43,67.51,0.55,-1,-1,-1
842,29,0.00,248.62,458.40,216.65,0.88,-1,-1,-1
843,1,1285.81,359.73,233.86,182.44,0.85,-1,-1,-1
843,2,561.84,87.10,97.97,81.46,0.77,-1,-1,-1
843,26,941.83,78.14,71.34,67.74,0.62,-1,-1,-1
843,29,0.41,248.69,479.26,218.08,0.91,-1,-1,-1
844,1,1285.80,358.94,233.97,182.84,0.85,-1,-1,-1
844,2,562.40,87.68,97.55,80.71,0.77,-1,-1,-1
844,26,939.78,77.89,73.37,68.07,0.62,-1,-1,-1
844,28,837.70,74.75,110.31,97.66,0.54,-1,-1,-1
844,29,1.50,251.40,496.22,217.12,0.91,-1,-1,-1
845,1,1286.10,359.51,233.63,182.27,0.86,-1,-1,-1
845,2,562.60,86.70,97.47,81.71,0.77,-1,-1,-1
845,26,940.28,78.09,72.76,67.68,0.62,-1,-1,-1
845,28,837.48,74.54,108.27,96.64,0.50,-1,-1,-1
845,29,21.49,252.40,495.93,218.58,0.90,-1,-1,-1
846,1,1286.08,359.43,233.61,182.30,0.86,-1,-1,-1
846,2,562.76,87.36,97.19,80.94,0.76,-1,-1,-1
846,26,938.24,77.84,75.00,68.20,0.54,-1,-1,-1
846,29,40.09,250.98,495.81,223.93,0.86,-1,-1,-1
847,1,1286.09,359.74,233.64,181.92,0.86,-1,-1,-1
847,2,562.32,88.13,97.39,80.25,0.77,-1,-1,-1
847,29,61.16,254.52,492.81,220.40,0.85,-1,-1,-1
848,1,1286.03,359.64,233.77,182.32,0.87,-1,-1,-1
848,2,561.93,86.41,97.80,81.81,0.78,-1,-1,-1
848,29,82.42,252.19,491.50,225.41,0.88,-1,-1,-1
849,1,1285.74,359.03,234.18,182.99,0.88,-1,-1,-1
849,2,560.50,84.07,99.35,84.00,0.79,-1,-1,-1
849,29,103.29,251.22,488.10,228.60,0.81,-1,-1,-1
849,30,1178.76,103.92,51.70,57.13,0.52,-1,-1,-1
850,1,1285.04,357.72,234.75,184.48,0.88,-1,-1,-1
850,2,560.85,83.67,99.07,83.91,0.80,-1,-1,-1
850,29,122.17,254.71,489.08,226.79,0.81,-1,-1,-1
850,30,1178.02,103.40,52.48,57.97,0.53,-1,-1,-1
851,1,1285.15,358.45,234.74,183.64,0.87,-1,-1,-1
851,2,559.84,83.76,100.07,84.06,0.78,-1,-1,-1
851,29,146.37,257.50,483.91,225.81,0.67,-1,-1,-1
851,30,1177.71,103.41,52.57,57.78,0.52,-1,-1,-1
852,1,1284.15,358.01,235.40,183.93,0.86,-1,-1,-1
852,2,560.04,87.28,99.30,80.27,0.78,-1,-1,-1
852,29,166.64,260.75,478.95,225.37,0.73,-1,-1,-1
852,30,1177.13,102.97,53.03,58.78,0.50,-1,-1,-1
853,1,1283.78,357.53,235.62,184.53,0.86,-1,-1,-1
853,2,559.35,88.27,100.10,79.03,0.78,-1,-1,-1
853,29,188.11,258.86,475.45,229.90,0.68,-1,-1,-1
854,1,1283.90,357.02,235.52,184.89,0.83,-1,-1,-1
854,2,559.44,87.89,100.11,79.28,0.77,-1,-1,-1
854,29,206.53,259.74,472.19,231.38,0.82,-1,-1,-1
855,1,1283.30,357.51,235.98,184.62,0.82,-1,-1,-1
855,2,560.12,89.78,98.93,77.30,0.76,-1,-1,-1
855,29,228.48,263.14,467.62,229.78,0.74,-1,-1,-1
856,1,1283.08,357.35,236.19,184.41,0.82,-1,-1,-1
856,2,559.93,88.72,99.19,78.28,0.76,-1,-1,-1
856,29,246.17,266.82,463.97,228.68,0.71,-1,-1,-1
857,1,1283.16,357.34,236.09,184.37,0.82,-1,-1,-1
857,2,559.83,89.06,99.36,78.05,0.75,-1,-1,-1
857,29,270.46,271.15,454.33,226.27,0.73,-1,-1,-1
858,1,1283.16,358.20,236.06,183.30,0.78,-1,-1,-1
858,2,558.83,89.11,100.59,78.77,0.74,-1,-1,-1
858,29,292.37,273.73,448.62,228.70,0.82,-1,-1,-1
859,1,1284.25,358.46,235.15,183.26,0.81,-1,-1,-1
859,2,559.04,86.90,100.69,80.85,0.75,-1,-1,-1
859,29,314.30,278.06,441.58,228.42,0.82,-1,-1,-1
860,1,1284.94,358.19,235.12,183.29,0.85,-1,-1,-1
860,2,558.70,88.40,100.86,79.87,0.77,-1,-1,-1
860,29,335.68,278.28,433.41,229.70,0.72,-1,-1,-1
860,30,1177.45,102.58,52.96,59.57,0.52,-1,-1,-1
861,1,1285.73,354.87,234.08,186.66,0.86,-1,-1,-1
861,2,560.09,90.61,99.67,77.50,0.76,-1,-1,-1
861,29,355.62,280.20,426.64,231.53,0.83,-1,-1,-1
862,1,1285.66,355.47,234.22,186.36,0.86,-1,-1,-1
862,2,560.49,91.19,99.29,76.99,0.76,-1,-1,-1
862,29,373.36,282.45,422.31,234.26,0.87,-1,-1,-1
863,1,1285.87,357.75,233.97,184.19,0.86,-1,-1,-1
863,2,560.74,90.39,99.11,77.73,0.77,-1,-1,-1
863,29,390.95,286.73,415.62,233.48,0.73,-1,-1,-1
864,1,1285.91,358.25,233.91,183.68,0.86,-1,-1,-1
864,2,560.77,90.14,99.18,78.12,0.78,-1,-1,-1
864,29,409.22,288.21,407.94,235.52,0.82,-1,-1,-1
865,1,1286.64,358.13,233.16,183.94,0.86,-1,-1,-1
865,2,561.53,89.46,98.39,78.81,0.78,-1,-1,-1
865,29,427.54,288.93,400.45,238.75,0.88,-1,-1,-1
866,1,1286.90,358.14,233.01,183.82,0.86,-1,-1,-1
866,2,561.51,89.49,98.36,78.72,0.77,-1,-1,-1
866,29,445.03,292.88,390.07,238.02,0.83,-1,-1,-1
867,1,1286.88,358.13,233.07,183.82,0.86,-1,-1,-1
867,2,561.67,89.49,98.22,78.79,0.77,-1,-1,-1
867,29,461.90,294.30,381.02,240.61,0.52,-1,-1,-1
868,1,1286.94,357.97,232.79,184.49,0.87,-1,-1,-1
868,2,562.66,86.62,97.53,81.55,0.77,-1,-1,-1
868,29,478.51,297.03,371.37,242.05,0.77,-1,-1,-1
869,1,1286.90,358.55,232.55,183.98,0.87,-1,-1,-1
869,2,562.74,85.28,97.32,82.77,0.77,-1,-1,-1
869,29,492.78,300.96,366.32,243.48,0.63,-1,-1,-1
870,1,1287.01,358.40,232.44,184.22,0.87,-1,-1,-1
870,2,562.64,85.40,97.44,82.72,0.76,-1,-1,-1
870,29,504.16,303.30,359.55,244.49,0.79,-1,-1,-1
871,1,1286.93,358.77,232.56,183.98,0.87,-1,-1,-1
871,2,562.97,85.66,97.09,82.48,0.76,-1,-1,-1
871,29,518.35,306.42,350.27,244.32,0.78,-1,-1,-1
872,1,1286.71,358.85,232.77,183.95,0.87,-1,-1,-1
872,2,562.91,85.31,97.05,82.77,0.77,-1,-1,-1
872,29,530.13,311.42,345.60,242.46,0.62,-1,-1,-1
873,1,1285.88,357.29,233.67,185.58,0.86,-1,-1,-1
873,2,562.53,86.26,97.14,81.95,0.77,-1,-1,-1
873,29,542.27,312.86,340.05,244.48,0.76,-1,-1,-1
874,1,1285.59,356.69,234.53,185.95,0.86,-1,-1,-1
874,2,562.47,85.52,96.94,82.43,0.79,-1,-1,-1
874,29,552.30,314.16,335.91,248.49,0.55,-1,-1,-1
875,1,1285.23,356.20,234.97,186.33,0.83,-1,-1,-1
875,2,561.68,83.99,97.72,83.66,0.80,-1,-1,-1
875,29,563.91,315.59,325.89,251.22,0.67,-1,-1,-1
876,1,1284.53,356.57,235.53,185.91,0.84,-1,-1,-1
876,2,561.50,82.28,97.91,85.15,0.79,-1,-1,-1
876,29,574.01,319.31,319.96,251.75,0.67,-1,-1,-1
877,1,1283.78,356.89,236.77,185.49,0.84,-1,-1,-1
877,2,560.94,84.36,98.27,83.09,0.79,-1,-1,-1
877,29,580.95,323.02,319.06,253.16,0.84,-1,-1,-1
878,1,1284.72,358.42,235.52,184.00,0.84,-1,-1,-1
878,2,560.39,85.75,99.00,82.07,0.77,-1,-1,-1
878,29,589.66,326.62,317.12,253.56,0.65,-1,-1,-1
879,1,1284.83,358.36,235.29,183.98,0.85,-1,-1,-1
879,2,560.54,86.27,98.87,81.49,0.78,-1,-1,-1
879,29,594.32,329.59,316.29,255.61,0.73,-1,-1,-1
880,1,1284.69,358.05,235.55,184.40,0.84,-1,-1,-1
880,2,560.61,86.04,98.78,82.05,0.78,-1,-1,-1
880,29,601.76,333.58,315.03,258.02,0.54,-1,-1,-1
881,1,1284.73,358.28,235.55,184.08,0.84,-1,-1,-1
881,2,560.74,84.06,98.73,83.67,0.77,-1,-1,-1
881,29,608.81,334.71,310.69,262.18,0.81,-1,-1,-1
882,1,1284.85,358.18,235.51,184.07,0.84,-1,-1,-1
882,2,560.56,85.78,98.98,82.11,0.77,-1,-1,-1
882,29,615.62,338.59,311.31,266.22,0.63,-1,-1,-1
883,1,1284.77,358.06,235.44,184.22,0.84,-1,-1,-1
883,2,559.42,84.13,100.11,83.87,0.78,-1,-1,-1
883,29,621.13,343.35,310.25,265.24,0.76,-1,-1,-1
884,1,1284.87,358.00,235.46,184.05,0.84,-1,-1,-1
884,2,558.75,82.69,100.75,85.39,0.77,-1,-1,-1
884,29,623.84,348.27,311.22,266.92,0.79,-1,-1,-1
885,1,1285.26,357.35,234.72,184.77,0.84,-1,-1,-1
885,2,559.17,83.59,100.37,84.54,0.78,-1,-1,-1
885,29,629.31,352.55,310.13,268.53,0.59,-1,-1,-1
886,1,1284.88,357.64,235.09,184.50,0.85,-1,-1,-1
886,2,559.27,82.72,100.44,85.49,0.77,-1,-1,-1
886,29,631.31,355.13,312.79,272.19,0.74,-1,-1,-1
887,1,1285.91,358.72,234.20,183.58,0.85,-1,-1,-1
887,2,560.06,84.21,99.38,84.11,0.78,-1,-1,-1
887,29,633.28,360.88,314.65,272.46,0.74,-1,-1,-1
888,1,1286.00,359.10,234.03,183.54,0.87,-1,-1,-1
888,2,560.67,86.21,98.74,81.85,0.77,-1,-1,-1
888,29,635.06,365.30,316.06,274.62,0.53,-1,-1,-1
889,1,1285.99,359.59,233.96,183.12,0.86,-1,-1,-1
889,2,560.83,84.47,98.88,83.71,0.79,-1,-1,-1
889,29,634.69,369.91,320.14,276.96,0.73,-1,-1,-1
890,1,1286.04,359.20,234.00,182.80,0.87,-1,-1,-1
890,2,560.95,84.21,98.70,84.36,0.77,-1,-1,-1
890,29,634.51,375.14,323.38,278.15,0.78,-1,-1,-1
891,1,1285.21,358.85,234.78,183.61,0.87,-1,-1,-1
891,2,561.86,85.01,97.25,83.47,0.78,-1,-1,-1
891,29,640.85,376.58,321.88,283.14,0.80,-1,-1,-1
892,1,1285.70,359.23,234.24,183.09,0.87,-1,-1,-1
892,2,561.89,83.98,97.28,84.51,0.78,-1,-1,-1
892,29,633.64,380.41,332.53,287.52,0.66,-1,-1,-1
893,1,1284.16,359.69,235.72,182.64,0.87,-1,-1,-1
893,2,562.08,84.30,97.07,84.16,0.78,-1,-1,-1
894,1,1284.19,359.47,235.71,182.98,0.87,-1,-1,-1
894,2,562.13,84.62,97.10,83.86,0.78,-1,-1,-1
894,29,621.50,387.51,347.90,295.54,0.63,-1,-1,-1
895,1,1284.09,359.41,235.99,183.12,0.86,-1,-1,-1
895,2,562.53,84.28,96.77,84.04,0.77,-1,-1,-1
895,29,634.72,394.54,337.12,297.97,0.64,-1,-1,-1
896,1,1284.10,359.47,235.88,183.14,0.87,-1,-1,-1
896,2,562.33,85.52,96.96,82.95,0.77,-1,-1,-1
897,1,1284.04,359.78,236.05,182.89,0.86,-1,-1,-1
897,2,562.52,86.33,96.70,82.12,0.75,-1,-1,-1
898,1,1284.22,359.69,235.42,181.93,0.87,-1,-1,-1
898,2,562.10,84.99,97.73,83.62,0.77,-1,-1,-1
898,29,631.76,415.84,341.82,300.61,0.66,-1,-1,-1
899,1,1284.10,359.91,235.50,181.73,0.87,-1,-1,-1
899,2,561.84,84.58,97.82,83.67,0.78,-1,-1,-1
899,29,628.95,418.59,346.65,306.70,0.62,-1,-1,-1
900,1,1283.33,359.49,236.72,182.03,0.87,-1,-1,-1
900,2,562.28,85.06,97.20,83.13,0.79,-1,-1,-1
900,29,625.99,423.29,349.89,310.46,0.75,-1,-1,-1
901,1,1283.25,358.96,236.52,182.58,0.87,-1,-1,-1
901,2,561.62,85.02,97.28,82.95,0.80,-1,-1,-1
901,29,622.64,429.31,351.58,313.81,0.71,-1,-1,-1
901,31,790.88,77.66,80.68,64.22,0.51,-1,-1,-1
902,1,1283.14,358.21,236.55,183.21,0.87,-1,-1,-1
902,2,561.84,86.00,97.24,81.99,0.80,-1,-1,-1
902,29,617.70,435.48,356.11,317.44,0.59,-1,-1,-1
902,31,790.26,76.82,81.17,65.06,0.57,-1,-1,-1
903,1,1283.45,358.06,236.14,183.16,0.87,-1,-1,-1
903,2,561.85,87.17,97.20,80.70,0.78,-1,-1,-1
903,31,789.47,76.86,79.86,64.59,0.51,-1,-1,-1
904,1,1283.79,357.30,235.27,185.37,0.87,-1,-1,-1
904,2,562.28,87.07,96.76,80.66,0.79,-1,-1,-1
905,1,1283.49,358.02,236.29,183.29,0.87,-1,-1,-1
905,2,561.87,85.89,97.30,81.82,0.80,-1,-1,-1
905,31,787.41,76.61,80.30,64.98,0.59,-1,-1,-1
906,1,1283.51,357.99,236.28,183.39,0.87,-1,-1,-1
906,2,561.37,86.69,97.71,81.20,0.82,-1,-1,-1
906,31,786.91,78.15,78.39,63.56,0.53,-1,-1,-1
907,1,1283.38,358.14,236.42,183.25,0.87,-1,-1,-1
907,2,561.05,89.11,98.07,78.64,0.80,-1,-1,-1
908,1,1283.57,356.90,236.51,185.01,0.84,-1,-1,-1
908,2,559.49,87.40,100.44,80.87,0.79,-1,-1,-1
908,31,783.88,78.96,79.83,61.22,0.65,-1,-1,-1
909,1,1283.98,357.24,235.97,184.61,0.83,-1,-1,-1
909,2,558.80,86.23,101.03,82.37,0.77,-1,-1,-1
909,31,784.07,78.36,78.11,61.65,0.62,-1,-1,-1
910,1,1284.04,357.47,235.65,184.56,0.85,-1,-1,-1
910,2,559.51,88.61,100.24,79.71,0.78,-1,-1,-1
910,29,563.94,503.10,385.48,342.56,0.59,-1,-1,-1
910,31,784.13,79.98,78.17,60.54,0.66,-1,-1,-1
911,1,1283.94,357.64,235.91,184.80,0.85,-1,-1,-1
911,2,560.38,87.69,99.42,80.81,0.77,-1,-1,-1
911,31,783.85,80.33,77.80,60.79,0.71,-1,-1,-1
912,1,1284.60,357.46,235.43,185.00,0.85,-1,-1,-1
912,2,560.37,86.35,99.49,82.13,0.77,-1,-1,-1
912,31,783.62,81.32,78.25,59.79,0.68,-1,-1,-1
913,1,1285.08,356.90,234.71,186.06,0.83,-1,-1,-1
913,2,561.00,83.73,98.48,84.53,0.75,-1,-1,-1
913,31,782.76,80.84,77.91,59.70,0.71,-1,-1,-1
914,1,1285.41,357.27,234.39,185.73,0.84,-1,-1,-1
914,2,560.68,84.81,99.05,83.81,0.77,-1,-1,-1
914,31,783.01,79.91,77.30,60.54,0.72,-1,-1,-1
914,32,706.59,48.45,64.79,38.24,0.58,-1,-1,-1
915,1,1285.46,358.60,234.02,184.30,0.85,-1,-1,-1
915,2,561.30,84.10,98.43,85.00,0.75,-1,-1,-1
915,31,781.15,81.78,79.50,58.85,0.69,-1,-1,-1
915,32,712.25,48.79,73.76,38.01,0.60,-1,-1,-1
916,1,1285.24,358.95,234.19,183.97,0.85,-1,-1,-1
916,2,560.92,84.57,99.14,84.57,0.74,-1,-1,-1
916,31,780.11,81.08,77.74,60.23,0.71,-1,-1,-1
917,1,1285.08,358.83,234.36,183.96,0.85,-1,-1,-1
917,2,560.85,85.36,98.64,83.85,0.75,-1,-1,-1
917,31,780.16,85.06,75.48,57.57,0.65,-1,-1,-1
918,1,1285.07,359.30,234.63,182.71,0.86,-1,-1,-1
918,2,563.06,87.68,96.78,80.63,0.76,-1,-1,-1
919,1,1285.11,358.27,234.68,183.71,0.86,-1,-1,-1
919,2,562.80,87.52,96.90,81.05,0.75,-1,-1,-1
920,1,1285.04,358.90,234.71,183.09,0.86,-1,-1,-1
920,2,562.28,86.59,97.33,82.22,0.76,-1,-1,-1
921,1,1285.16,358.98,234.65,182.82,0.86,-1,-1,-1
921,2,562.23,86.69,97.46,82.06,0.77,-1,-1,-1
922,1,1285.17,359.26,234.50,182.66,0.86,-1,-1,-1
922,2,562.43,86.59,97.31,82.22,0.77,-1,-1,-1
922,31,777.47,84.72,72.42,56.07,0.70,-1,-1,-1
923,1,1284.90,359.98,234.78,181.93,0.85,-1,-1,-1
923,2,562.88,86.82,96.73,81.74,0.74,-1,-1,-1
923,31,776.53,87.53,73.08,53.23,0.68,-1,-1,-1
924,1,1284.72,359.64,234.85,182.13,0.85,-1,-1,-1
924,2,563.09,86.36,96.50,82.07,0.76,-1,-1,-1
924,29,404.08,658.36,455.57,411.86,0.80,-1,-1,-1
924,31,775.46,87.23,73.13,53.61,0.63,-1,-1,-1
925,1,1284.83,360.37,234.91,181.53,0.85,-1,-1,-1
925,2,563.27,87.77,96.52,80.38,0.77,-1,-1,-1
925,29,387.13,670.72,460.19,404.74,0.68,-1,-1,-1
925,31,774.79,88.61,73.56,51.54,0.68,-1,-1,-1
926,1,1284.66,360.09,235.16,181.84,0.85,-1,-1,-1
926,2,562.53,89.73,96.81,78.52,0.77,-1,-1,-1
926,29,368.25,685.78,470.73,387.64,0.64,-1,-1,-1
926,31,773.92,87.37,73.27,53.02,0.67,-1,-1,-1
927,1,1283.60,360.10,235.96,181.77,0.86,-1,-1,-1
927,2,562.45,89.54,96.93,78.70,0.78,-1,-1,-1
927,29,353.49,700.54,472.95,373.53,0.66,-1,-1,-1
927,31,772.84,86.22,73.71,54.17,0.65,-1,-1,-1
928,1,1284.57,359.69,235.24,182.44,0.86,-1,-1,-1
928,2,562.05,84.17,97.31,84.28,0.78,-1,-1,-1
928,29,332.53,715.83,485.72,358.21,0.56,-1,-1,-1
928,31,772.12,87.11,72.34,53.12,0.61,-1,-1,-1
929,1,1284.75,359.81,235.04,182.25,0.86,-1,-1,-1
929,2,562.00,83.56,97.54,85.06,0.78,-1,-1,-1
929,29,315.48,730.23,492.32,342.35,0.71,-1,-1,-1
929,31,771.72,87.54,72.20,52.88,0.63,-1,-1,-1
930,1,1284.55,360.00,235.24,181.74,0.86,-1,-1,-1
930,2,561.95,84.44,97.56,83.99,0.78,-1,-1,-1
930,29,293.78,745.69,501.37,327.49,0.80,-1,-1,-1
930,31,770.93,87.05,70.27,54.03,0.59,-1,-1,-1
931,1,1284.86,359.75,234.78,182.15,0.87,-1,-1,-1
931,2,561.98,84.12,97.77,84.61,0.78,-1,-1,-1
931,29,272.45,762.58,508.37,310.93,0.85,-1,-1,-1
931,31,771.12,88.59,69.47,52.63,0.64,-1,-1,-1
932,1,1284.79,359.78,234.88,182.32,0.86,-1,-1,-1
932,2,561.90,84.60,97.83,83.98,0.78,-1,-1,-1
932,29,249.26,779.04,517.47,293.46,0.78,-1,-1,-1
932,31,771.39,87.80,68.50,53.13,0.62,-1,-1,-1
933,1,1284.65,360.01,235.12,182.46,0.86,-1,-1,-1
933,2,562.01,83.91,97.64,84.46,0.78,-1,-1,-1
933,29,229.26,794.02,526.68,279.07,0.82,-1,-1,-1
933,31,770.57,87.17,67.82,53.34,0.57,-1,-1,-1
934,1,1284.64,360.06,235.30,181.75,0.87,-1,-1,-1
934,2,561.33,80.79,98.55,87.60,0.78,-1,-1,-1
934,29,201.33,813.73,537.98,259.73,0.70,-1,-1,-1
934,31,770.00,87.81,68.20,52.79,0.55,-1,-1,-1
935,1,1284.61,360.32,235.43,181.55,0.87,-1,-1,-1
935,2,561.20,81.30,98.65,87.12,0.78,-1,-1,-1
935,29,176.84,832.34,550.50,242.11,0.82,-1,-1,-1
935,31,769.07,88.19,67.70,53.10,0.52,-1,-1,-1
936,1,1284.93,360.18,235.08,181.78,0.88,-1,-1,-1
936,2,560.85,81.84,99.08,86.61,0.79,-1,-1,-1
936,29,150.01,853.20,563.13,219.74,0.85,-1,-1,-1
936,31,768.70,87.90,67.66,53.12,0.51,-1,-1,-1
937,1,1284.90,360.05,235.08,182.04,0.86,-1,-1,-1
937,2,561.05,81.79,99.08,86.16,0.79,-1,-1,-1
937,29,123.46,872.21,573.07,198.39,0.64,-1,-1,-1
938,1,1284.62,358.47,235.48,183.46,0.86,-1,-1,-1
938,2,561.55,82.10,98.52,85.66,0.80,-1,-1,-1
938,29,158.60,894.98,516.62,181.26,0.71,-1,-1,-1
938,31,767.32,89.32,67.55,51.80,0.55,-1,-1,-1
939,1,1284.61,358.47,235.13,183.42,0.86,-1,-1,-1
939,2,561.47,82.97,98.57,84.82,0.80,-1,-1,-1
939,29,141.06,917.48,511.94,157.96,0.70,-1,-1,-1
939,31,767.11,90.15,67.31,51.26,0.58,-1,-1,-1
940,1,1285.67,359.05,233.91,183.26,0.86,-1,-1,-1
940,2,562.03,82.44,98.44,85.58,0.80,-1,-1,-1
940,29,118.91,938.75,479.51,139.02,0.60,-1,-1,-1
940,31,766.90,89.75,67.39,52.20,0.60,-1,-1,-1
941,1,1284.62,359.07,234.74,183.38,0.86,-1,-1,-1
941,2,562.39,79.78,98.14,88.29,0.77,-1,-1,-1
941,31,765.91,91.63,68.11,49.84,0.60,-1,-1,-1
942,1,1284.81,359.42,234.36,183.22,0.86,-1,-1,-1
942,2,562.95,80.69,97.58,87.74,0.76,-1,-1,-1
942,31,765.26,90.96,67.60,50.10,0.59,-1,-1,-1
943,1,1284.75,359.37,234.43,183.23,0.86,-1,-1,-1
943,2,562.95,80.95,97.62,87.48,0.76,-1,-1,-1
943,31,765.14,91.81,66.55,49.55,0.61,-1,-1,-1
944,1,1284.72,359.61,234.50,182.75,0.86,-1,-1,-1
944,2,562.88,81.04,97.65,87.16,0.76,-1,-1,-1
944,31,762.89,90.51,67.33,51.16,0.63,-1,-1,-1
945,1,1284.70,359.82,234.47,182.54,0.86,-1,-1,-1
945,2,563.07,81.68,97.44,86.44,0.77,-1,-1,-1
945,31,761.51,91.78,68.31,49.82,0.64,-1,-1,-1
946,1,1285.28,359.87,233.79,182.47,0.86,-1,-1,-1
946,2,563.03,80.86,97.49,87.28,0.75,-1,-1,-1
946,31,761.24,92.41,66.84,49.23,0.70,-1,-1,-1
947,1,1284.95,359.51,234.13,182.60,0.87,-1,-1,-1
947,2,563.01,81.23,97.60,87.09,0.75,-1,-1,-1
947,31,760.83,94.91,66.27,46.77,0.67,-1,-1,-1
948,1,1284.75,359.21,234.40,182.99,0.86,-1,-1,-1
948,2,563.80,85.46,96.53,83.17,0.70,-1,-1,-1
948,31,760.26,96.75,66.76,45.03,0.68,-1,-1,-1
949,1,1285.51,360.70,233.53,181.72,0.86,-1,-1,-1
949,2,563.11,85.97,96.86,83.15,0.69,-1,-1,-1
949,31,759.54,93.62,65.41,48.42,0.68,-1,-1,-1
950,1,1285.01,360.47,234.07,181.98,0.86,-1,-1,-1
950,2,563.28,83.20,96.70,85.41,0.73,-1,-1,-1
950,31,759.75,95.37,64.45,46.60,0.69,-1,-1,-1
951,1,1285.58,359.76,233.53,182.54,0.85,-1,-1,-1
951,2,563.28,83.34,96.76,85.22,0.72,-1,-1,-1
951,31,758.94,96.25,64.72,45.58,0.65,-1,-1,-1
952,1,1286.07,359.62,232.99,182.71,0.85,-1,-1,-1
952,2,562.94,83.95,97.14,84.89,0.68,-1,-1,-1
952,31,758.06,97.10,64.45,44.80,0.66,-1,-1,-1
953,1,1285.81,359.38,233.41,183.06,0.86,-1,-1,-1
953,2,563.00,83.39,97.00,85.33,0.65,-1,-1,-1
953,31,757.06,98.77,65.91,43.79,0.76,-1,-1,-1
954,1,1284.23,359.56,235.24,182.93,0.85,-1,-1,-1
954,2,562.60,84.12,96.51,84.82,0.70,-1,-1,-1
954,31,756.68,98.71,66.87,43.45,0.70,-1,-1,-1
955,1,1284.36,359.30,235.11,182.79,0.86,-1,-1,-1
955,2,563.12,84.10,96.09,84.53,0.69,-1,-1,-1
955,31,754.83,97.82,67.33,44.13,0.59,-1,-1,-1
956,1,1283.98,359.48,235.61,182.59,0.87,-1,-1,-1
956,2,562.59,84.50,96.78,84.29,0.72,-1,-1,-1
956,31,755.66,98.92,63.89,43.20,0.54,-1,-1,-1
957,1,1285.04,359.72,234.51,182.20,0.87,-1,-1,-1
957,2,562.45,82.59,96.94,86.10,0.75,-1,-1,-1
958,1,1284.98,359.72,234.59,182.14,0.86,-1,-1,-1
958,2,562.55,83.72,96.78,84.75,0.74,-1,-1,-1
958,31,752.55,98.37,66.81,43.29,0.62,-1,-1,-1
959,1,1284.08,360.78,235.38,181.78,0.86,-1,-1,-1
959,2,562.38,85.75,97.77,82.84,0.68,-1,-1,-1
959,31,737.26,97.51,65.83,45.16,0.68,-1,-1,-1
960,1,1284.24,361.01,235.11,181.51,0.85,-1,-1,-1
960,2,562.27,86.12,97.70,82.61,0.67,-1,-1,-1
960,31,736.49,92.83,65.53,50.09,0.61,-1,-1,-1
961,1,1284.43,361.02,235.05,181.82,0.85,-1,-1,-1
961,2,561.52,84.11,98.91,85.04,0.70,-1,-1,-1
961,31,734.45,93.11,66.57,49.45,0.60,-1,-1,-1
962,1,1284.30,360.92,235.08,181.98,0.85,-1,-1,-1
962,2,561.68,85.76,98.44,83.37,0.71,-1,-1,-1
962,31,732.43,92.89,64.99,49.39,0.57,-1,-1,-1
963,1,1284.78,359.98,234.48,182.74,0.85,-1,-1,-1
963,2,562.48,83.40,97.91,85.31,0.73,-1,-1,-1
963,31,727.46,91.07,68.45,50.76,0.67,-1,-1,-1
964,1,1284.66,358.12,234.53,184.05,0.86,-1,-1,-1
964,2,561.96,82.65,98.24,86.11,0.75,-1,-1,-1
964,31,730.14,91.29,64.29,49.84,0.65,-1,-1,-1
965,1,1284.77,357.98,234.33,184.20,0.86,-1,-1,-1
965,2,561.42,82.28,98.96,86.87,0.72,-1,-1,-1
965,31,726.75,88.47,65.95,53.22,0.74,-1,-1,-1
966,1,1285.19,359.40,234.29,183.19,0.86,-1,-1,-1
966,2,561.95,82.13,98.65,86.76,0.72,-1,-1,-1
966,31,725.88,90.46,65.35,51.36,0.66,-1,-1,-1
967,1,1285.33,358.12,233.98,185.17,0.86,-1,-1,-1
967,2,562.23,84.69,98.28,84.59,0.71,-1,-1,-1
967,31,723.74,87.82,66.08,54.10,0.55,-1,-1,-1
968,1,1285.09,358.33,234.36,184.92,0.86,-1,-1,-1
968,2,562.63,86.41,98.09,82.72,0.71,-1,-1,-1
968,31,722.60,86.99,66.36,53.28,0.62,-1,-1,-1
969,1,1284.96,359.47,234.51,183.71,0.86,-1,-1,-1
969,2,562.96,87.61,97.89,81.58,0.69,-1,-1,-1
969,31,721.71,85.28,65.12,53.44,0.53,-1,-1,-1
970,1,1284.93,360.02,234.53,183.22,0.86,-1,-1,-1
970,2,563.29,91.44,97.49,77.75,0.70,-1,-1,-1
970,31,719.42,84.37,63.71,52.26,0.61,-1,-1,-1
971,1,1284.84,359.44,234.54,183.72,0.86,-1,-1,-1
971,2,563.37,88.59,97.42,80.52,0.69,-1,-1,-1
971,31,716.73,82.19,64.78,53.42,0.63,-1,-1,-1
972,1,1284.29,359.49,235.11,183.72,0.86,-1,-1,-1
972,2,563.35,86.73,97.38,82.22,0.69,-1,-1,-1
972,31,717.17,83.80,62.25,49.99,0.68,-1,-1,-1
973,1,1285.04,360.94,234.64,182.45,0.87,-1,-1,-1
973,2,563.39,86.91,97.34,81.85,0.69,-1,-1,-1
973,31,714.03,82.73,62.11,50.19,0.68,-1,-1,-1
974,1,1285.19,360.75,234.59,182.59,0.87,-1,-1,-1
974,2,563.63,87.93,97.07,80.82,0.69,-1,-1,-1
974,31,712.33,80.13,62.38,52.66,0.52,-1,-1,-1
975,1,1285.01,360.70,234.77,182.63,0.87,-1,-1,-1
975,2,563.62,89.72,97.07,78.96,0.70,-1,-1,-1
975,31,711.83,80.08,61.45,50.11,0.69,-1,-1,-1
976,1,1284.82,361.11,235.00,182.10,0.87,-1,-1,-1
976,2,563.59,89.00,97.11,79.62,0.71,-1,-1,-1
976,31,708.39,76.08,61.58,52.85,0.70,-1,-1,-1
977,1,1284.38,361.17,235.35,181.82,0.86,-1,-1,-1
977,2,563.57,88.65,97.09,80.07,0.71,-1,-1,-1
977,31,707.42,77.09,61.21,50.44,0.72,-1,-1,-1
978,1,1284.04,361.30,235.86,181.77,0.86,-1,-1,-1
978,2,563.28,89.55,96.99,79.33,0.71,-1,-1,-1
978,31,705.44,77.80,61.51,48.82,0.70,-1,-1,-1
979,1,1284.08,361.26,235.91,181.59,0.86,-1,-1,-1
979,2,562.49,87.29,97.99,81.36,0.71,-1,-1,-1
979,31,702.69,73.46,62.19,51.64,0.72,-1,-1,-1
980,1,1284.74,360.07,235.09,182.09,0.87,-1,-1,-1
980,2,562.66,83.70,97.89,84.87,0.71,-1,-1,-1
980,31,699.89,72.30,64.37,50.63,0.71,-1,-1,-1
981,1,1285.42,358.32,233.56,184.98,0.87,-1,-1,-1
981,2,562.24,80.00,98.29,88.65,0.74,-1,-1,-1
981,31,697.86,69.98,63.19,51.99,0.70,-1,-1,-1
982,1,1285.16,357.62,233.91,185.62,0.87,-1,-1,-1
982,2,562.22,79.84,98.48,88.85,0.73,-1,-1,-1
982,31,695.72,69.40,62.82,52.24,0.64,-1,-1,-1
983,1,1284.66,359.68,235.16,182.59,0.86,-1,-1,-1
983,2,562.41,83.28,97.81,85.32,0.74,-1,-1,-1
983,31,694.55,70.29,62.50,49.40,0.65,-1,-1,-1
984,1,1283.96,358.90,235.94,183.41,0.86,-1,-1,-1
984,2,562.26,83.41,98.10,85.28,0.74,-1,-1,-1
984,31,694.67,72.56,60.95,46.02,0.63,-1,-1,-1
985,1,1285.10,356.74,233.78,186.84,0.85,-1,-1,-1
985,2,562.52,83.10,97.91,85.90,0.74,-1,-1,-1
985,31,690.72,66.54,62.68,50.43,0.59,-1,-1,-1
986,1,1284.42,358.59,235.36,184.17,0.86,-1,-1,-1
986,2,562.41,84.15,97.95,85.03,0.75,-1,-1,-1
987,1,1284.31,358.64,235.37,184.11,0.86,-1,-1,-1
987,2,562.56,84.35,97.79,84.67,0.75,-1,-1,-1
987,31,686.04,62.31,64.22,51.45,0.67,-1,-1,-1
988,1,1284.41,358.78,235.26,183.88,0.86,-1,-1,-1
988,2,562.34,82.10,97.92,87.14,0.75,-1,-1,-1
988,31,686.44,63.58,59.34,50.38,0.52,-1,-1,-1
988,33,763.81,48.87,46.61,36.63,0.50,-1,-1,-1
989,1,1285.17,357.29,233.63,186.15,0.87,-1,-1,-1
989,2,561.46,80.66,98.87,88.60,0.76,-1,-1,-1
989,31,684.90,63.98,58.29,47.62,0.54,-1,-1,-1
990,1,1284.44,357.93,234.74,184.86,0.87,-1,-1,-1
990,2,561.07,80.02,99.42,89.27,0.76,-1,-1,-1
990,31,684.57,63.67,58.08,46.95,0.57,-1,-1,-1
991,1,1284.37,358.12,234.88,184.65,0.88,-1,-1,-1
991,2,561.32,79.56,99.23,89.69,0.77,-1,-1,-1
992,1,1284.32,358.64,235.48,183.53,0.87,-1,-1,-1
992,2,561.88,81.01,98.73,88.12,0.77,-1,-1,-1
993,1,1284.41,358.28,235.39,184.02,0.86,-1,-1,-1
993,2,561.64,80.86,99.07,88.33,0.77,-1,-1,-1
993,31,681.60,60.58,58.65,46.95,0.51,-1,-1,-1
994,1,1284.79,357.85,235.01,184.37,0.85,-1,-1,-1
994,2,562.62,83.63,98.02,85.36,0.72,-1,-1,-1
995,1,1284.86,359.20,235.08,183.17,0.86,-1,-1,-1
995,2,561.94,88.84,98.62,80.64,0.75,-1,-1,-1
995,31,682.20,58.01,56.03,47.34,0.61,-1,-1,-1
996,1,1285.34,359.36,234.81,183.03,0.86,-1,-1,-1
996,2,561.75,88.32,98.87,80.91,0.73,-1,-1,-1
996,31,681.86,56.06,55.19,47.56,0.62,-1,-1,-1
997,1,1284.99,357.39,234.83,184.82,0.86,-1,-1,-1
997,2,561.33,85.39,99.20,83.88,0.75,-1,-1,-1
997,31,682.12,54.74,54.19,47.21,0.64,-1,-1,-1
998,1,1285.41,356.25,233.54,186.70,0.86,-1,-1,-1
998,2,562.24,86.56,98.19,82.55,0.72,-1,-1,-1
998,31,683.28,55.91,52.94,45.35,0.53,-1,-1,-1
999,1,1285.50,360.62,234.00,182.11,0.87,-1,-1,-1
999,2,562.24,94.01,97.85,75.19,0.73,-1,-1,-1
999,31,683.12,56.20,53.66,44.38,0.52,-1,-1,-1
1000,1,1285.54,359.46,233.29,184.14,0.87,-1,-1,-1
1000,2,562.72,93.17,97.63,75.96,0.74,-1,-1,-1
1000,31,681.61,50.05,57.05,48.08,0.51,-1,-1,-1
1001,1,1286.11,360.71,233.49,181.93,0.87,-1,-1,-1
1001,2,562.20,92.82,97.92,76.30,0.73,-1,-1,-1
1002,1,1286.56,360.90,233.04,181.75,0.87,-1,-1,-1
1002,2,562.47,92.24,97.57,76.84,0.74,-1,-1,-1
1003,1,1286.65,360.90,232.97,181.65,0.87,-1,-1,-1
1003,2,562.50,89.53,97.74,79.31,0.73,-1,-1,-1
1004,1,1286.48,361.02,233.23,181.51,0.87,-1,-1,-1
1004,2,562.50,89.65,97.65,79.36,0.73,-1,-1,-1
1005,1,1286.29,361.43,233.57,181.06,0.87,-1,-1,-1
1005,2,562.45,88.65,97.69,80.30,0.74,-1,-1,-1
1006,1,1285.90,361.60,234.11,180.67,0.87,-1,-1,-1
1006,2,561.51,87.76,98.72,81.34,0.78,-1,-1,-1
1007,1,1286.06,361.76,233.96,180.42,0.87,-1,-1,-1
1007,2,561.21,83.59,99.09,85.46,0.79,-1,-1,-1
1008,1,1286.05,361.68,233.97,180.53,0.87,-1,-1,-1
1008,2,561.17,84.65,98.87,84.41,0.79,-1,-1,-1
1009,1,1286.00,361.77,233.85,180.51,0.87,-1,-1,-1
1009,2,560.95,88.17,98.73,80.87,0.81,-1,-1,-1
1010,1,1285.87,361.75,233.97,180.70,0.87,-1,-1,-1
1010,2,561.06,87.26,98.69,81.68,0.81,-1,-1,-1
1011,1,1285.67,361.84,234.12,180.42,0.87,-1,-1,-1
1011,2,561.24,87.23,98.38,81.72,0.81,-1,-1,-1
1012,1,1286.21,361.73,233.59,180.43,0.87,-1,-1,-1
1012,2,560.79,85.36,98.95,83.43,0.81,-1,-1,-1
1013,1,1286.16,361.34,233.60,180.82,0.87,-1,-1,-1
1013,2,560.90,84.67,98.91,84.15,0.81,-1,-1,-1
1013,31,714.80,49.26,49.98,44.69,0.56,-1,-1,-1
1014,1,1285.67,361.23,234.19,180.96,0.87,-1,-1,-1
1014,2,561.25,85.58,98.52,83.15,0.81,-1,-1,-1
1014,31,717.93,47.36,50.07,46.51,0.54,-1,-1,-1
1015,1,1285.64,360.86,234.27,181.15,0.87,-1,-1,-1
1015,2,561.33,86.40,98.45,82.26,0.81,-1,-1,-1
1015,31,721.37,50.64,49.42,42.75,0.53,-1,-1,-1
1016,1,1285.38,360.63,234.52,181.26,0.88,-1,-1,-1
1016,2,561.31,86.56,98.50,82.04,0.81,-1,-1,-1
1017,1,1285.37,360.62,234.56,181.17,0.88,-1,-1,-1
1017,2,561.12,85.12,98.68,83.69,0.81,-1,-1,-1
1018,1,1285.30,360.44,234.60,181.37,0.87,-1,-1,-1
1018,2,561.16,84.66,98.57,84.11,0.81,-1,-1,-1
1019,1,1285.50,361.01,234.49,180.78,0.87,-1,-1,-1
1019,2,561.17,83.87,98.65,84.95,0.80,-1,-1,-1
1019,33,749.49,52.68,83.21,41.94,0.57,-1,-1,-1
1020,1,1285.61,361.17,234.31,180.55,0.87,-1,-1,-1
1020,2,561.49,87.20,98.14,81.77,0.81,-1,-1,-1
1020,33,761.55,52.23,54.66,40.40,0.53,-1,-1,-1
1021,1,1284.88,360.75,235.03,181.31,0.87,-1,-1,-1
1021,2,562.37,86.13,97.25,82.68,0.80,-1,-1,-1
1022,1,1285.46,360.46,234.32,181.69,0.86,-1,-1,-1
1022,2,562.43,85.01,97.38,83.71,0.80,-1,-1,-1
1022,33,765.88,49.72,89.91,45.19,0.54,-1,-1,-1
1023,1,1285.34,360.29,234.33,182.05,0.87,-1,-1,-1
1023,2,562.63,87.66,97.34,81.26,0.79,-1,-1,-1
1023,33,774.34,52.48,70.31,41.88,0.55,-1,-1,-1
1024,1,1285.40,360.74,234.21,181.60,0.87,-1,-1,-1
1024,2,562.82,84.49,97.26,83.98,0.78,-1,-1,-1
1025,1,1285.45,360.88,234.14,181.60,0.87,-1,-1,-1
1025,2,562.93,84.62,97.10,83.76,0.77,-1,-1,-1
1026,1,1284.88,361.24,234.72,181.33,0.87,-1,-1,-1
1026,2,562.86,89.95,97.52,79.40,0.77,-1,-1,-1
1027,1,1284.83,360.98,234.66,181.99,0.87,-1,-1,-1
1027,2,562.48,90.12,97.84,79.32,0.76,-1,-1,-1
1028,1,1284.92,360.78,234.66,182.20,0.87,-1,-1,-1
1028,2,561.90,89.52,98.48,79.90,0.76,-1,-1,-1
1029,1,1284.92,360.66,234.67,182.34,0.87,-1,-1,-1
1029,2,561.65,86.84,98.79,82.64,0.75,-1,-1,-1
1030,1,1284.87,360.71,234.69,182.26,0.87,-1,-1,-1
1030,2,560.60,84.26,100.00,85.41,0.73,-1,-1,-1
1031,1,1284.89,360.94,234.66,181.88,0.87,-1,-1,-1
1031,2,561.75,80.18,99.04,89.00,0.67,-1,-1,-1
1032,1,1284.85,360.89,234.67,182.03,0.87,-1,-1,-1
1032,2,561.67,85.75,98.85,83.46,0.76,-1,-1,-1
1033,1,1284.95,360.77,234.60,182.18,0.87,-1,-1,-1
1033,2,561.81,92.68,98.47,76.53,0.78,-1,-1,-1
1034,1,1284.88,360.72,234.67,182.24,0.87,-1,-1,-1
1034,2,561.86,93.22,98.48,76.08,0.78,-1,-1,-1
1035,1,1284.84,360.58,234.70,182.32,0.87,-1,-1,-1
1035,2,561.82,93.24,98.61,76.02,0.76,-1,-1,-1
1035,31,706.63,54.51,73.45,31.15,0.51,-1,-1,-1
1036,1,1284.85,360.44,234.71,182.54,0.87,-1,-1,-1
1036,2,561.65,92.47,98.76,76.80,0.76,-1,-1,-1
1036,31,733.79,52.88,61.73,32.76,0.53,-1,-1,-1
1037,1,1284.84,360.18,234.78,182.73,0.87,-1,-1,-1
1037,2,561.70,92.11,98.77,77.15,0.76,-1,-1,-1
1038,1,1284.66,360.33,234.98,182.63,0.87,-1,-1,-1
1038,2,561.62,91.69,98.82,77.58,0.77,-1,-1,-1
1038,31,739.51,50.56,85.80,36.05,0.55,-1,-1,-1
1039,1,1284.90,360.31,234.77,182.65,0.87,-1,-1,-1
1039,2,561.69,91.50,98.78,77.84,0.76,-1,-1,-1
1040,1,1284.90,360.39,234.78,182.34,0.87,-1,-1,-1
1040,2,561.94,91.88,98.42,77.37,0.76,-1,-1,-1
1041,1,1284.97,360.34,234.67,182.46,0.87,-1,-1,-1
1041,2,561.87,91.71,98.51,77.56,0.75,-1,-1,-1
1041,34,807.44,112.05,76.19,31.80,0.52,-1,-1,-1
1042,1,1284.94,360.50,234.72,182.27,0.87,-1,-1,-1
1042,2,561.93,91.90,98.40,77.40,0.74,-1,-1,-1
1043,1,1285.11,360.56,234.48,182.91,0.87,-1,-1,-1
1043,2,562.53,93.53,97.44,75.84,0.73,-1,-1,-1
1043,34,792.30,108.38,94.05,35.58,0.65,-1,-1,-1
1044,1,1284.53,360.60,235.12,182.44,0.86,-1,-1,-1
1044,2,562.60,94.09,97.33,75.12,0.71,-1,-1,-1
1044,34,788.88,109.37,93.45,33.80,0.58,-1,-1,-1
1045,1,1285.63,360.59,233.93,183.30,0.86,-1,-1,-1
1045,2,562.57,94.22,98.00,74.92,0.72,-1,-1,-1
1045,34,784.82,108.77,94.27,34.77,0.57,-1,-1,-1
1046,1,1285.49,360.25,234.18,183.43,0.87,-1,-1,-1
1046,2,562.43,94.81,98.18,74.30,0.73,-1,-1,-1
1046,34,779.32,108.85,96.68,35.05,0.58,-1,-1,-1
1047,1,1285.25,360.15,234.64,183.12,0.87,-1,-1,-1
1047,2,562.47,95.42,98.29,74.13,0.72,-1,-1,-1
1047,34,776.31,108.88,90.43,36.29,0.51,-1,-1,-1
1048,1,1284.94,360.60,235.09,182.49,0.87,-1,-1,-1
1048,2,562.54,95.20,98.40,74.44,0.72,-1,-1,-1
1048,34,771.66,109.03,91.95,35.68,0.69,-1,-1,-1
1049,1,1285.01,360.74,235.12,182.40,0.86,-1,-1,-1
1049,2,562.60,95.04,98.34,74.62,0.71,-1,-1,-1
1049,34,766.54,110.26,94.05,34.06,0.69,-1,-1,-1
1050,1,1284.91,360.50,235.14,182.67,0.87,-1,-1,-1
1050,2,562.61,95.04,98.35,74.63,0.71,-1,-1,-1
1050,34,760.65,109.35,95.79,36.07,0.75,-1,-1,-1
1051,1,1285.14,361.16,234.83,182.13,0.87,-1,-1,-1
1051,2,562.82,94.76,98.23,74.89,0.71,-1,-1,-1
1051,34,754.80,110.20,94.97,35.53,0.73,-1,-1,-1
1052,1,1284.96,361.00,234.96,182.68,0.86,-1,-1,-1
1052,2,562.91,95.56,97.94,74.23,0.71,-1,-1,-1
1052,34,749.98,110.37,96.84,36.31,0.72,-1,-1,-1
1053,1,1285.13,361.30,234.79,182.34,0.87,-1,-1,-1
1053,2,562.73,95.57,98.27,74.19,0.70,-1,-1,-1
1053,34,744.37,111.19,93.74,33.92,0.67,-1,-1,-1
1054,1,1285.05,361.28,234.79,181.83,0.86,-1,-1,-1
1054,2,562.20,94.78,98.61,74.77,0.70,-1,-1,-1
1054,34,727.00,108.34,86.66,37.54,0.68,-1,-1,-1
1055,1,1285.15,360.77,234.65,182.34,0.87,-1,-1,-1
1055,2,562.27,95.14,98.49,74.39,0.71,-1,-1,-1
1055,34,721.26,107.45,88.14,37.42,0.71,-1,-1,-1
1056,1,1285.16,360.72,234.60,182.54,0.87,-1,-1,-1
1056,2,562.33,94.93,98.25,74.37,0.71,-1,-1,-1
1056,34,714.57,108.42,88.16,36.88,0.70,-1,-1,-1
1057,1,1285.71,360.68,234.29,182.72,0.87,-1,-1,-1
1057,2,562.34,95.77,98.11,73.62,0.71,-1,-1,-1
1057,34,711.83,107.96,83.69,37.67,0.66,-1,-1,-1
1058,1,1285.66,360.63,234.33,182.79,0.87,-1,-1,-1
1058,2,562.41,96.10,97.96,73.30,0.69,-1,-1,-1
1058,34,703.78,107.90,72.52,37.25,0.55,-1,-1,-1
1059,1,1285.02,359.97,234.90,184.02,0.86,-1,-1,-1
1059,2,562.58,95.46,97.61,73.42,0.64,-1,-1,-1
1059,34,702.03,109.49,69.35,36.32,0.70,-1,-1,-1
1060,1,1284.87,359.81,234.98,184.22,0.86,-1,-1,-1
1060,2,563.20,95.87,96.97,73.01,0.63,-1,-1,-1
1060,34,696.84,109.31,63.91,37.20,0.64,-1,-1,-1
1061,1,1284.84,359.93,235.03,184.03,0.86,-1,-1,-1
1061,2,563.44,94.42,96.83,74.23,0.62,-1,-1,-1
1061,34,693.91,108.05,62.29,38.25,0.63,-1,-1,-1
1062,1,1284.84,360.02,234.99,184.06,0.85,-1,-1,-1
1062,2,563.48,94.53,96.66,74.50,0.61,-1,-1,-1
1062,34,685.99,109.20,63.51,36.69,0.70,-1,-1,-1
1063,1,1285.42,359.87,234.27,184.12,0.85,-1,-1,-1
1063,2,562.74,97.01,97.53,72.56,0.65,-1,-1,-1
1063,34,675.64,110.35,58.66,35.77,0.67,-1,-1,-1
1064,1,1285.52,359.57,234.31,184.12,0.85,-1,-1,-1
1064,2,562.72,97.19,97.40,72.68,0.62,-1,-1,-1
1064,34,666.57,110.04,54.90,35.33,0.59,-1,-1,-1
1065,1,1285.47,359.51,234.28,184.30,0.85,-1,-1,-1
1065,2,562.33,96.17,97.88,73.92,0.61,-1,-1,-1
1065,34,660.71,110.30,49.77,33.96,0.54,-1,-1,-1
1066,1,1285.18,359.41,234.40,184.36,0.86,-1,-1,-1
1066,2,562.11,96.35,98.10,73.39,0.67,-1,-1,-1
1067,1,1285.35,359.51,234.13,184.61,0.85,-1,-1,-1
1067,2,561.78,96.86,98.38,72.75,0.68,-1,-1,-1
1067,34,653.02,110.35,45.06,34.82,0.55,-1,-1,-1
1068,1,1285.54,359.56,233.96,184.57,0.86,-1,-1,-1
1068,2,561.82,96.93,98.06,72.77,0.67,-1,-1,-1
1068,34,654.75,107.89,44.41,35.40,0.64,-1,-1,-1
1069,1,1285.29,359.05,234.56,185.77,0.85,-1,-1,-1
1069,2,563.29,99.45,96.75,70.66,0.68,-1,-1,-1
1069,34,659.16,104.03,57.70,40.23,0.85,-1,-1,-1
1070,1,1285.22,359.21,234.82,185.76,0.86,-1,-1,-1
1070,2,563.29,97.74,96.37,72.54,0.64,-1,-1,-1
1070,34,669.53,104.31,56.16,40.14,0.83,-1,-1,-1
1071,1,1285.11,358.81,234.82,185.89,0.86,-1,-1,-1
1071,2,563.23,96.97,96.43,73.34,0.62,-1,-1,-1
1071,34,670.58,104.35,59.44,39.96,0.78,-1,-1,-1
1072,1,1285.02,358.88,234.92,185.36,0.85,-1,-1,-1
1072,2,563.30,98.49,97.07,71.63,0.64,-1,-1,-1
1072,34,671.91,103.49,61.03,40.57,0.74,-1,-1,-1
1072,35,928.64,83.93,85.51,62.71,0.51,-1,-1,-1
1073,1,1285.08,358.89,234.86,185.37,0.86,-1,-1,-1
1073,2,563.32,98.85,97.01,71.18,0.65,-1,-1,-1
1073,34,675.74,102.83,60.30,41.91,0.79,-1,-1,-1
1074,1,1285.00,359.03,234.97,185.28,0.86,-1,-1,-1
1074,2,563.32,97.91,96.82,72.07,0.65,-1,-1,-1
1074,34,678.30,102.86,63.32,41.49,0.82,-1,-1,-1
1074,35,928.67,81.01,85.18,65.51,0.51,-1,-1,-1
1075,1,1285.00,359.02,234.99,185.27,0.85,-1,-1,-1
1075,2,563.38,97.02,97.17,72.89,0.63,-1,-1,-1
1075,34,677.23,100.66,67.03,43.45,0.78,-1,-1,-1
1076,1,1284.81,356.80,233.71,186.56,0.85,-1,-1,-1
1076,2,563.64,97.26,96.94,72.39,0.62,-1,-1,-1
1076,34,682.43,101.46,65.94,42.50,0.77,-1,-1,-1
1077,1,1284.89,358.86,235.14,185.53,0.85,-1,-1,-1
1077,2,563.63,97.36,96.74,72.20,0.64,-1,-1,-1
1077,34,685.11,101.90,67.19,42.44,0.77,-1,-1,-1
1078,1,1284.91,358.83,235.05,185.60,0.85,-1,-1,-1
1078,2,563.42,96.93,96.82,72.62,0.67,-1,-1,-1
1078,34,686.96,101.27,68.53,42.84,0.76,-1,-1,-1
1078,35,929.36,80.56,84.41,66.00,0.51,-1,-1,-1
1079,1,1284.80,358.98,235.15,185.39,0.85,-1,-1,-1
1079,2,563.35,96.95,96.91,72.69,0.68,-1,-1,-1
1079,34,692.17,102.62,65.66,40.83,0.69,-1,-1,-1
1079,35,929.34,80.56,84.42,65.97,0.52,-1,-1,-1
1079,36,731.44,55.59,36.38,26.18,0.53,-1,-1,-1
1080,1,1284.78,359.08,235.16,185.21,0.85,-1,-1,-1
1080,2,563.38,96.48,96.85,73.12,0.67,-1,-1,-1
1080,34,696.93,101.59,65.58,42.95,0.71,-1,-1,-1
1080,35,929.34,80.69,84.48,65.96,0.53,-1,-1,-1
1081,1,1285.16,358.88,234.81,185.40,0.85,-1,-1,-1
1081,2,562.93,98.32,97.09,71.13,0.70,-1,-1,-1
1081,34,697.25,100.70,66.03,43.78,0.71,-1,-1,-1
1082,1,1285.14,358.87,234.80,185.34,0.85,-1,-1,-1
1082,2,563.19,97.55,96.60,71.64,0.70,-1,-1,-1
1082,34,699.79,99.51,66.38,45.19,0.69,-1,-1,-1
1083,1,1285.30,358.71,234.66,185.46,0.85,-1,-1,-1
1083,2,563.16,97.48,96.71,71.74,0.69,-1,-1,-1
1083,34,700.87,92.68,68.17,51.31,0.53,-1,-1,-1
1084,1,1285.51,358.19,234.51,186.10,0.86,-1,-1,-1
1084,2,563.14,96.49,96.78,72.88,0.66,-1,-1,-1
1084,34,701.68,100.39,68.43,43.88,0.69,-1,-1,-1
1085,1,1285.45,358.26,234.58,186.01,0.85,-1,-1,-1
1085,2,563.03,97.09,97.01,72.31,0.66,-1,-1,-1
1085,34,704.57,99.58,66.36,44.29,0.73,-1,-1,-1
1086,1,1285.53,358.33,234.46,185.96,0.86,-1,-1,-1
1086,2,562.51,93.46,97.77,76.09,0.69,-1,-1,-1
1086,34,705.95,97.88,66.76,46.60,0.76,-1,-1,-1
1087,1,1285.67,358.44,234.35,185.86,0.86,-1,-1,-1
1087,2,562.49,94.38,97.78,75.24,0.69,-1,-1,-1
1087,34,709.46,99.22,64.31,44.94,0.76,-1,-1,-1
1088,1,1285.74,358.38,234.27,185.96,0.86,-1,-1,-1
1088,2,562.14,94.08,97.94,75.59,0.67,-1,-1,-1
1088,34,709.98,98.52,65.17,45.78,0.77,-1,-1,-1
1089,1,1285.72,358.46,234.22,185.86,0.85,-1,-1,-1
1089,2,562.80,96.50,97.34,73.21,0.66,-1,-1,-1
1089,34,712.73,97.90,62.55,46.20,0.77,-1,-1,-1
1090,1,1285.71,358.91,234.25,185.43,0.85,-1,-1,-1
1090,2,562.83,96.65,97.15,73.07,0.64,-1,-1,-1
1090,34,714.57,97.98,67.15,46.03,0.75,-1,-1,-1
1091,1,1285.71,359.38,234.18,184.88,0.86,-1,-1,-1
1091,2,562.68,96.57,97.55,73.16,0.65,-1,-1,-1
1091,34,718.50,93.79,69.38,50.42,0.71,-1,-1,-1
1092,1,1285.75,359.46,234.14,184.77,0.86,-1,-1,-1
1092,2,562.68,96.48,97.59,73.28,0.65,-1,-1,-1
1092,34,722.29,92.88,72.34,50.37,0.72,-1,-1,-1
1092,35,928.74,79.76,85.85,66.88,0.50,-1,-1,-1
1093,1,1285.45,359.77,234.61,184.98,0.86,-1,-1,-1
1093,2,562.63,95.30,97.80,74.50,0.63,-1,-1,-1
1093,34,726.94,90.19,73.00,52.95,0.71,-1,-1,-1
1094,1,1285.46,359.83,234.63,184.92,0.85,-1,-1,-1
1094,2,562.68,96.72,97.58,73.08,0.63,-1,-1,-1
1094,34,729.74,89.81,72.61,53.11,0.68,-1,-1,-1
1095,1,1285.57,359.93,234.53,184.77,0.85,-1,-1,-1
1095,2,562.73,96.64,97.55,73.14,0.62,-1,-1,-1
1095,34,730.27,88.20,76.66,54.90,0.54,-1,-1,-1
1096,1,1285.80,359.92,234.27,184.81,0.86,-1,-1,-1
1096,2,562.77,96.63,97.54,73.11,0.61,-1,-1,-1
1097,1,1285.78,359.92,234.29,184.85,0.86,-1,-1,-1
1097,2,562.67,96.83,97.63,72.93,0.64,-1,-1,-1
1097,34,732.30,87.94,76.63,55.34,0.52,-1,-1,-1
1098,1,1285.82,359.93,234.26,184.92,0.86,-1,-1,-1
1098,2,562.56,96.12,97.77,73.70,0.65,-1,-1,-1
1098,34,731.17,87.49,79.63,56.66,0.55,-1,-1,-1
1099,1,1285.87,359.72,234.21,185.18,0.85,-1,-1,-1
1099,2,562.56,97.02,97.72,72.82,0.67,-1,-1,-1
1099,34,732.79,90.21,77.66,53.38,0.59,-1,-1,-1
1100,1,1285.74,359.45,234.23,185.45,0.85,-1,-1,-1
1100,2,562.91,98.55,97.44,71.29,0.67,-1,-1,-1
1100,34,734.09,88.60,76.74,54.67,0.64,-1,-1,-1
1101,1,1285.74,359.46,234.23,185.42,0.85,-1,-1,-1
1101,2,563.07,98.26,97.10,71.53,0.69,-1,-1,-1
1101,34,733.99,88.67,76.43,54.33,0.66,-1,-1,-1
1102,1,1285.67,359.58,234.32,185.25,0.85,-1,-1,-1
1102,2,563.18,97.07,97.07,72.66,0.66,-1,-1,-1
1102,34,735.36,89.18,74.76,53.66,0.63,-1,-1,-1
1103,1,1285.63,359.87,234.30,185.04,0.85,-1,-1,-1
1103,2,562.67,97.22,98.16,72.68,0.68,-1,-1,-1
1103,34,734.77,87.15,75.01,55.97,0.61,-1,-1,-1
1104,1,1285.61,359.81,234.28,185.18,0.85,-1,-1,-1
1104,2,562.46,91.95,98.31,77.86,0.71,-1,-1,-1
1104,34,734.34,86.47,76.30,56.91,0.58,-1,-1,-1
1105,1,1285.74,360.25,234.12,184.85,0.85,-1,-1,-1
1105,2,562.46,95.04,98.17,75.10,0.75,-1,-1,-1
1105,34,733.54,86.32,76.90,56.67,0.65,-1,-1,-1
1106,1,1285.78,360.28,234.06,184.83,0.85,-1,-1,-1
1106,2,561.98,93.89,98.47,76.08,0.73,-1,-1,-1
1106,34,733.27,86.23,77.64,56.76,0.60,-1,-1,-1
1107,1,1285.58,360.18,234.24,184.92,0.85,-1,-1,-1
1107,2,562.51,95.19,97.99,74.93,0.69,-1,-1,-1
1107,34,733.44,86.26,77.53,56.64,0.59,-1,-1,-1
1108,1,1285.53,359.90,234.34,185.15,0.85,-1,-1,-1
1108,2,562.92,98.16,97.40,71.79,0.70,-1,-1,-1
1109,1,1285.57,359.89,234.38,185.25,0.85,-1,-1,-1
1109,2,563.24,98.08,97.34,71.85,0.69,-1,-1,-1
1110,1,1285.98,359.64,234.13,185.62,0.86,-1,-1,-1
1110,2,563.39,97.45,97.07,72.55,0.70,-1,-1,-1
1111,1,1285.96,359.69,234.12,185.59,0.86,-1,-1,-1
1111,2,563.43,98.70,97.01,71.19,0.71,-1,-1,-1
1112,1,1285.71,359.42,234.17,185.52,0.85,-1,-1,-1
1112,2,563.69,94.61,97.04,75.04,0.67,-1,-1,-1
1112,34,724.97,83.58,88.21,66.38,0.51,-1,-1,-1
1113,1,1285.69,359.33,234.15,185.63,0.85,-1,-1,-1
1113,2,563.28,92.19,97.16,77.58,0.64,-1,-1,-1
1113,34,724.43,84.74,89.01,67.00,0.53,-1,-1,-1
1114,1,1285.62,359.33,234.09,185.83,0.84,-1,-1,-1
1114,2,561.14,93.44,100.15,77.00,0.66,-1,-1,-1
1114,34,723.52,86.24,89.52,66.68,0.52,-1,-1,-1
1115,1,1285.37,359.44,234.46,185.57,0.85,-1,-1,-1
1115,2,562.53,96.00,98.26,73.73,0.67,-1,-1,-1
1115,34,723.01,86.80,88.39,67.38,0.65,-1,-1,-1
1116,1,1285.35,359.39,234.48,185.65,0.85,-1,-1,-1
1116,2,562.67,94.87,97.96,74.93,0.66,-1,-1,-1
1116,34,722.39,86.89,89.00,69.89,0.52,-1,-1,-1
1117,1,1285.26,358.54,234.61,186.39,0.86,-1,-1,-1
1117,2,562.88,99.12,97.58,70.90,0.69,-1,-1,-1
1117,34,722.47,88.17,90.31,71.32,0.74,-1,-1,-1
1118,1,1285.24,358.50,234.63,186.41,0.86,-1,-1,-1
1118,2,563.07,97.16,97.32,72.82,0.69,-1,-1,-1
1118,34,722.06,89.02,90.58,75.08,0.73,-1,-1,-1
1119,1,1285.66,358.90,234.04,185.90,0.86,-1,-1,-1
1119,2,563.09,96.88,96.60,72.73,0.71,-1,-1,-1
1119,34,721.86,91.37,91.21,73.29,0.78,-1,-1,-1
1120,1,1285.76,358.91,233.83,185.86,0.86,-1,-1,-1
1120,2,563.06,96.97,96.56,72.70,0.71,-1,-1,-1
1120,34,722.56,91.98,91.56,74.49,0.76,-1,-1,-1
1121,1,1285.70,359.01,233.89,185.85,0.86,-1,-1,-1
1121,2,563.14,97.07,96.55,72.51,0.71,-1,-1,-1
1121,34,722.05,94.61,92.15,72.18,0.80,-1,-1,-1
1122,1,1285.91,358.90,233.67,186.03,0.86,-1,-1,-1
1122,2,563.26,97.54,96.47,71.97,0.70,-1,-1,-1
1122,34,722.38,95.42,92.26,72.30,0.75,-1,-1,-1
1123,1,1286.12,358.85,233.49,186.10,0.86,-1,-1,-1
1123,2,563.53,97.67,96.27,71.90,0.71,-1,-1,-1
1123,34,722.18,96.25,93.27,73.10,0.75,-1,-1,-1
1124,1,1286.08,358.61,233.69,186.38,0.86,-1,-1,-1
1124,2,563.97,97.97,95.97,71.70,0.68,-1,-1,-1
1124,34,722.22,99.47,94.03,71.88,0.76,-1,-1,-1
1125,1,1285.92,359.46,234.14,185.05,0.86,-1,-1,-1
1125,2,563.66,97.19,96.18,72.88,0.66,-1,-1,-1
1125,34,722.88,98.36,93.33,77.22,0.75,-1,-1,-1
1126,1,1285.70,359.69,234.43,185.14,0.86,-1,-1,-1
1126,2,563.77,95.80,96.08,74.18,0.67,-1,-1,-1
1126,34,722.35,100.57,94.19,76.92,0.72,-1,-1,-1
1127,1,1285.75,359.84,234.48,185.01,0.86,-1,-1,-1
1127,2,563.90,95.21,95.82,74.69,0.68,-1,-1,-1
1127,34,721.98,103.20,95.10,76.47,0.77,-1,-1,-1
1128,1,1285.75,359.63,234.36,185.14,0.86,-1,-1,-1
1128,2,563.83,95.63,95.71,74.34,0.68,-1,-1,-1
1128,34,721.81,104.68,97.67,77.89,0.81,-1,-1,-1
1129,1,1285.08,360.49,234.83,184.07,0.86,-1,-1,-1
1129,2,563.88,96.76,95.69,73.15,0.69,-1,-1,-1
1129,34,721.22,105.42,97.35,80.23,0.82,-1,-1,-1
1130,1,1285.16,360.50,234.82,184.05,0.85,-1,-1,-1
1130,2,563.86,95.73,95.55,74.01,0.69,-1,-1,-1
1130,34,720.92,107.81,98.44,80.95,0.82,-1,-1,-1
1130,35,930.34,80.38,83.79,66.45,0.50,-1,-1,-1
1131,1,1285.28,359.55,234.64,184.95,0.86,-1,-1,-1
1131,2,564.13,96.96,95.23,72.39,0.68,-1,-1,-1
1131,34,720.17,114.62,100.72,79.57,0.80,-1,-1,-1
1132,1,1285.38,359.14,234.54,185.35,0.86,-1,-1,-1
1132,2,563.67,96.61,95.60,72.86,0.69,-1,-1,-1
1132,34,720.20,116.30,101.28,81.66,0.83,-1,-1,-1
1133,1,1285.44,359.14,234.31,185.57,0.86,-1,-1,-1
1133,2,563.51,96.13,95.96,73.43,0.69,-1,-1,-1
1133,34,719.56,117.70,103.05,83.67,0.84,-1,-1,-1
1134,1,1285.46,359.00,234.24,185.86,0.87,-1,-1,-1
1134,2,563.60,95.92,95.77,73.44,0.69,-1,-1,-1
1134,34,718.95,119.87,104.07,83.99,0.85,-1,-1,-1
1135,1,1285.54,358.31,234.07,186.46,0.86,-1,-1,-1
1135,2,563.23,95.40,96.40,73.87,0.70,-1,-1,-1
1135,34,717.13,121.67,105.71,84.27,0.86,-1,-1,-1
1136,1,1285.61,358.93,233.93,185.38,0.86,-1,-1,-1
1136,2,563.27,96.41,96.66,72.84,0.67,-1,-1,-1
1136,34,717.21,123.03,105.83,86.69,0.85,-1,-1,-1
1137,1,1285.50,358.81,234.01,185.51,0.86,-1,-1,-1
1137,2,563.24,96.96,96.70,72.30,0.66,-1,-1,-1
1137,34,715.21,124.78,109.07,88.31,0.83,-1,-1,-1
1138,1,1285.52,359.22,234.04,185.00,0.86,-1,-1,-1
1138,2,563.22,96.76,96.85,72.35,0.66,-1,-1,-1
1138,34,714.77,126.79,108.99,88.81,0.82,-1,-1,-1
1139,1,1284.95,360.54,235.25,183.76,0.86,-1,-1,-1
1139,2,563.37,96.40,96.05,72.52,0.65,-1,-1,-1
1139,34,713.61,129.02,109.87,89.06,0.79,-1,-1,-1
1140,1,1284.87,360.61,235.40,183.77,0.86,-1,-1,-1
1140,2,563.53,96.68,95.97,72.12,0.64,-1,-1,-1
1140,34,711.40,132.71,111.68,90.06,0.81,-1,-1,-1
1141,1,1284.92,360.63,235.41,184.39,0.86,-1,-1,-1
1141,2,563.59,95.54,95.49,73.38,0.63,-1,-1,-1
1141,34,711.80,135.69,110.91,90.05,0.84,-1,-1,-1
1141,37,901.56,904.60,485.25,171.98,0.61,-1,-1,-1
1142,1,1284.95,359.46,235.29,185.50,0.86,-1,-1,-1
1142,2,563.78,95.20,95.58,74.65,0.64,-1,-1,-1
1142,34,709.34,139.15,112.91,89.36,0.83,-1,-1,-1
1142,37,905.36,879.57,476.90,191.91,0.70,-1,-1,-1
1143,1,1285.57,361.86,235.22,183.86,0.85,-1,-1,-1
1143,2,564.41,92.37,95.21,77.38,0.63,-1,-1,-1
1143,34,706.91,141.40,115.79,90.76,0.83,-1,-1,-1
1143,37,912.35,854.45,464.77,217.39,0.77,-1,-1,-1
1144,1,1285.23,361.48,235.59,183.63,0.86,-1,-1,-1
1144,2,564.59,93.16,95.20,76.49,0.65,-1,-1,-1
1144,34,704.91,146.15,117.95,90.93,0.81,-1,-1,-1
1144,37,916.55,825.83,453.55,247.42,0.75,-1,-1,-1
1145,1,1285.02,360.63,235.74,184.61,0.86,-1,-1,-1
1145,2,564.44,93.87,94.85,75.30,0.64,-1,-1,-1
1145,34,702.94,146.73,120.15,93.12,0.79,-1,-1,-1
1145,37,917.34,800.59,446.22,273.33,0.84,-1,-1,-1
1146,1,1285.59,361.01,235.17,184.30,0.85,-1,-1,-1
1146,2,565.37,94.60,94.15,74.79,0.63,-1,-1,-1
1146,34,701.28,149.98,120.01,92.91,0.80,-1,-1,-1
1146,37,917.76,778.31,438.20,295.90,0.91,-1,-1,-1
1147,1,1285.79,361.94,234.83,183.52,0.86,-1,-1,-1
1147,2,564.83,94.23,94.99,75.29,0.64,-1,-1,-1
1147,34,699.77,152.20,122.07,94.87,0.85,-1,-1,-1
1147,37,922.26,755.92,426.52,318.87,0.91,-1,-1,-1
1148,1,1285.92,361.84,234.49,183.72,0.85,-1,-1,-1
1148,2,567.12,95.31,94.81,75.31,0.63,-1,-1,-1
1148,34,699.64,155.04,123.20,96.87,0.83,-1,-1,-1
1148,37,927.91,729.74,417.19,341.15,0.92,-1,-1,-1
1149,1,1286.23,360.55,234.14,184.81,0.86,-1,-1,-1
1149,2,567.24,94.50,94.20,75.85,0.64,-1,-1,-1
1149,34,698.22,156.84,123.65,99.07,0.85,-1,-1,-1
1149,37,928.94,710.88,412.20,356.55,0.90,-1,-1,-1
1150,1,1286.41,360.63,234.01,184.86,0.85,-1,-1,-1
1150,2,565.54,93.49,94.53,76.24,0.61,-1,-1,-1
1150,34,696.93,159.94,123.96,100.32,0.85,-1,-1,-1
1150,37,932.42,689.68,402.05,352.40,0.91,-1,-1,-1
1151,1,1286.48,360.34,234.11,185.08,0.86,-1,-1,-1
1151,2,565.67,93.01,94.47,76.74,0.61,-1,-1,-1
1151,34,694.47,162.03,126.86,102.39,0.85,-1,-1,-1
1151,37,934.75,669.64,394.22,346.27,0.90,-1,-1,-1
1152,1,1286.41,360.48,233.99,185.07,0.85,-1,-1,-1
1152,2,564.98,92.02,95.15,77.83,0.56,-1,-1,-1
1152,34,692.73,167.51,128.72,100.39,0.83,-1,-1,-1
1152,37,936.09,649.36,386.87,339.31,0.87,-1,-1,-1
1153,1,1285.99,362.61,234.72,182.50,0.85,-1,-1,-1
1153,2,564.88,92.50,95.50,77.21,0.61,-1,-1,-1
1153,34,688.96,169.37,131.55,102.58,0.83,-1,-1,-1
1153,37,937.18,630.47,378.84,333.38,0.88,-1,-1,-1
1154,1,1285.99,361.87,234.42,183.34,0.86,-1,-1,-1
1154,2,564.63,92.64,95.61,77.12,0.54,-1,-1,-1
1154,34,688.62,171.87,129.96,104.42,0.83,-1,-1,-1
1154,37,938.99,610.95,372.46,326.48,0.89,-1,-1,-1
1155,1,1285.73,361.47,234.54,183.86,0.85,-1,-1,-1
1155,2,564.06,93.23,96.37,76.46,0.61,-1,-1,-1
1155,34,684.20,177.09,133.39,103.74,0.86,-1,-1,-1
1155,37,940.03,591.09,367.47,322.86,0.90,-1,-1,-1
1156,1,1285.89,361.11,234.35,184.08,0.86,-1,-1,-1
1156,2,563.54,93.13,96.58,76.62,0.63,-1,-1,-1
1156,34,680.38,179.83,136.57,106.53,0.90,-1,-1,-1
1156,37,945.83,579.04,354.84,308.68,0.92,-1,-1,-1
1157,1,1285.96,361.60,234.36,183.54,0.86,-1,-1,-1
1157,2,563.10,92.75,97.00,77.19,0.64,-1,-1,-1
1157,34,679.59,181.47,137.32,108.64,0.89,-1,-1,-1
1157,37,943.06,561.03,352.85,305.30,0.93,-1,-1,-1
1158,1,1285.94,361.64,234.35,183.34,0.85,-1,-1,-1
1158,2,563.07,93.64,97.28,76.14,0.66,-1,-1,-1
1158,34,678.11,183.30,139.87,111.70,0.90,-1,-1,-1
1158,37,943.89,545.98,347.48,298.38,0.90,-1,-1,-1
1159,1,1285.68,360.63,234.84,183.84,0.85,-1,-1,-1
1159,2,563.01,94.64,97.09,75.14,0.67,-1,-1,-1
1159,34,673.42,187.23,144.11,112.60,0.86,-1,-1,-1
1159,37,944.01,532.60,339.99,291.57,0.89,-1,-1,-1
1160,1,1285.75,360.67,234.79,183.91,0.85,-1,-1,-1
1160,2,563.12,95.06,96.91,74.59,0.66,-1,-1,-1
1160,34,674.89,192.65,141.83,113.72,0.87,-1,-1,-1
1160,37,943.36,516.25,335.05,285.26,0.90,-1,-1,-1
1161,1,1285.83,360.61,234.66,183.90,0.85,-1,-1,-1
1161,2,562.95,94.13,97.02,75.75,0.65,-1,-1,-1
1161,34,672.73,196.25,144.31,115.76,0.88,-1,-1,-1
1161,37,941.53,505.10,329.65,278.90,0.91,-1,-1,-1
1162,1,1286.05,360.96,234.40,183.75,0.85,-1,-1,-1
1162,2,562.87,93.82,97.11,76.07,0.63,-1,-1,-1
1162,34,671.56,200.58,144.21,115.37,0.90,-1,-1,-1
1162,37,942.30,490.62,324.24,277.72,0.92,-1,-1,-1
1163,1,1285.98,360.63,234.37,184.25,0.84,-1,-1,-1
1163,2,562.82,94.16,97.14,75.84,0.64,-1,-1,-1
1163,34,669.78,205.19,146.55,118.17,0.87,-1,-1,-1
1163,37,939.13,480.25,321.33,270.25,0.89,-1,-1,-1
1164,1,1285.59,361.03,234.87,183.94,0.84,-1,-1,-1
1164,2,562.76,94.08,97.24,76.06,0.63,-1,-1,-1
1164,34,666.79,206.84,149.48,121.27,0.86,-1,-1,-1
1164,37,938.70,465.94,314.43,264.60,0.90,-1,-1,-1
1165,1,1286.37,360.26,233.73,184.81,0.84,-1,-1,-1
1165,2,562.95,91.80,97.20,78.46,0.66,-1,-1,-1
1165,34,663.62,211.54,153.19,124.31,0.87,-1,-1,-1
1165,37,932.20,452.70,311.88,260.62,0.90,-1,-1,-1
1166,1,1286.45,360.72,233.53,184.13,0.84,-1,-1,-1
1166,2,562.99,92.62,97.21,77.65,0.64,-1,-1,-1
1166,34,654.64,215.74,161.05,126.77,0.87,-1,-1,-1
1166,37,930.22,442.33,313.12,256.78,0.86,-1,-1,-1
1167,1,1286.64,359.98,233.42,184.55,0.85,-1,-1,-1
1167,2,562.62,92.30,97.66,78.05,0.68,-1,-1,-1
1167,34,650.59,221.47,164.74,125.97,0.92,-1,-1,-1
1167,37,931.24,430.49,299.93,252.86,0.89,-1,-1,-1
1168,1,1286.67,360.02,233.46,184.97,0.84,-1,-1,-1
1168,2,562.57,95.32,97.56,74.80,0.68,-1,-1,-1
1168,34,651.67,226.64,162.21,129.53,0.88,-1,-1,-1
1168,37,934.23,420.35,290.02,250.97,0.89,-1,-1,-1
1169,1,1285.95,361.77,234.07,183.18,0.84,-1,-1,-1
1169,2,562.28,93.68,97.66,76.60,0.69,-1,-1,-1
1169,34,650.43,229.79,164.59,132.92,0.89,-1,-1,-1
1169,37,933.62,411.83,284.35,245.07,0.90,-1,-1,-1
1170,1,1285.94,362.09,234.22,182.86,0.85,-1,-1,-1
1170,2,562.44,92.71,97.46,77.65,0.66,-1,-1,-1
1170,34,643.40,235.05,171.81,132.69,0.90,-1,-1,-1
1170,37,928.79,399.23,286.25,243.67,0.88,-1,-1,-1
1171,1,1285.27,362.53,234.88,182.69,0.85,-1,-1,-1
1171,2,562.90,94.84,97.17,75.46,0.66,-1,-1,-1
1171,34,643.14,240.84,169.47,131.98,0.90,-1,-1,-1
1171,37,927.84,390.50,283.90,239.68,0.88,-1,-1,-1
1172,1,1285.26,362.42,234.88,182.60,0.85,-1,-1,-1
1172,2,562.73,95.49,97.26,74.42,0.70,-1,-1,-1
1172,34,640.97,245.45,170.95,135.02,0.91,-1,-1,-1
1172,37,930.95,381.53,275.85,233.71,0.86,-1,-1,-1
1173,1,1285.39,362.30,234.72,182.70,0.85,-1,-1,-1
1173,2,562.82,94.35,97.39,75.70,0.69,-1,-1,-1
1173,34,636.08,249.56,178.60,136.87,0.87,-1,-1,-1
1173,37,927.61,371.25,270.34,232.13,0.88,-1,-1,-1
1174,1,1285.12,362.26,234.93,182.27,0.85,-1,-1,-1
1174,2,562.93,95.68,97.26,74.46,0.70,-1,-1,-1
1174,34,631.91,253.56,182.86,138.90,0.87,-1,-1,-1
1174,37,928.29,365.40,270.55,224.66,0.84,-1,-1,-1
1175,1,1285.46,362.26,234.69,182.33,0.86,-1,-1,-1
1175,2,562.68,96.13,97.50,73.98,0.70,-1,-1,-1
1175,34,626.62,254.84,189.96,144.72,0.89,-1,-1,-1
1175,37,938.26,355.51,254.44,223.97,0.83,-1,-1,-1
1176,1,1285.35,361.85,234.64,182.82,0.85,-1,-1,-1
1176,2,562.03,95.95,98.14,74.30,0.67,-1,-1,-1
1176,34,624.51,263.33,192.26,144.88,0.89,-1,-1,-1
1176,37,930.06,347.23,262.45,221.34,0.85,-1,-1,-1
1177,1,1285.54,362.00,234.71,182.94,0.86,-1,-1,-1
1177,2,561.29,93.27,98.52,77.11,0.60,-1,-1,-1
1177,34,623.91,267.40,192.32,147.44,0.89,-1,-1,-1
1177,37,932.05,340.83,254.38,217.81,0.84,-1,-1,-1
1178,1,1285.38,361.75,234.87,183.51,0.85,-1,-1,-1
1178,2,561.54,91.03,98.29,79.34,0.58,-1,-1,-1
1178,34,619.75,273.97,197.41,149.03,0.90,-1,-1,-1
1178,37,934.14,331.27,252.07,214.98,0.88,-1,-1,-1
1179,1,1285.06,361.59,234.99,182.90,0.83,-1,-1,-1
1179,2,562.84,94.11,97.26,76.23,0.61,-1,-1,-1
1179,34,616.51,278.09,198.70,156.19,0.87,-1,-1,-1
1179,37,937.29,325.38,248.61,210.35,0.86,-1,-1,-1
1180,1,1284.60,361.79,235.48,182.71,0.83,-1,-1,-1
1180,2,562.73,93.84,97.45,76.51,0.58,-1,-1,-1
1180,34,613.74,284.98,203.77,157.88,0.89,-1,-1,-1
1180,37,935.70,319.49,248.42,207.22,0.87,-1,-1,-1
1181,1,1284.62,361.30,235.50,183.13,0.84,-1,-1,-1
1181,2,562.97,94.91,97.10,75.40,0.57,-1,-1,-1
1181,34,610.36,293.60,206.05,161.63,0.88,-1,-1,-1
1181,37,934.43,310.77,249.62,206.01,0.88,-1,-1,-1
1182,1,1284.83,360.89,234.88,183.38,0.84,-1,-1,-1
1182,2,562.79,92.84,97.35,77.33,0.60,-1,-1,-1
1182,34,604.83,302.39,211.62,165.32,0.88,-1,-1,-1
1182,37,937.32,303.62,244.73,204.58,0.81,-1,-1,-1
1183,1,1284.58,360.29,235.11,184.06,0.83,-1,-1,-1
1183,2,562.60,92.69,97.51,77.57,0.64,-1,-1,-1
1183,34,601.48,311.25,217.67,169.21,0.89,-1,-1,-1
1183,37,937.21,299.27,239.80,199.81,0.86,-1,-1,-1
1184,1,1284.57,360.37,235.09,183.91,0.81,-1,-1,-1
1184,2,562.55,92.14,97.60,78.21,0.67,-1,-1,-1
1184,34,598.84,321.56,218.61,171.71,0.89,-1,-1,-1
1184,37,938.08,293.99,234.09,196.52,0.87,-1,-1,-1
1185,1,1284.42,360.52,235.31,183.69,0.84,-1,-1,-1
1185,2,562.47,92.84,97.59,77.29,0.68,-1,-1,-1
1185,34,593.34,333.73,222.39,176.29,0.87,-1,-1,-1
1185,37,940.17,286.16,231.14,195.69,0.88,-1,-1,-1
1186,1,1284.74,360.55,235.14,183.54,0.85,-1,-1,-1
1186,2,562.43,93.07,97.43,77.07,0.67,-1,-1,-1
1186,34,589.10,345.09,227.32,178.47,0.89,-1,-1,-1
1186,37,941.38,280.54,230.72,192.65,0.87,-1,-1,-1
1187,1,1284.84,360.72,235.05,183.36,0.84,-1,-1,-1
1187,2,562.80,92.54,97.00,77.60,0.61,-1,-1,-1
1187,34,587.41,356.45,228.04,183.33,0.89,-1,-1,-1
1187,37,939.02,275.05,228.10,190.60,0.87,-1,-1,-1
1188,1,1284.46,360.53,235.54,183.73,0.84,-1,-1,-1
1188,2,562.57,92.21,97.40,78.16,0.66,-1,-1,-1
1188,34,580.52,367.55,235.79,187.32,0.90,-1,-1,-1
1188,37,938.48,273.85,229.14,184.87,0.86,-1,-1,-1
1189,1,1285.95,362.02,233.81,182.90,0.82,-1,-1,-1
1189,2,563.13,95.92,96.62,74.27,0.59,-1,-1,-1
1189,34,574.65,382.12,244.85,188.85,0.91,-1,-1,-1
1189,37,939.78,266.57,226.85,183.90,0.82,-1,-1,-1
1190,1,1286.04,361.87,233.84,182.95,0.83,-1,-1,-1
1190,2,563.09,95.65,96.73,74.43,0.61,-1,-1,-1
1190,34,570.31,394.29,247.25,193.59,0.91,-1,-1,-1
1190,37,947.94,261.57,216.16,182.35,0.81,-1,-1,-1
1191,1,1286.37,361.79,233.59,183.12,0.84,-1,-1,-1
1191,2,563.32,95.30,96.59,74.88,0.61,-1,-1,-1
1191,34,564.16,408.42,253.93,197.05,0.91,-1,-1,-1
1191,37,945.10,256.31,218.30,182.09,0.85,-1,-1,-1
1192,1,1286.25,362.15,233.76,182.72,0.85,-1,-1,-1
1192,2,563.25,96.42,96.72,73.86,0.66,-1,-1,-1
1192,34,561.34,419.43,256.43,206.55,0.90,-1,-1,-1
1192,37,948.98,253.81,208.09,178.17,0.80,-1,-1,-1
1193,1,1286.37,361.99,233.76,182.80,0.86,-1,-1,-1
1193,2,563.29,95.76,96.55,74.28,0.65,-1,-1,-1
1193,34,553.82,434.69,263.11,210.91,0.92,-1,-1,-1
1193,37,945.72,251.42,211.18,174.52,0.69,-1,-1,-1
1194,1,1285.77,361.79,234.35,182.50,0.85,-1,-1,-1
1194,2,563.44,95.79,96.52,74.31,0.64,-1,-1,-1
1194,34,550.91,449.54,265.38,212.50,0.90,-1,-1,-1
1194,37,948.41,245.84,206.31,173.72,0.74,-1,-1,-1
1195,1,1286.01,361.55,234.10,182.46,0.86,-1,-1,-1
1195,2,563.26,96.14,96.55,74.24,0.63,-1,-1,-1
1195,34,542.94,465.91,275.56,216.81,0.91,-1,-1,-1
1195,37,947.76,241.50,202.02,172.28,0.84,-1,-1,-1
1196,1,1286.05,361.77,234.14,183.06,0.85,-1,-1,-1
1196,2,563.15,94.83,96.66,75.67,0.60,-1,-1,-1
1196,34,539.69,479.80,277.58,224.64,0.91,-1,-1,-1
1196,37,943.79,238.34,202.80,171.05,0.81,-1,-1,-1
1197,1,1285.75,361.41,234.51,183.24,0.85,-1,-1,-1
1197,2,563.42,94.28,96.68,75.93,0.61,-1,-1,-1
1197,34,532.87,497.49,284.48,230.09,0.91,-1,-1,-1
1197,37,946.81,233.24,195.60,171.46,0.76,-1,-1,-1
1198,1,1285.76,361.89,234.63,182.99,0.85,-1,-1,-1
1198,2,563.55,93.58,96.61,76.60,0.60,-1,-1,-1
1198,34,526.13,516.75,289.66,236.35,0.92,-1,-1,-1
1198,37,943.98,229.26,197.89,168.44,0.79,-1,-1,-1
1199,1,1286.44,360.93,233.76,183.31,0.85,-1,-1,-1
1199,2,563.45,92.85,96.39,76.90,0.69,-1,-1,-1
1199,34,517.64,536.63,300.08,243.66,0.92,-1,-1,-1
1199,37,942.51,226.20,197.73,166.80,0.75,-1,-1,-1
1200,1,1286.24,360.70,233.97,183.58,0.85,-1,-1,-1
1200,2,563.40,92.91,96.50,76.84,0.68,-1,-1,-1
1200,34,508.53,558.06,307.79,250.49,0.91,-1,-1,-1
1200,37,943.25,223.39,197.11,164.32,0.81,-1,-1,-1
1201,1,1285.94,360.92,234.29,183.47,0.85,-1,-1,-1
1201,2,563.42,92.72,96.28,77.21,0.69,-1,-1,-1
1201,34,500.30,578.66,314.17,260.17,0.92,-1,-1,-1
1201,37,944.38,220.72,189.34,162.81,0.80,-1,-1,-1
1202,1,1285.58,361.57,234.66,182.85,0.84,-1,-1,-1
1202,2,563.48,92.01,96.12,77.94,0.64,-1,-1,-1
1202,34,486.92,603.90,322.13,264.53,0.91,-1,-1,-1
1202,37,945.39,216.14,185.54,161.71,0.76,-1,-1,-1
1203,1,1285.25,361.71,235.04,182.75,0.85,-1,-1,-1
1203,2,563.48,92.07,96.60,77.61,0.68,-1,-1,-1
1203,34,472.93,627.85,328.42,275.46,0.91,-1,-1,-1
1203,37,941.60,214.19,188.37,158.95,0.81,-1,-1,-1
1204,1,1285.57,360.97,234.60,183.39,0.85,-1,-1,-1
1204,2,563.25,92.32,96.41,77.12,0.66,-1,-1,-1
1204,34,457.25,654.50,340.60,283.70,0.92,-1,-1,-1
1204,37,940.82,211.52,187.66,157.93,0.71,-1,-1,-1
1205,1,1285.63,360.61,234.40,183.65,0.86,-1,-1,-1
1205,2,563.89,91.87,95.69,77.46,0.69,-1,-1,-1
1205,34,439.20,682.16,350.02,290.39,0.92,-1,-1,-1
1205,37,939.91,208.41,184.03,156.97,0.72,-1,-1,-1
1206,1,1285.91,360.87,234.04,182.83,0.86,-1,-1,-1
1206,2,563.78,91.09,95.70,78.35,0.65,-1,-1,-1
1206,34,416.87,711.09,362.74,300.05,0.94,-1,-1,-1
1206,37,937.86,204.15,182.32,156.42,0.78,-1,-1,-1
1207,1,1285.80,360.69,234.10,183.19,0.86,-1,-1,-1
1207,2,563.80,91.53,95.70,77.89,0.67,-1,-1,-1
1207,34,402.05,743.54,368.25,305.87,0.93,-1,-1,-1
1207,37,937.55,201.85,181.82,154.24,0.61,-1,-1,-1
1208,1,1285.76,360.69,234.20,183.15,0.86,-1,-1,-1
1208,2,563.73,90.48,95.87,79.00,0.67,-1,-1,-1
1208,34,372.04,772.69,383.00,299.87,0.93,-1,-1,-1
1208,37,937.04,199.49,180.77,150.73,0.70,-1,-1,-1
1209,1,1285.16,361.45,234.59,182.39,0.86,-1,-1,-1
1209,2,563.19,89.93,96.51,79.80,0.63,-1,-1,-1
1209,34,346.44,805.91,394.22,268.41,0.93,-1,-1,-1
1209,37,935.10,195.10,177.73,150.62,0.72,-1,-1,-1
1210,1,1285.27,361.30,234.50,182.44,0.86,-1,-1,-1
1210,2,563.28,90.12,96.44,79.58,0.65,-1,-1,-1
1210,34,316.18,840.97,406.74,234.29,0.93,-1,-1,-1
1210,37,934.46,192.97,177.66,148.50,0.74,-1,-1,-1
1211,1,1285.23,361.50,234.52,182.22,0.86,-1,-1,-1
1211,2,563.19,89.85,96.51,79.81,0.65,-1,-1,-1
1211,34,279.54,876.51,424.47,200.45,0.89,-1,-1,-1
1211,37,931.32,190.10,177.41,145.99,0.70,-1,-1,-1
1212,1,1285.27,361.53,234.47,182.33,0.85,-1,-1,-1
1212,2,563.03,89.51,96.88,80.22,0.66,-1,-1,-1
1212,34,248.74,913.53,430.32,159.24,0.86,-1,-1,-1
1212,37,934.28,188.66,168.46,143.50,0.86,-1,-1,-1
1213,1,1285.56,361.44,234.27,182.89,0.85,-1,-1,-1
1213,2,563.90,90.52,95.87,79.06,0.63,-1,-1,-1
1213,34,253.47,954.38,401.62,124.97,0.80,-1,-1,-1
1213,37,932.41,185.22,168.41,142.83,0.85,-1,-1,-1
1214,1,1285.79,361.25,233.98,183.20,0.85,-1,-1,-1
1214,2,563.77,90.75,96.04,79.09,0.63,-1,-1,-1
1214,34,236.18,997.82,373.50,80.14,0.69,-1,-1,-1
1214,37,932.97,183.20,165.63,141.00,0.86,-1,-1,-1
1215,1,1285.45,361.06,234.23,183.51,0.85,-1,-1,-1
1215,2,563.52,88.17,96.11,81.51,0.64,-1,-1,-1
1215,37,932.19,179.23,164.78,141.97,0.89,-1,-1,-1
1216,1,1286.39,361.60,233.61,183.15,0.86,-1,-1,-1
1216,2,562.96,91.48,96.71,78.22,0.66,-1,-1,-1
1216,37,923.90,177.02,170.07,141.24,0.84,-1,-1,-1
1217,1,1286.65,361.48,233.57,183.02,0.87,-1,-1,-1
1217,2,563.00,91.64,97.05,78.27,0.69,-1,-1,-1
1217,37,924.14,175.06,164.70,138.13,0.83,-1,-1,-1
1218,1,1286.54,361.68,233.53,182.75,0.87,-1,-1,-1
1218,2,563.40,90.53,96.92,79.37,0.70,-1,-1,-1
1218,37,930.62,175.47,156.68,133.76,0.83,-1,-1,-1
1219,1,1286.32,361.37,233.97,182.50,0.85,-1,-1,-1
1219,2,564.02,92.46,96.21,77.19,0.68,-1,-1,-1
1219,37,923.94,172.24,160.96,133.08,0.80,-1,-1,-1
1220,1,1286.35,361.57,233.84,182.30,0.85,-1,-1,-1
1220,2,563.99,93.77,96.27,75.88,0.66,-1,-1,-1
1220,37,926.31,171.11,154.91,130.72,0.79,-1,-1,-1
1221,1,1286.36,361.57,233.93,182.28,0.85,-1,-1,-1
1221,2,563.41,91.75,96.94,78.02,0.67,-1,-1,-1
1221,37,921.69,160.82,157.86,137.14,0.81,-1,-1,-1
1222,1,1285.58,361.75,234.61,182.05,0.86,-1,-1,-1
1222,2,563.50,89.92,97.03,79.72,0.66,-1,-1,-1
1222,37,921.24,158.39,155.70,135.14,0.83,-1,-1,-1
1223,1,1285.35,361.57,234.93,182.20,0.86,-1,-1,-1
1223,2,563.76,91.70,96.12,78.04,0.61,-1,-1,-1
1223,37,920.34,157.85,154.87,132.32,0.87,-1,-1,-1
1224,1,1285.43,361.40,234.82,182.53,0.85,-1,-1,-1
1224,2,563.44,88.99,96.51,80.77,0.61,-1,-1,-1
1224,37,920.70,155.75,150.28,131.06,0.87,-1,-1,-1
1225,1,1285.66,360.91,234.75,182.68,0.85,-1,-1,-1
1225,2,564.06,91.16,96.09,78.72,0.62,-1,-1,-1
1225,37,919.21,156.39,147.71,125.72,0.84,-1,-1,-1
1226,1,1285.61,360.59,234.70,182.90,0.85,-1,-1,-1
1226,2,564.36,91.56,95.72,78.31,0.62,-1,-1,-1
1226,37,916.61,153.74,147.77,125.05,0.88,-1,-1,-1
1227,1,1285.43,360.77,234.73,182.66,0.85,-1,-1,-1
1227,2,563.80,87.60,96.52,82.21,0.62,-1,-1,-1
1227,37,913.35,151.39,149.40,125.35,0.87,-1,-1,-1
1228,1,1285.54,360.86,234.59,182.47,0.85,-1,-1,-1
1228,2,563.96,89.20,96.34,80.45,0.62,-1,-1,-1
1228,37,912.38,149.81,146.77,125.29,0.83,-1,-1,-1
1229,1,1286.11,361.97,233.98,181.89,0.85,-1,-1,-1
1229,2,563.52,96.57,96.83,73.01,0.66,-1,-1,-1
1229,37,913.21,150.26,143.56,121.98,0.85,-1,-1,-1
1230,1,1286.00,361.97,234.09,181.88,0.85,-1,-1,-1
1230,2,563.47,97.26,96.76,72.30,0.67,-1,-1,-1
1230,37,911.50,148.68,142.14,121.49,0.85,-1,-1,-1
1231,1,1286.03,362.01,234.07,181.86,0.85,-1,-1,-1
1231,2,563.48,95.88,96.80,73.71,0.67,-1,-1,-1
1231,37,911.81,147.27,140.67,119.80,0.85,-1,-1,-1
1232,1,1286.05,362.01,233.99,181.78,0.85,-1,-1,-1
1232,2,563.35,95.41,97.07,74.21,0.68,-1,-1,-1
1232,37,910.90,146.35,139.40,118.08,0.87,-1,-1,-1
1233,1,1285.93,362.02,234.10,181.86,0.85,-1,-1,-1
1233,2,563.16,95.38,97.36,74.34,0.68,-1,-1,-1
1233,37,907.87,144.29,139.23,117.51,0.85,-1,-1,-1
1234,1,1285.79,362.04,234.27,181.81,0.85,-1,-1,-1
1234,2,563.15,95.40,97.35,74.27,0.69,-1,-1,-1
1234,37,902.16,141.00,143.35,118.68,0.82,-1,-1,-1
1235,1,1285.40,361.65,234.63,182.09,0.85,-1,-1,-1
1235,2,562.86,93.43,97.56,76.17,0.68,-1,-1,-1
1235,37,904.37,136.38,137.46,121.20,0.81,-1,-1,-1
1236,1,1284.84,360.52,235.26,183.20,0.85,-1,-1,-1
1236,2,563.15,90.99,97.30,78.64,0.67,-1,-1,-1
1236,37,901.07,132.95,139.04,121.20,0.79,-1,-1,-1
1237,1,1284.77,361.60,235.15,182.46,0.85,-1,-1,-1
1237,2,563.27,91.83,97.12,77.74,0.67,-1,-1,-1
1237,37,902.15,133.88,135.30,116.93,0.81,-1,-1,-1
1238,1,1284.88,361.63,235.00,182.36,0.85,-1,-1,-1
1238,2,563.22,92.17,97.13,77.39,0.68,-1,-1,-1
1238,37,901.58,130.40,133.56,117.95,0.80,-1,-1,-1
1239,1,1285.08,361.57,234.77,182.44,0.85,-1,-1,-1
1239,2,563.29,90.85,97.06,78.86,0.65,-1,-1,-1
1239,37,900.80,130.17,132.52,115.37,0.83,-1,-1,-1
1240,1,1285.36,360.75,234.31,183.09,0.86,-1,-1,-1
1240,2,563.33,92.81,96.74,76.68,0.63,-1,-1,-1
1240,37,899.57,128.13,130.63,115.62,0.82,-1,-1,-1
1241,1,1285.66,360.85,234.09,182.66,0.85,-1,-1,-1
1241,2,563.14,93.22,97.06,76.68,0.68,-1,-1,-1
1241,37,896.90,128.27,131.74,113.00,0.85,-1,-1,-1
1242,1,1285.94,360.62,233.79,182.85,0.86,-1,-1,-1
1242,2,563.20,92.95,96.86,76.98,0.69,-1,-1,-1
1242,37,895.17,126.61,131.62,112.32,0.85,-1,-1,-1
1243,1,1286.09,360.73,233.65,182.75,0.86,-1,-1,-1
1243,2,562.87,91.06,97.28,78.82,0.65,-1,-1,-1
1243,37,894.41,125.83,129.52,111.49,0.81,-1,-1,-1
1244,1,1286.30,360.86,233.37,182.54,0.87,-1,-1,-1
1244,2,562.81,93.04,97.41,76.89,0.66,-1,-1,-1
1244,37,893.40,124.92,126.28,110.69,0.80,-1,-1,-1
1245,1,1286.38,360.77,233.34,182.54,0.87,-1,-1,-1
1245,2,563.00,94.55,97.57,75.50,0.68,-1,-1,-1
1245,37,891.29,123.67,126.19,109.85,0.75,-1,-1,-1
1246,1,1286.49,361.10,233.55,182.71,0.87,-1,-1,-1
1246,2,563.17,94.18,97.42,75.99,0.66,-1,-1,-1
1246,37,890.42,120.75,126.12,108.92,0.76,-1,-1,-1
1247,1,1286.41,360.92,233.68,182.80,0.86,-1,-1,-1
1247,2,563.34,94.97,97.13,75.14,0.66,-1,-1,-1
1247,37,889.04,120.69,124.88,108.20,0.64,-1,-1,-1
1248,1,1286.13,360.72,233.86,182.88,0.86,-1,-1,-1
1248,2,563.27,93.66,97.30,76.44,0.66,-1,-1,-1
1248,37,890.21,120.37,119.63,106.22,0.70,-1,-1,-1
1249,1,1285.98,360.77,234.02,183.18,0.87,-1,-1,-1
1249,2,563.20,94.60,97.02,75.59,0.67,-1,-1,-1
1249,37,884.74,118.34,124.58,106.15,0.70,-1,-1,-1
1250,1,1286.18,359.82,233.58,184.88,0.86,-1,-1,-1
1250,2,563.86,96.29,96.16,73.63,0.68,-1,-1,-1
1250,37,886.17,116.74,120.74,105.23,0.74,-1,-1,-1
1251,1,1285.51,360.73,234.24,184.52,0.86,-1,-1,-1
1251,2,564.15,93.41,95.51,75.94,0.60,-1,-1,-1
1251,37,883.25,115.44,122.82,105.10,0.68,-1,-1,-1
1252,1,1285.61,360.24,234.05,184.56,0.86,-1,-1,-1
1252,2,564.33,92.11,95.65,76.56,0.61,-1,-1,-1
1252,37,881.26,113.30,122.55,104.09,0.80,-1,-1,-1
1253,1,1285.73,360.40,233.97,183.87,0.86,-1,-1,-1
1253,2,564.03,89.25,96.31,80.02,0.57,-1,-1,-1
1253,37,882.07,112.06,120.33,102.68,0.83,-1,-1,-1
1254,1,1285.76,360.42,233.89,183.88,0.86,-1,-1,-1
1254,2,563.95,90.40,96.48,78.90,0.58,-1,-1,-1
1254,37,879.25,109.68,119.42,103.70,0.81,-1,-1,-1
1255,1,1285.77,360.29,233.92,184.01,0.86,-1,-1,-1
1255,2,563.98,91.72,96.36,77.60,0.62,-1,-1,-1
1255,37,879.01,107.68,117.02,104.30,0.84,-1,-1,-1
1256,1,1285.69,360.38,234.01,183.57,0.87,-1,-1,-1
1256,2,564.38,93.05,95.95,75.86,0.64,-1,-1,-1
1256,37,876.29,106.27,116.67,102.76,0.82,-1,-1,-1
1257,1,1285.63,360.09,234.02,183.72,0.86,-1,-1,-1
1257,2,564.06,91.90,96.52,77.16,0.67,-1,-1,-1
1257,37,876.79,104.86,114.80,101.55,0.82,-1,-1,-1
1258,1,1285.70,360.05,233.88,183.73,0.86,-1,-1,-1
1258,2,564.17,91.50,96.26,77.61,0.64,-1,-1,-1
1258,37,873.43,102.58,117.17,102.46,0.80,-1,-1,-1
1259,1,1285.77,359.97,233.81,184.15,0.87,-1,-1,-1
1259,2,564.37,92.31,95.96,77.10,0.66,-1,-1,-1
1259,37,872.49,103.87,116.06,98.13,0.81,-1,-1,-1
1260,1,1285.97,359.94,233.57,184.24,0.86,-1,-1,-1
1260,2,564.29,92.48,96.09,76.78,0.66,-1,-1,-1
1260,37,872.16,101.19,113.21,99.54,0.76,-1,-1,-1
1261,1,1285.87,360.19,233.68,183.57,0.86,-1,-1,-1
1261,2,563.80,93.22,96.34,75.91,0.69,-1,-1,-1
1261,37,870.61,101.16,113.77,97.84,0.72,-1,-1,-1
1262,1,1286.10,360.25,233.39,183.66,0.86,-1,-1,-1
1262,2,563.81,93.69,96.38,75.71,0.68,-1,-1,-1
1262,37,869.50,100.37,111.73,96.29,0.76,-1,-1,-1
1263,1,1286.31,360.21,233.30,183.80,0.86,-1,-1,-1
1263,2,563.12,93.33,97.15,76.46,0.65,-1,-1,-1
1263,37,868.95,100.10,110.58,95.34,0.78,-1,-1,-1
1264,1,1286.19,360.35,233.59,183.69,0.87,-1,-1,-1
1264,2,563.44,94.29,96.47,75.58,0.66,-1,-1,-1
1264,37,868.46,99.85,110.79,93.47,0.77,-1,-1,-1
1265,1,1285.83,361.04,233.88,182.21,0.87,-1,-1,-1
1265,2,564.04,92.29,96.08,76.85,0.66,-1,-1,-1
1265,37,867.62,98.35,109.24,92.96,0.80,-1,-1,-1
1266,1,1285.79,361.25,234.06,183.09,0.86,-1,-1,-1
1266,2,563.85,90.79,96.48,78.69,0.65,-1,-1,-1
1266,37,865.81,96.11,110.15,94.50,0.81,-1,-1,-1
1267,1,1286.04,361.99,233.83,181.96,0.86,-1,-1,-1
1267,2,564.24,92.53,95.77,76.47,0.66,-1,-1,-1
1267,37,865.33,95.28,108.97,93.32,0.80,-1,-1,-1
1268,1,1285.98,360.97,233.88,183.12,0.86,-1,-1,-1
1268,2,562.89,93.64,97.17,76.46,0.69,-1,-1,-1
1268,37,864.06,94.79,107.79,93.05,0.75,-1,-1,-1
1269,1,1285.57,360.90,234.35,182.98,0.86,-1,-1,-1
1269,2,562.28,93.41,97.58,76.83,0.69,-1,-1,-1
1269,37,861.71,93.62,107.27,91.41,0.83,-1,-1,-1
1270,1,1286.12,360.42,233.65,183.31,0.87,-1,-1,-1
1270,2,562.67,89.50,97.52,80.55,0.65,-1,-1,-1
1270,37,862.29,92.35,104.98,90.32,0.81,-1,-1,-1
1271,1,1286.13,360.32,233.61,183.43,0.87,-1,-1,-1
1271,2,563.17,88.30,97.04,81.67,0.69,-1,-1,-1
1271,37,858.60,89.47,106.42,91.66,0.75,-1,-1,-1
1272,1,1285.84,360.35,233.85,184.12,0.87,-1,-1,-1
1272,2,563.07,90.44,97.05,79.66,0.67,-1,-1,-1
1272,37,857.39,89.24,106.00,89.39,0.82,-1,-1,-1
1273,1,1286.16,360.37,233.96,183.67,0.86,-1,-1,-1
1273,2,562.71,90.96,97.39,79.44,0.68,-1,-1,-1
1273,37,857.70,85.98,103.04,91.80,0.82,-1,-1,-1
1273,38,945.78,80.88,67.85,66.30,0.50,-1,-1,-1
1274,1,1286.03,360.68,234.13,183.32,0.86,-1,-1,-1
1274,2,562.73,94.36,97.54,75.98,0.67,-1,-1,-1
1274,37,856.17,85.00,102.51,91.16,0.79,-1,-1,-1
1274,38,945.16,81.08,68.42,66.16,0.54,-1,-1,-1
1275,1,1286.41,360.94,233.46,183.20,0.86,-1,-1,-1
1275,2,562.63,91.07,97.60,78.98,0.65,-1,-1,-1
1275,37,855.81,84.24,102.65,90.52,0.77,-1,-1,-1
1275,38,945.72,79.88,67.49,67.21,0.61,-1,-1,-1
1276,1,1286.74,360.25,232.83,183.69,0.87,-1,-1,-1
1276,2,562.48,92.53,97.92,76.92,0.70,-1,-1,-1
1276,37,854.51,81.86,101.47,91.74,0.75,-1,-1,-1
1276,38,945.48,79.94,67.60,66.76,0.63,-1,-1,-1
1277,1,1286.04,359.64,233.57,184.07,0.87,-1,-1,-1
1277,2,562.73,89.24,97.88,80.28,0.66,-1,-1,-1
1277,37,852.72,82.69,102.42,89.20,0.75,-1,-1,-1
1277,38,943.98,80.12,69.27,66.74,0.65,-1,-1,-1
1278,1,1285.81,359.80,233.77,184.36,0.86,-1,-1,-1
1278,2,562.92,82.72,97.87,86.84,0.59,-1,-1,-1
1278,37,852.21,82.38,102.72,88.23,0.75,-1,-1,-1
1278,38,943.91,80.36,69.46,66.47,0.65,-1,-1,-1
1279,1,1285.52,359.70,234.14,184.40,0.86,-1,-1,-1
1279,2,562.58,89.93,97.89,79.56,0.64,-1,-1,-1
1279,37,851.26,82.61,102.86,86.44,0.75,-1,-1,-1
1279,38,942.69,80.15,70.73,66.73,0.61,-1,-1,-1
1280,1,1285.69,360.30,233.71,183.49,0.86,-1,-1,-1
1280,2,562.81,92.43,97.60,77.13,0.66,-1,-1,-1
1280,37,850.50,81.20,103.24,86.98,0.75,-1,-1,-1
1280,38,939.34,79.10,74.09,67.75,0.60,-1,-1,-1
1281,1,1285.45,360.27,233.93,183.53,0.86,-1,-1,-1
1281,2,563.16,91.22,97.20,78.38,0.68,-1,-1,-1
1281,37,852.43,99.79,98.36,67.19,0.62,-1,-1,-1
1281,38,939.42,79.13,73.94,67.66,0.60,-1,-1,-1
1282,1,1284.94,360.71,234.56,183.34,0.86,-1,-1,-1
1282,2,563.10,94.24,97.27,75.45,0.69,-1,-1,-1
1282,37,851.64,104.64,97.29,61.92,0.59,-1,-1,-1
1282,38,942.00,80.05,71.06,66.67,0.56,-1,-1,-1
1283,1,1285.25,360.33,234.24,183.78,0.87,-1,-1,-1
1283,2,562.83,94.55,97.59,75.11,0.69,-1,-1,-1
1283,37,845.30,79.04,102.40,86.42,0.70,-1,-1,-1
1283,38,942.12,79.87,70.85,66.76,0.57,-1,-1,-1
1283,39,718.84,53.44,87.87,34.83,0.51,-1,-1,-1
1284,1,1284.95,360.19,234.64,183.65,0.86,-1,-1,-1
1284,2,562.91,93.42,97.31,76.10,0.69,-1,-1,-1
1284,37,844.98,78.19,101.59,87.01,0.70,-1,-1,-1
1284,38,941.70,80.19,71.42,66.56,0.60,-1,-1,-1
1284,39,740.38,53.36,89.54,35.69,0.58,-1,-1,-1
1285,1,1284.98,359.84,234.56,183.67,0.87,-1,-1,-1
1285,2,562.67,89.57,97.91,79.96,0.67,-1,-1,-1
1285,37,846.50,78.13,99.07,85.18,0.71,-1,-1,-1
1285,38,941.23,80.24,72.12,66.62,0.59,-1,-1,-1
1286,1,1285.20,360.07,234.43,183.46,0.87,-1,-1,-1
1286,2,562.83,91.48,97.56,78.27,0.68,-1,-1,-1
1286,37,845.47,77.84,98.65,84.73,0.73,-1,-1,-1
1286,38,941.51,80.41,71.89,66.56,0.59,-1,-1,-1
1287,1,1285.17,360.58,234.46,183.09,0.87,-1,-1,-1
1287,2,562.48,91.46,98.03,77.92,0.67,-1,-1,-1
1287,37,844.08,77.11,99.68,84.17,0.76,-1,-1,-1
1287,38,939.61,80.29,73.90,66.75,0.60,-1,-1,-1
1288,1,1284.92,360.85,234.76,182.71,0.87,-1,-1,-1
1288,2,562.76,91.51,97.76,77.55,0.67,-1,-1,-1
1288,37,844.52,75.85,96.74,82.51,0.73,-1,-1,-1
1288,38,940.53,80.44,72.96,66.53,0.52,-1,-1,-1
1289,1,1284.99,360.58,234.60,182.79,0.87,-1,-1,-1
1289,2,563.03,91.92,97.66,77.04,0.66,-1,-1,-1
1290,1,1284.99,360.46,234.65,182.87,0.87,-1,-1,-1
1290,2,563.06,91.16,97.73,78.19,0.67,-1,-1,-1
1290,37,843.17,75.20,93.95,81.76,0.73,-1,-1,-1
1291,1,1285.18,360.51,234.47,182.84,0.87,-1,-1,-1
1291,2,562.92,92.61,97.93,76.33,0.67,-1,-1,-1
1291,37,841.75,74.34,95.22,81.17,0.77,-1,-1,-1
1291,38,941.35,79.95,72.53,66.53,0.53,-1,-1,-1
1292,1,1285.06,359.84,234.55,183.58,0.87,-1,-1,-1
1292,2,563.17,91.71,96.99,77.29,0.63,-1,-1,-1
1293,1,1284.94,359.87,234.67,183.54,0.87,-1,-1,-1
1293,2,562.98,92.11,97.27,76.65,0.66,-1,-1,-1
1293,38,934.86,81.95,78.14,64.76,0.51,-1,-1,-1
1294,1,1284.75,360.13,234.88,183.35,0.87,-1,-1,-1
1294,2,562.71,91.09,97.53,77.71,0.65,-1,-1,-1
1294,37,839.44,71.71,93.77,80.97,0.73,-1,-1,-1
1294,38,932.23,80.57,81.23,65.96,0.56,-1,-1,-1
1295,1,1284.58,360.54,235.13,183.17,0.87,-1,-1,-1
1295,2,562.99,90.08,97.16,79.25,0.67,-1,-1,-1
1295,37,839.38,72.28,93.14,80.21,0.73,-1,-1,-1
1295,38,935.10,81.28,78.62,65.17,0.54,-1,-1,-1
1296,1,1284.55,360.41,235.06,183.31,0.86,-1,-1,-1
1296,2,563.17,90.19,96.97,79.22,0.65,-1,-1,-1
1296,37,838.75,72.20,93.94,80.44,0.53,-1,-1,-1
1296,38,935.61,81.14,78.12,65.13,0.50,-1,-1,-1
1297,1,1284.27,360.49,235.55,183.16,0.86,-1,-1,-1
1297,2,563.39,89.64,97.06,79.63,0.67,-1,-1,-1
1297,37,836.62,71.92,96.45,78.53,0.72,-1,-1,-1
1297,38,936.40,81.00,77.93,65.91,0.53,-1,-1,-1
1298,1,1284.51,360.71,235.24,182.37,0.87,-1,-1,-1
1298,2,563.11,87.54,97.42,81.79,0.67,-1,-1,-1
1298,37,836.01,70.82,94.64,79.84,0.62,-1,-1,-1
1299,1,1284.61,361.29,235.09,181.96,0.87,-1,-1,-1
1299,2,563.71,88.92,96.78,80.12,0.68,-1,-1,-1
1299,37,836.58,70.80,92.65,79.54,0.65,-1,-1,-1
1300,1,1284.63,361.46,235.05,182.02,0.87,-1,-1,-1
1300,2,563.59,87.73,96.95,81.32,0.69,-1,-1,-1
1300,37,836.49,71.66,91.31,77.04,0.65,-1,-1,-1
1301,1,1284.67,360.86,234.99,182.42,0.87,-1,-1,-1
1301,2,563.65,87.27,96.89,81.88,0.68,-1,-1,-1
1301,37,835.52,70.55,91.73,78.83,0.62,-1,-1,-1
1302,1,1284.89,360.82,234.82,182.52,0.87,-1,-1,-1
1302,2,563.61,87.57,97.00,81.54,0.67,-1,-1,-1
1302,37,833.75,71.39,91.70,76.39,0.57,-1,-1,-1
1303,1,1284.86,360.57,234.78,182.87,0.87,-1,-1,-1
1303,2,563.12,86.77,97.51,82.22,0.67,-1,-1,-1
1303,37,833.50,70.06,90.59,77.19,0.61,-1,-1,-1
1304,1,1285.11,360.20,233.56,183.96,0.87,-1,-1,-1
1304,2,562.97,85.67,97.60,83.35,0.67,-1,-1,-1
1304,37,833.43,70.03,89.30,77.15,0.67,-1,-1,-1
1305,1,1285.47,360.19,233.38,183.93,0.87,-1,-1,-1
1305,2,562.84,87.82,97.72,81.33,0.67,-1,-1,-1
1305,37,832.46,70.70,89.67,75.96,0.70,-1,-1,-1
1306,1,1285.38,360.26,233.53,183.99,0.87,-1,-1,-1
1306,2,563.22,89.19,97.24,79.95,0.66,-1,-1,-1
1306,37,830.16,70.79,91.08,75.88,0.61,-1,-1,-1
1306,38,936.90,79.56,77.05,67.47,0.50,-1,-1,-1
1307,1,1285.05,360.59,234.65,182.72,0.87,-1,-1,-1
1307,2,562.91,85.91,97.73,83.13,0.67,-1,-1,-1
1307,37,829.39,70.50,92.20,74.88,0.67,-1,-1,-1
1308,1,1285.45,360.10,234.15,182.51,0.87,-1,-1,-1
1308,2,563.53,83.83,97.11,84.91,0.66,-1,-1,-1
1308,37,828.78,70.26,92.45,74.69,0.67,-1,-1,-1
1308,38,935.74,78.96,78.42,67.20,0.52,-1,-1,-1
1309,1,1285.87,360.78,232.79,182.73,0.87,-1,-1,-1
1309,2,563.54,83.58,97.03,85.03,0.71,-1,-1,-1
1309,37,827.62,70.41,90.91,73.77,0.71,-1,-1,-1
1310,1,1285.33,361.12,234.25,181.27,0.87,-1,-1,-1
1310,2,563.50,85.56,96.97,83.14,0.71,-1,-1,-1
1310,37,824.30,68.10,89.82,75.04,0.65,-1,-1,-1
1310,38,929.83,79.09,84.53,67.49,0.50,-1,-1,-1
1311,1,1285.68,360.29,233.12,183.47,0.87,-1,-1,-1
1311,2,563.76,85.46,96.80,83.49,0.70,-1,-1,-1
1311,37,823.87,70.56,87.63,72.29,0.71,-1,-1,-1
1312,1,1285.70,360.86,233.06,182.31,0.87,-1,-1,-1
1312,2,563.88,85.81,96.66,83.04,0.70,-1,-1,-1
1312,37,822.16,71.60,87.99,71.02,0.72,-1,-1,-1
1313,1,1285.63,360.86,233.08,182.35,0.87,-1,-1,-1
1313,2,563.63,85.11,96.93,83.79,0.70,-1,-1,-1
1313,37,821.76,71.96,87.15,70.45,0.75,-1,-1,-1
1314,1,1285.54,360.80,233.02,182.65,0.87,-1,-1,-1
1314,2,563.51,83.08,97.09,85.93,0.70,-1,-1,-1
1314,37,821.13,71.82,86.80,70.70,0.78,-1,-1,-1
1315,1,1285.83,360.66,233.64,181.85,0.87,-1,-1,-1
1315,2,563.19,82.86,97.36,85.66,0.71,-1,-1,-1
1315,37,820.45,72.25,85.20,70.00,0.80,-1,-1,-1
1316,1,1285.47,360.08,234.16,182.61,0.87,-1,-1,-1
1316,2,563.27,82.18,97.21,86.06,0.71,-1,-1,-1
1316,37,819.55,72.60,86.08,69.96,0.76,-1,-1,-1
1317,1,1285.37,359.93,234.21,182.94,0.87,-1,-1,-1
1317,2,563.23,81.87,97.35,86.42,0.71,-1,-1,-1
1317,37,818.74,72.71,83.35,69.61,0.78,-1,-1,-1
1318,1,1285.40,359.96,234.18,182.80,0.87,-1,-1,-1
1318,2,563.12,81.82,97.42,86.58,0.69,-1,-1,-1
1318,37,818.29,72.44,83.33,69.89,0.77,-1,-1,-1
1319,1,1285.04,359.76,234.65,182.21,0.87,-1,-1,-1
1319,2,563.19,80.37,97.41,87.91,0.68,-1,-1,-1
1319,37,818.14,72.98,82.27,69.02,0.75,-1,-1,-1
1319,38,929.63,79.49,84.23,66.45,0.52,-1,-1,-1
1320,1,1285.55,359.89,234.17,182.28,0.87,-1,-1,-1
1320,2,563.43,79.78,97.12,88.05,0.71,-1,-1,-1
1320,37,817.31,73.37,81.59,68.71,0.75,-1,-1,-1
1320,38,930.37,79.48,83.39,66.01,0.55,-1,-1,-1
1321,1,1285.38,360.16,234.17,182.40,0.87,-1,-1,-1
1321,2,563.03,81.17,97.25,86.94,0.74,-1,-1,-1
1321,37,815.34,74.95,79.80,65.87,0.75,-1,-1,-1
1321,38,929.60,79.96,84.29,65.89,0.54,-1,-1,-1
1322,1,1285.20,360.23,234.62,182.19,0.87,-1,-1,-1
1322,2,563.16,79.70,97.35,88.39,0.70,-1,-1,-1
1322,37,812.80,76.75,77.15,64.07,0.76,-1,-1,-1
1322,38,929.37,79.96,84.76,65.73,0.57,-1,-1,-1
1323,1,1285.50,359.71,234.39,182.82,0.87,-1,-1,-1
1323,2,563.46,79.74,96.96,88.27,0.71,-1,-1,-1
1323,37,811.83,76.42,78.00,64.69,0.75,-1,-1,-1
1323,38,930.66,79.86,83.34,65.58,0.57,-1,-1,-1
1324,1,1285.41,360.43,234.41,181.92,0.87,-1,-1,-1
1324,2,562.97,79.81,97.51,88.34,0.71,-1,-1,-1
1324,37,811.16,76.08,77.00,65.02,0.76,-1,-1,-1
1324,38,930.71,79.53,83.28,66.15,0.53,-1,-1,-1
1325,1,1285.37,360.20,234.47,182.49,0.87,-1,-1,-1
1325,2,562.78,79.66,97.71,88.67,0.72,-1,-1,-1
1325,37,810.14,76.25,77.63,65.30,0.75,-1,-1,-1
1325,38,930.25,79.71,83.78,66.03,0.53,-1,-1,-1
1326,1,1285.43,360.67,234.42,182.25,0.87,-1,-1,-1
1326,2,563.11,80.48,97.35,87.94,0.70,-1,-1,-1
1326,37,810.16,76.34,76.47,65.17,0.73,-1,-1,-1
1327,1,1285.06,360.95,234.81,181.92,0.87,-1,-1,-1
1327,2,563.28,81.08,97.22,87.31,0.69,-1,-1,-1
1327,37,809.67,77.08,74.08,64.55,0.73,-1,-1,-1
1328,1,1285.26,360.79,234.62,181.78,0.87,-1,-1,-1
1328,2,563.88,80.40,96.61,87.57,0.70,-1,-1,-1
1328,37,808.69,77.88,75.54,64.39,0.72,-1,-1,-1
1328,38,930.86,80.02,83.30,65.25,0.59,-1,-1,-1
1329,1,1284.81,359.38,234.88,183.35,0.87,-1,-1,-1
1329,2,563.03,80.03,97.31,88.43,0.67,-1,-1,-1
1329,37,803.56,79.15,80.78,63.06,0.72,-1,-1,-1
1329,38,930.45,80.60,83.25,65.17,0.54,-1,-1,-1
1330,1,1285.23,359.73,234.59,182.58,0.87,-1,-1,-1
1330,2,563.20,80.38,97.34,87.83,0.70,-1,-1,-1
1330,37,801.41,80.19,75.66,62.00,0.74,-1,-1,-1
1330,38,929.67,80.01,83.95,65.24,0.61,-1,-1,-1
1331,1,1284.80,358.35,235.16,184.12,0.87,-1,-1,-1
1331,2,563.15,80.11,97.40,87.82,0.70,-1,-1,-1
1331,37,798.43,82.28,74.16,59.91,0.77,-1,-1,-1
1331,38,929.65,81.01,84.01,64.52,0.62,-1,-1,-1
1332,1,1284.98,358.62,234.85,183.88,0.87,-1,-1,-1
1332,2,563.02,79.58,97.49,88.34,0.68,-1,-1,-1
1332,37,793.38,83.52,74.20,57.89,0.77,-1,-1,-1
1333,1,1284.38,358.75,234.65,184.66,0.87,-1,-1,-1
1333,2,563.26,81.47,97.27,87.05,0.64,-1,-1,-1
1333,37,791.81,85.92,69.57,55.79,0.74,-1,-1,-1
1334,1,1284.46,358.88,234.66,184.63,0.87,-1,-1,-1
1334,2,563.19,81.56,97.37,87.03,0.64,-1,-1,-1
1334,37,787.68,85.89,71.05,56.37,0.76,-1,-1,-1
1335,1,1284.27,359.43,235.56,182.67,0.87,-1,-1,-1
1335,2,563.81,80.39,96.84,87.79,0.64,-1,-1,-1
1335,37,783.63,86.52,68.21,54.81,0.76,-1,-1,-1
1336,1,1286.57,358.57,233.01,183.80,0.87,-1,-1,-1
1336,2,563.69,81.83,96.70,86.34,0.67,-1,-1,-1
1336,37,781.41,89.13,70.52,52.35,0.75,-1,-1,-1
1337,1,1286.05,358.36,233.35,183.96,0.88,-1,-1,-1
1337,2,563.08,81.01,97.15,87.15,0.65,-1,-1,-1
1337,37,780.02,89.00,69.08,52.78,0.76,-1,-1,-1
1338,1,1286.12,358.88,233.54,183.23,0.87,-1,-1,-1
1338,2,562.20,79.79,97.91,88.25,0.70,-1,-1,-1
1338,37,779.54,90.60,68.23,51.28,0.72,-1,-1,-1
1339,1,1286.15,358.71,233.59,183.09,0.87,-1,-1,-1
1339,2,561.94,80.10,98.05,87.99,0.72,-1,-1,-1
1339,37,777.51,92.38,68.33,49.53,0.70,-1,-1,-1
1340,1,1285.88,358.80,234.06,183.07,0.87,-1,-1,-1
1340,2,562.08,80.76,97.88,87.53,0.73,-1,-1,-1
1340,37,777.30,91.34,67.49,49.85,0.70,-1,-1,-1
1341,1,1285.79,357.94,234.24,184.02,0.87,-1,-1,-1
1341,2,561.95,80.24,98.18,88.13,0.72,-1,-1,-1
1341,37,776.61,92.37,69.19,48.78,0.70,-1,-1,-1
1342,1,1285.80,357.88,234.22,184.08,0.87,-1,-1,-1
1342,2,561.96,80.04,98.14,88.24,0.72,-1,-1,-1
1342,37,776.05,92.20,68.49,49.65,0.67,-1,-1,-1
1343,1,1285.58,358.37,234.41,183.51,0.87,-1,-1,-1
1343,2,561.79,81.23,98.17,86.81,0.73,-1,-1,-1
1343,37,774.83,91.42,66.27,50.49,0.73,-1,-1,-1
1344,1,1285.55,357.17,234.49,184.81,0.87,-1,-1,-1
1344,2,561.64,82.37,98.27,85.71,0.74,-1,-1,-1
1344,37,773.99,90.54,69.43,51.21,0.73,-1,-1,-1
1345,1,1286.14,357.77,233.70,184.17,0.87,-1,-1,-1
1345,2,562.52,81.87,97.35,86.14,0.76,-1,-1,-1
1345,37,773.71,91.56,66.95,50.24,0.75,-1,-1,-1
1346,1,1286.05,357.77,233.84,184.16,0.86,-1,-1,-1
1346,2,562.53,81.77,97.37,86.32,0.77,-1,-1,-1
1346,37,772.53,89.59,66.65,52.15,0.70,-1,-1,-1
1347,1,1286.02,358.35,233.83,183.58,0.86,-1,-1,-1
1347,2,562.35,82.13,97.52,85.90,0.77,-1,-1,-1
1347,37,773.09,92.42,66.19,49.15,0.65,-1,-1,-1
1348,1,1286.32,359.38,233.25,182.62,0.87,-1,-1,-1
1348,2,562.61,81.57,97.21,86.40,0.77,-1,-1,-1
1348,37,772.77,92.66,63.33,49.01,0.69,-1,-1,-1
1349,1,1286.02,359.09,233.66,182.92,0.87,-1,-1,-1
1349,2,562.46,80.39,97.59,87.69,0.75,-1,-1,-1
1349,37,772.31,92.38,62.91,49.60,0.70,-1,-1,-1
1350,1,1286.38,358.89,233.03,183.35,0.87,-1,-1,-1
1350,2,562.79,82.29,97.23,86.02,0.73,-1,-1,-1
1350,37,770.71,93.13,64.31,48.70,0.69,-1,-1,-1
1351,1,1286.71,358.04,232.85,184.18,0.87,-1,-1,-1
1351,2,562.41,80.63,97.90,87.80,0.72,-1,-1,-1
1351,37,770.23,92.71,64.37,49.13,0.68,-1,-1,-1
1352,1,1287.07,357.92,232.41,184.52,0.87,-1,-1,-1
1352,2,562.50,84.82,97.77,83.77,0.75,-1,-1,-1
1352,37,770.13,92.62,63.17,49.57,0.69,-1,-1,-1
1353,1,1286.77,358.48,232.66,184.07,0.87,-1,-1,-1
1353,2,562.37,83.96,97.70,84.94,0.71,-1,-1,-1
1353,37,769.94,92.96,63.07,49.75,0.65,-1,-1,-1
1354,1,1286.66,358.46,232.75,184.11,0.87,-1,-1,-1
1354,2,562.91,84.47,97.10,84.33,0.62,-1,-1,-1
1354,37,768.36,92.61,63.25,51.22,0.60,-1,-1,-1
1355,1,1286.68,358.32,232.76,184.32,0.87,-1,-1,-1
1355,2,562.71,79.06,97.34,89.34,0.62,-1,-1,-1
1355,37,767.58,93.07,61.06,49.77,0.64,-1,-1,-1
1356,1,1286.18,357.72,233.19,184.97,0.87,-1,-1,-1
1356,2,562.56,78.60,97.51,89.96,0.66,-1,-1,-1
1356,37,763.04,96.71,63.75,45.45,0.73,-1,-1,-1
1357,1,1286.36,357.78,233.04,184.76,0.87,-1,-1,-1
1357,2,562.57,80.14,97.22,88.52,0.68,-1,-1,-1
1357,37,761.01,97.65,59.59,44.20,0.74,-1,-1,-1
1358,1,1286.11,357.73,233.27,184.76,0.87,-1,-1,-1
1358,2,562.44,79.27,97.51,89.58,0.66,-1,-1,-1
1358,37,762.01,99.71,54.14,42.02,0.69,-1,-1,-1
1359,1,1286.23,360.44,233.41,182.61,0.87,-1,-1,-1
1359,2,563.71,88.47,96.51,80.93,0.63,-1,-1,-1
1359,37,752.20,100.28,58.87,42.70,0.70,-1,-1,-1
1360,1,1286.43,360.45,233.27,182.69,0.87,-1,-1,-1
1360,2,563.59,90.18,96.76,79.18,0.61,-1,-1,-1
1360,37,752.16,102.60,57.40,40.55,0.69,-1,-1,-1
1361,1,1286.27,360.11,233.13,183.10,0.87,-1,-1,-1
1361,2,563.16,91.04,97.07,78.40,0.61,-1,-1,-1
1361,37,745.60,103.11,59.01,41.34,0.64,-1,-1,-1
1362,1,1286.34,360.01,232.99,183.14,0.87,-1,-1,-1
1362,2,563.74,94.00,96.45,75.44,0.60,-1,-1,-1
1362,37,734.81,99.91,57.48,42.63,0.77,-1,-1,-1
1363,1,1286.45,360.38,233.26,182.66,0.87,-1,-1,-1
1363,2,563.92,94.60,96.26,74.50,0.66,-1,-1,-1
1363,37,728.98,95.00,58.54,47.85,0.73,-1,-1,-1
1364,1,1286.63,360.81,233.17,182.10,0.87,-1,-1,-1
1364,2,563.81,94.59,96.46,74.99,0.65,-1,-1,-1
1364,37,727.32,95.00,59.59,48.09,0.72,-1,-1,-1
1365,1,1286.38,360.65,233.47,182.40,0.87,-1,-1,-1
1365,2,564.26,94.80,95.85,74.33,0.64,-1,-1,-1
1365,37,726.26,94.00,59.68,48.38,0.77,-1,-1,-1
1366,1,1286.31,360.67,233.57,182.39,0.87,-1,-1,-1
1366,2,563.86,95.42,96.35,74.10,0.65,-1,-1,-1
1366,37,723.87,91.38,61.13,48.10,0.78,-1,-1,-1
1367,1,1286.20,360.40,233.68,182.70,0.87,-1,-1,-1
1367,2,564.12,95.69,95.99,73.33,0.64,-1,-1,-1
1367,37,717.65,89.07,59.30,43.53,0.71,-1,-1,-1
1368,1,1286.80,360.02,231.78,184.00,0.87,-1,-1,-1
1368,2,563.12,93.80,96.86,75.55,0.65,-1,-1,-1
1368,37,713.57,80.59,54.88,45.63,0.70,-1,-1,-1
1369,1,1286.10,359.68,233.53,183.17,0.87,-1,-1,-1
1369,2,562.63,95.85,97.44,73.50,0.68,-1,-1,-1
1369,37,707.94,74.46,55.91,46.20,0.74,-1,-1,-1
1370,1,1286.02,359.85,233.46,182.84,0.87,-1,-1,-1
1370,2,563.10,90.64,97.24,78.68,0.66,-1,-1,-1
1370,37,708.38,70.05,53.26,47.45,0.80,-1,-1,-1
1371,1,1286.01,359.91,233.54,182.99,0.87,-1,-1,-1
1371,2,562.73,88.83,97.56,80.20,0.66,-1,-1,-1
1371,37,709.25,68.60,52.01,45.79,0.77,-1,-1,-1
1372,1,1286.36,359.01,232.33,184.90,0.87,-1,-1,-1
1372,2,562.70,88.61,97.66,80.61,0.65,-1,-1,-1
1372,37,708.98,67.15,51.05,45.80,0.71,-1,-1,-1
1373,1,1286.49,358.54,232.29,185.25,0.87,-1,-1,-1
1373,2,563.08,93.80,97.05,75.55,0.69,-1,-1,-1
1373,37,708.62,65.89,52.01,46.25,0.76,-1,-1,-1
1374,1,1286.45,358.72,233.25,184.03,0.88,-1,-1,-1
1374,2,563.19,94.41,97.08,74.87,0.69,-1,-1,-1
1374,37,708.89,64.66,52.12,47.23,0.74,-1,-1,-1
1375,1,1286.41,358.84,233.34,183.84,0.88,-1,-1,-1
1375,2,563.20,94.76,97.03,74.49,0.69,-1,-1,-1
1375,37,709.73,63.12,53.02,47.64,0.71,-1,-1,-1
1376,1,1286.32,358.71,233.48,184.07,0.88,-1,-1,-1
1376,2,563.25,93.99,97.03,75.31,0.68,-1,-1,-1
1376,37,711.24,60.80,53.37,48.17,0.67,-1,-1,-1
1377,1,1286.15,358.98,233.81,183.87,0.88,-1,-1,-1
1377,2,562.86,95.44,97.64,74.00,0.68,-1,-1,-1
1377,37,713.69,59.28,53.44,47.94,0.57,-1,-1,-1
1378,1,1286.47,359.05,233.61,184.21,0.87,-1,-1,-1
1378,2,563.46,97.11,96.91,72.34,0.68,-1,-1,-1
1378,37,714.60,59.77,54.90,47.18,0.61,-1,-1,-1
1379,1,1286.42,359.09,233.81,183.96,0.87,-1,-1,-1
1379,2,563.73,97.17,96.62,72.29,0.69,-1,-1,-1
1379,37,715.76,60.28,57.44,45.61,0.63,-1,-1,-1
1380,1,1286.22,359.51,233.99,183.67,0.87,-1,-1,-1
1380,2,563.15,97.15,97.31,72.17,0.67,-1,-1,-1
1380,37,718.38,59.82,55.76,43.69,0.62,-1,-1,-1
1381,1,1286.33,359.61,233.57,183.26,0.87,-1,-1,-1
1381,2,563.09,94.65,97.45,74.84,0.67,-1,-1,-1
1381,37,720.46,59.02,60.95,43.49,0.72,-1,-1,-1
1382,1,1286.35,360.10,233.48,182.81,0.87,-1,-1,-1
1382,2,563.07,92.60,97.41,76.72,0.66,-1,-1,-1
1382,37,723.98,56.98,63.02,44.97,0.68,-1,-1,-1
1383,1,1286.25,359.93,233.59,182.89,0.86,-1,-1,-1
1383,2,562.69,93.22,97.81,76.19,0.67,-1,-1,-1
1383,37,726.89,55.76,64.32,44.69,0.68,-1,-1,-1
1384,1,1285.77,359.16,233.97,183.83,0.86,-1,-1,-1
1384,2,562.90,92.01,97.66,77.28,0.68,-1,-1,-1
1384,37,730.43,54.64,65.50,44.30,0.65,-1,-1,-1
1385,1,1285.76,358.89,234.02,184.18,0.86,-1,-1,-1
1385,2,562.92,91.63,97.63,77.69,0.67,-1,-1,-1
1385,37,735.20,54.81,59.31,43.56,0.57,-1,-1,-1
1386,1,1285.74,358.99,234.09,184.16,0.86,-1,-1,-1
1386,2,562.64,90.41,97.92,78.98,0.69,-1,-1,-1
1386,37,742.51,54.73,47.06,42.64,0.63,-1,-1,-1
1387,1,1285.73,359.09,234.07,184.04,0.86,-1,-1,-1
1387,2,562.49,91.58,97.85,77.88,0.68,-1,-1,-1
1387,37,746.67,55.30,49.30,41.55,0.54,-1,-1,-1
1388,1,1285.65,358.66,234.16,184.33,0.86,-1,-1,-1
1388,2,561.77,86.84,98.66,82.79,0.68,-1,-1,-1
1388,37,753.20,53.28,63.74,42.05,0.52,-1,-1,-1
1389,1,1285.36,357.84,233.97,185.35,0.86,-1,-1,-1
1389,2,561.76,91.79,98.42,77.51,0.69,-1,-1,-1
1389,37,758.34,52.99,57.09,42.69,0.58,-1,-1,-1
1390,1,1285.32,358.15,234.02,185.05,0.86,-1,-1,-1
1390,2,561.81,91.78,98.37,77.48,0.69,-1,-1,-1
1390,37,765.68,54.05,44.12,41.61,0.58,-1,-1,-1
1391,1,1285.21,357.90,234.24,185.31,0.86,-1,-1,-1
1391,2,562.82,92.19,97.36,76.89,0.70,-1,-1,-1
1391,37,773.06,53.99,43.71,41.02,0.62,-1,-1,-1
1392,1,1285.30,358.62,234.08,184.55,0.86,-1,-1,-1
1392,2,562.23,92.77,97.90,76.55,0.69,-1,-1,-1
1392,37,780.81,53.38,58.87,42.91,0.53,-1,-1,-1
1393,1,1285.19,359.93,234.54,183.41,0.86,-1,-1,-1
1393,2,562.69,92.61,97.52,76.63,0.71,-1,-1,-1
1393,37,789.26,53.47,57.40,42.77,0.51,-1,-1,-1
1394,1,1285.15,359.74,234.65,183.57,0.86,-1,-1,-1
1394,2,562.65,92.22,97.60,77.03,0.70,-1,-1,-1
1394,37,799.33,55.12,40.09,41.55,0.51,-1,-1,-1
1395,1,1285.29,359.54,234.44,183.81,0.86,-1,-1,-1
1395,2,563.39,92.87,96.72,76.06,0.69,-1,-1,-1
1395,37,808.96,57.38,39.27,39.71,0.52,-1,-1,-1
1396,1,1285.28,359.87,234.48,183.12,0.86,-1,-1,-1
1396,2,563.16,95.09,96.96,73.92,0.69,-1,-1,-1
1397,1,1285.30,359.82,234.49,183.29,0.86,-1,-1,-1
1397,2,563.26,94.19,96.98,75.00,0.70,-1,-1,-1
1398,1,1285.24,359.88,234.56,183.30,0.86,-1,-1,-1
1398,2,562.99,94.12,97.26,75.08,0.72,-1,-1,-1
1399,1,1285.20,359.92,234.62,183.25,0.86,-1,-1,-1
1399,2,563.06,94.05,97.18,75.11,0.71,-1,-1,-1
1399,40,756.09,57.74,79.80,29.75,0.52,-1,-1,-1
1400,1,1285.09,359.94,234.64,183.13,0.86,-1,-1,-1
1400,2,562.80,92.70,97.52,76.33,0.70,-1,-1,-1
1400,40,758.08,54.75,60.42,30.96,0.58,-1,-1,-1
1401,1,1285.14,359.41,234.56,183.51,0.86,-1,-1,-1
1401,2,562.84,93.15,97.45,75.99,0.70,-1,-1,-1
1401,40,729.77,53.50,66.24,31.75,0.57,-1,-1,-1
1402,1,1285.05,359.57,234.66,183.31,0.86,-1,-1,-1
1402,2,562.85,94.55,97.38,74.50,0.70,-1,-1,-1
1402,40,713.67,54.45,63.08,28.89,0.51,-1,-1,-1
1403,1,1284.91,359.81,234.79,183.08,0.86,-1,-1,-1
1403,2,563.00,94.27,97.02,74.65,0.72,-1,-1,-1
1404,1,1284.91,360.04,234.76,182.98,0.86,-1,-1,-1
1404,2,563.05,94.67,97.14,74.18,0.70,-1,-1,-1
1405,1,1284.89,360.05,234.81,182.93,0.87,-1,-1,-1
1405,2,563.42,89.42,96.77,79.41,0.71,-1,-1,-1
1405,40,623.26,47.09,94.85,34.74,0.55,-1,-1,-1
1406,1,1284.87,360.02,234.85,182.98,0.87,-1,-1,-1
1406,2,563.27,91.59,97.12,77.28,0.69,-1,-1,-1
1407,1,1284.87,359.94,234.85,183.08,0.87,-1,-1,-1
1407,2,562.82,88.16,97.82,80.80,0.70,-1,-1,-1
1408,1,1284.80,359.91,234.92,183.15,0.87,-1,-1,-1
1408,2,562.15,91.95,98.20,77.17,0.75,-1,-1,-1
1409,1,1284.84,359.88,234.85,183.13,0.87,-1,-1,-1
1409,2,562.18,88.13,98.15,80.71,0.69,-1,-1,-1
1410,1,1284.88,359.99,234.92,183.09,0.86,-1,-1,-1
1410,2,562.49,91.17,97.53,77.82,0.66,-1,-1,-1
1411,1,1285.16,359.86,234.88,182.85,0.86,-1,-1,-1
1411,2,563.06,91.76,96.93,77.97,0.64,-1,-1,-1
1412,1,1285.11,359.68,234.90,183.00,0.87,-1,-1,-1
1412,2,563.40,89.56,96.48,80.02,0.60,-1,-1,-1
1413,1,1284.97,359.61,235.01,183.19,0.86,-1,-1,-1
1413,2,564.08,91.69,95.80,77.38,0.65,-1,-1,-1
1414,1,1284.95,359.68,235.07,183.00,0.87,-1,-1,-1
1414,2,564.09,90.94,96.05,78.00,0.67,-1,-1,-1
1414,41,942.36,1007.12,367.09,71.46,0.62,-1,-1,-1
1415,1,1284.90,359.76,235.15,183.02,0.87,-1,-1,-1
1415,2,564.02,89.18,95.88,79.92,0.65,-1,-1,-1
1415,41,952.42,964.11,405.85,115.89,0.64,-1,-1,-1
1416,1,1284.96,359.93,235.10,182.86,0.87,-1,-1,-1
1416,2,563.94,88.56,95.94,80.44,0.66,-1,-1,-1
1416,41,920.38,926.61,401.27,150.44,0.74,-1,-1,-1
1417,1,1285.36,359.21,233.62,185.48,0.86,-1,-1,-1
1417,2,563.56,88.97,96.49,79.43,0.69,-1,-1,-1
1417,41,934.47,892.42,436.78,185.47,0.80,-1,-1,-1
1418,1,1285.32,359.80,234.45,183.60,0.86,-1,-1,-1
1418,2,563.53,90.62,96.40,77.37,0.71,-1,-1,-1
1418,41,946.50,859.56,406.98,217.02,0.77,-1,-1,-1
1419,1,1285.47,359.65,234.13,183.84,0.87,-1,-1,-1
1419,2,562.03,87.25,97.90,81.09,0.71,-1,-1,-1
1419,41,960.73,826.44,411.85,251.05,0.88,-1,-1,-1
1420,1,1285.60,358.94,233.96,184.59,0.86,-1,-1,-1
1420,2,563.06,91.66,96.93,76.49,0.74,-1,-1,-1
1420,41,978.23,797.75,386.50,277.74,0.89,-1,-1,-1
1421,1,1285.61,358.76,233.82,184.81,0.86,-1,-1,-1
1421,2,563.20,90.96,96.86,77.31,0.73,-1,-1,-1
1421,41,984.20,768.00,379.39,306.67,0.91,-1,-1,-1
1422,1,1285.47,358.34,233.96,185.58,0.86,-1,-1,-1
1422,2,563.26,92.03,96.88,76.12,0.73,-1,-1,-1
1422,41,982.40,737.77,373.64,312.07,0.85,-1,-1,-1
1423,1,1285.71,357.47,232.79,187.35,0.86,-1,-1,-1
1423,2,563.04,91.94,97.12,76.38,0.72,-1,-1,-1
1423,41,986.49,714.42,366.33,303.54,0.88,-1,-1,-1
1424,1,1285.69,358.04,232.89,186.77,0.86,-1,-1,-1
1424,2,562.73,92.88,97.37,75.39,0.73,-1,-1,-1
1424,41,988.77,687.71,360.71,292.99,0.90,-1,-1,-1
1425,1,1285.61,357.71,233.14,186.18,0.87,-1,-1,-1
1425,2,562.96,92.89,97.13,75.43,0.74,-1,-1,-1
1425,41,995.22,662.98,350.45,283.50,0.89,-1,-1,-1
1426,1,1285.69,357.71,233.13,186.15,0.87,-1,-1,-1
1426,2,563.18,92.95,96.95,75.36,0.71,-1,-1,-1
1426,41,997.02,638.27,343.46,280.91,0.89,-1,-1,-1
1427,1,1286.93,357.71,231.79,187.01,0.86,-1,-1,-1
1427,2,563.88,91.37,96.14,76.89,0.62,-1,-1,-1
1427,41,996.93,617.27,336.69,272.68,0.87,-1,-1,-1
1428,1,1286.65,357.22,232.02,187.48,0.86,-1,-1,-1
1428,2,563.65,91.77,96.47,76.49,0.62,-1,-1,-1
1428,41,1003.49,596.48,323.98,267.40,0.88,-1,-1,-1
1429,1,1287.31,357.26,231.25,188.04,0.86,-1,-1,-1
1429,2,564.13,90.02,96.07,78.57,0.67,-1,-1,-1
1429,41,1003.42,578.00,316.63,260.98,0.90,-1,-1,-1
1430,1,1286.83,358.13,231.86,187.03,0.86,-1,-1,-1
1430,2,563.96,91.51,96.34,77.05,0.68,-1,-1,-1
1430,41,998.39,562.13,312.23,251.77,0.90,-1,-1,-1
1431,1,1287.49,358.88,231.22,186.25,0.86,-1,-1,-1
1431,2,563.39,94.04,96.71,74.81,0.70,-1,-1,-1
1431,41,1001.69,541.61,306.33,248.71,0.90,-1,-1,-1
1432,1,1286.30,359.90,233.29,184.07,0.85,-1,-1,-1
1432,2,563.43,91.97,96.94,76.94,0.68,-1,-1,-1
1432,41,1002.10,526.47,299.92,243.05,0.88,-1,-1,-1
1433,1,1286.92,358.66,231.71,186.19,0.85,-1,-1,-1
1433,2,563.96,85.98,96.55,83.06,0.64,-1,-1,-1
1433,41,1001.15,511.10,295.76,235.14,0.89,-1,-1,-1
1434,1,1286.13,359.58,233.50,184.28,0.84,-1,-1,-1
1434,2,563.82,80.43,96.65,88.65,0.61,-1,-1,-1
1434,41,1000.16,493.79,290.38,232.16,0.78,-1,-1,-1
1435,1,1285.81,358.92,234.00,184.70,0.84,-1,-1,-1
1435,2,564.37,82.33,96.06,86.48,0.58,-1,-1,-1
1435,41,998.32,478.75,285.61,226.36,0.89,-1,-1,-1
1436,1,1286.13,358.75,233.58,184.64,0.84,-1,-1,-1
1436,2,564.46,82.08,95.74,86.65,0.54,-1,-1,-1
1436,41,997.42,465.14,278.03,221.42,0.87,-1,-1,-1
1437,1,1286.43,358.30,233.26,184.54,0.83,-1,-1,-1
1437,2,564.43,79.49,96.29,89.20,0.57,-1,-1,-1
1437,41,995.16,453.36,270.22,216.33,0.89,-1,-1,-1
1438,1,1285.71,357.98,233.87,185.52,0.82,-1,-1,-1
1438,2,563.31,78.84,97.40,90.10,0.53,-1,-1,-1
1438,41,996.30,439.97,264.00,211.40,0.89,-1,-1,-1
1439,1,1285.62,359.38,234.02,183.95,0.83,-1,-1,-1
1439,2,563.82,81.79,96.78,87.00,0.52,-1,-1,-1
1439,41,988.33,425.39,265.66,210.69,0.88,-1,-1,-1
1440,1,1285.01,358.68,234.71,184.74,0.85,-1,-1,-1
1440,2,563.47,80.80,97.16,88.26,0.51,-1,-1,-1
1440,41,985.49,415.22,262.96,204.59,0.85,-1,-1,-1
1441,1,1284.70,359.04,235.31,184.83,0.83,-1,-1,-1
1441,2,563.47,82.64,97.15,86.07,0.56,-1,-1,-1
1441,41,982.29,400.66,258.04,203.00,0.81,-1,-1,-1
1442,1,1284.44,358.96,235.75,184.54,0.85,-1,-1,-1
1442,2,563.72,81.02,97.93,87.51,0.58,-1,-1,-1
1442,41,981.92,389.47,249.06,199.13,0.88,-1,-1,-1
1443,1,1283.97,359.48,236.25,183.98,0.84,-1,-1,-1
1443,2,563.54,80.91,97.25,87.81,0.57,-1,-1,-1
1443,41,975.41,380.45,250.49,196.69,0.85,-1,-1,-1
1444,1,1284.06,358.43,236.09,185.17,0.85,-1,-1,-1
1444,2,562.80,81.17,97.07,87.82,0.62,-1,-1,-1
1444,41,972.15,370.35,242.96,191.65,0.83,-1,-1,-1
1445,1,1283.53,358.51,236.56,184.88,0.82,-1,-1,-1
1445,2,562.49,81.62,97.53,87.25,0.61,-1,-1,-1
1445,41,973.61,362.72,236.91,185.77,0.84,-1,-1,-1
1446,1,1283.88,359.11,235.95,183.95,0.83,-1,-1,-1
1446,2,562.82,81.52,97.17,87.35,0.62,-1,-1,-1
1446,41,971.31,349.89,234.70,186.78,0.88,-1,-1,-1
1447,1,1284.78,356.87,234.91,186.38,0.84,-1,-1,-1
1447,2,563.20,80.23,97.16,88.30,0.59,-1,-1,-1
1447,41,969.49,343.50,232.63,182.41,0.81,-1,-1,-1
1448,1,1284.49,356.79,235.10,186.23,0.85,-1,-1,-1
1448,2,563.12,82.25,97.20,86.52,0.62,-1,-1,-1
1448,41,965.84,334.79,231.98,179.63,0.63,-1,-1,-1
1449,1,1284.13,356.10,235.46,186.90,0.84,-1,-1,-1
1449,2,563.20,83.27,96.82,85.48,0.63,-1,-1,-1
1449,41,962.94,323.47,228.09,179.58,0.71,-1,-1,-1
1450,1,1284.81,357.68,234.75,185.44,0.84,-1,-1,-1
1450,2,563.42,85.69,96.41,82.88,0.62,-1,-1,-1
1450,41,963.38,318.74,222.06,173.30,0.79,-1,-1,-1
1451,1,1285.08,358.57,234.46,184.72,0.85,-1,-1,-1
1451,2,563.30,84.57,96.51,84.22,0.61,-1,-1,-1
1451,41,960.94,311.29,219.14,171.82,0.88,-1,-1,-1
1452,1,1285.45,358.63,234.06,184.58,0.85,-1,-1,-1
1452,2,563.19,86.11,96.77,82.64,0.61,-1,-1,-1
1452,41,959.49,303.75,210.06,168.75,0.85,-1,-1,-1
1453,1,1285.52,358.62,234.07,184.76,0.85,-1,-1,-1
1453,2,563.11,83.11,96.63,85.65,0.64,-1,-1,-1
1453,41,958.18,297.75,207.76,164.39,0.88,-1,-1,-1
1454,1,1285.81,358.92,233.81,184.46,0.85,-1,-1,-1
1454,2,563.02,82.65,96.76,86.36,0.64,-1,-1,-1
1454,41,952.62,290.68,206.95,162.60,0.86,-1,-1,-1
1455,1,1286.66,358.48,232.80,184.87,0.85,-1,-1,-1
1455,2,562.82,81.59,97.03,87.53,0.66,-1,-1,-1
1455,41,947.51,285.74,210.32,160.23,0.84,-1,-1,-1
1456,1,1286.45,358.37,232.94,185.08,0.84,-1,-1,-1
1456,2,562.84,82.61,96.95,86.38,0.65,-1,-1,-1
1456,41,946.57,277.60,204.85,160.32,0.86,-1,-1,-1
1457,1,1286.69,359.59,233.14,184.04,0.85,-1,-1,-1
1457,2,563.53,82.78,96.40,86.44,0.60,-1,-1,-1
1457,41,945.05,273.57,199.55,157.86,0.86,-1,-1,-1
1458,1,1286.66,359.69,233.16,184.06,0.85,-1,-1,-1
1458,2,563.47,82.49,96.43,86.69,0.58,-1,-1,-1
1458,41,944.13,268.51,195.82,154.34,0.85,-1,-1,-1
1458,42,651.64,107.15,40.78,36.08,0.50,-1,-1,-1
1459,1,1286.84,359.99,232.97,183.71,0.85,-1,-1,-1
1459,2,563.50,83.64,96.40,85.55,0.58,-1,-1,-1
1459,41,942.42,263.34,191.94,154.26,0.87,-1,-1,-1
1459,42,651.44,105.42,41.25,38.00,0.51,-1,-1,-1
1460,1,1286.78,359.87,232.97,183.79,0.85,-1,-1,-1
1460,2,563.22,84.40,96.94,84.83,0.59,-1,-1,-1
1460,41,941.38,258.65,191.29,150.44,0.82,-1,-1,-1
1461,1,1286.71,359.89,233.17,183.71,0.86,-1,-1,-1
1461,2,563.23,85.04,96.94,84.31,0.59,-1,-1,-1
1461,41,937.78,252.71,189.82,149.25,0.81,-1,-1,-1
1461,42,651.42,102.00,43.39,41.63,0.53,-1,-1,-1
1462,1,1286.64,359.98,233.23,183.56,0.85,-1,-1,-1
1462,2,563.16,86.46,96.97,82.86,0.59,-1,-1,-1
1462,41,937.29,250.46,183.80,145.96,0.86,-1,-1,-1
1462,42,651.41,103.31,44.01,40.28,0.54,-1,-1,-1
1463,1,1286.78,360.04,233.07,183.51,0.85,-1,-1,-1
1463,2,563.29,86.54,96.72,82.80,0.59,-1,-1,-1
1463,41,934.98,245.13,180.72,143.66,0.86,-1,-1,-1
1463,42,651.31,104.03,44.89,39.69,0.56,-1,-1,-1
1464,1,1286.83,360.12,233.01,183.40,0.86,-1,-1,-1
1464,2,563.11,85.75,96.90,83.62,0.61,-1,-1,-1
1464,41,933.48,240.86,178.29,141.29,0.87,-1,-1,-1
1464,42,651.75,104.78,44.94,39.03,0.58,-1,-1,-1
1465,1,1286.65,360.78,233.22,182.69,0.85,-1,-1,-1
1465,2,561.93,84.85,98.03,84.46,0.66,-1,-1,-1
1465,41,930.35,237.05,178.12,139.43,0.87,-1,-1,-1
1465,42,652.84,105.27,45.36,38.33,0.59,-1,-1,-1
1466,1,1286.60,360.90,233.26,182.59,0.85,-1,-1,-1
1466,2,561.58,87.16,98.29,82.06,0.66,-1,-1,-1
1466,41,930.72,231.07,174.18,140.17,0.88,-1,-1,-1
1466,42,652.87,102.98,44.41,40.51,0.61,-1,-1,-1
1467,1,1286.71,360.30,233.20,183.00,0.85,-1,-1,-1
1467,2,561.78,90.35,97.96,78.63,0.68,-1,-1,-1
1467,41,927.80,227.91,173.83,138.30,0.85,-1,-1,-1
1467,42,653.20,103.29,42.74,40.02,0.59,-1,-1,-1
1468,1,1286.57,360.06,233.14,183.22,0.85,-1,-1,-1
1468,2,562.33,90.76,97.47,78.12,0.67,-1,-1,-1
1468,41,927.32,224.48,169.24,137.06,0.86,-1,-1,-1
1468,42,653.20,103.37,43.53,40.25,0.59,-1,-1,-1
1469,1,1286.58,360.18,233.17,183.01,0.85,-1,-1,-1
1469,2,562.21,89.40,97.58,79.44,0.67,-1,-1,-1
1469,41,925.51,221.86,168.03,133.51,0.84,-1,-1,-1
1469,42,653.27,103.32,43.69,40.15,0.58,-1,-1,-1
1470,1,1286.32,360.68,233.30,182.73,0.86,-1,-1,-1
1470,2,561.68,84.71,98.14,84.36,0.63,-1,-1,-1
1470,41,923.08,218.20,165.29,130.26,0.84,-1,-1,-1
1470,42,653.65,105.27,44.22,38.42,0.56,-1,-1,-1
1471,1,1286.33,360.89,233.30,182.31,0.86,-1,-1,-1
1471,2,561.89,84.44,98.01,84.61,0.64,-1,-1,-1
1471,41,921.90,214.42,162.43,127.42,0.82,-1,-1,-1
1471,42,653.60,105.96,43.57,37.70,0.56,-1,-1,-1
1472,1,1286.29,360.86,233.37,182.29,0.86,-1,-1,-1
1472,2,561.96,83.97,97.90,85.05,0.63,-1,-1,-1
1472,41,918.26,207.52,163.39,129.89,0.84,-1,-1,-1
1472,42,653.40,105.12,43.46,38.37,0.55,-1,-1,-1
1473,1,1286.43,360.93,233.13,182.34,0.86,-1,-1,-1
1473,2,562.25,84.06,97.37,85.02,0.64,-1,-1,-1
1473,41,918.54,204.80,158.84,129.27,0.81,-1,-1,-1
1473,42,653.82,104.75,45.01,38.79,0.57,-1,-1,-1
1474,1,1286.65,360.99,232.99,182.17,0.86,-1,-1,-1
1474,2,562.07,83.96,97.60,85.32,0.62,-1,-1,-1
1474,41,915.99,202.37,156.73,124.96,0.88,-1,-1,-1
1474,42,653.86,105.01,47.84,39.23,0.56,-1,-1,-1
1475,1,1286.53,360.87,233.03,182.44,0.86,-1,-1,-1
1475,2,562.44,84.17,97.11,84.86,0.63,-1,-1,-1
1475,41,915.44,199.70,154.14,123.37,0.85,-1,-1,-1
1475,42,654.07,105.91,45.47,37.94,0.52,-1,-1,-1
1476,1,1286.11,360.73,233.41,182.56,0.86,-1,-1,-1
1476,2,562.79,83.39,96.68,85.63,0.64,-1,-1,-1
1476,41,916.12,197.07,150.34,120.67,0.86,-1,-1,-1
1476,42,653.79,105.80,43.03,37.94,0.53,-1,-1,-1
1477,1,1286.41,360.70,232.99,182.74,0.86,-1,-1,-1
1477,2,563.10,84.42,96.63,84.84,0.66,-1,-1,-1
1477,41,915.17,193.03,151.09,118.67,0.85,-1,-1,-1
1477,42,653.40,106.80,44.97,36.97,0.54,-1,-1,-1
1478,1,1286.38,360.68,233.05,182.78,0.86,-1,-1,-1
1478,2,562.90,81.81,97.05,87.49,0.65,-1,-1,-1
1478,41,912.64,190.12,147.63,116.98,0.85,-1,-1,-1
1478,42,653.78,107.15,43.61,36.25,0.55,-1,-1,-1
1479,1,1286.22,360.42,233.22,183.12,0.86,-1,-1,-1
1479,2,562.98,82.04,97.03,87.26,0.64,-1,-1,-1
1479,41,909.88,186.90,147.54,116.28,0.84,-1,-1,-1
1479,42,653.72,108.82,44.73,34.28,0.52,-1,-1,-1
1480,1,1285.59,360.06,233.97,183.01,0.86,-1,-1,-1
1480,2,562.23,82.76,97.73,86.59,0.63,-1,-1,-1
1480,41,910.29,184.27,144.35,113.53,0.81,-1,-1,-1
1480,42,653.67,108.98,48.76,34.27,0.54,-1,-1,-1
1481,1,1285.49,359.12,234.17,183.86,0.85,-1,-1,-1
1481,2,562.38,81.13,97.83,87.87,0.61,-1,-1,-1
1481,41,907.40,180.04,142.18,111.74,0.86,-1,-1,-1
1482,1,1285.43,359.21,234.31,183.57,0.85,-1,-1,-1
1482,2,562.31,79.45,98.30,89.55,0.60,-1,-1,-1
1482,41,907.61,176.02,138.83,111.84,0.84,-1,-1,-1
1483,1,1285.49,358.00,234.18,184.85,0.85,-1,-1,-1
1483,2,562.47,79.52,98.36,89.37,0.62,-1,-1,-1
1483,41,905.78,172.57,138.50,111.15,0.86,-1,-1,-1
1484,1,1285.20,358.04,234.49,184.26,0.85,-1,-1,-1
1484,2,562.66,79.72,97.89,89.08,0.65,-1,-1,-1
1484,41,904.67,168.89,137.54,110.75,0.85,-1,-1,-1
1484,42,652.96,93.55,58.23,49.88,0.51,-1,-1,-1
1485,1,1285.36,358.01,234.47,184.28,0.86,-1,-1,-1
1485,2,562.51,80.29,97.92,88.67,0.66,-1,-1,-1
1485,41,901.12,167.43,139.43,108.62,0.82,-1,-1,-1
1485,42,652.60,98.19,59.06,45.07,0.56,-1,-1,-1
1486,1,1285.33,358.14,234.49,184.03,0.86,-1,-1,-1
1486,2,562.07,79.69,98.45,89.33,0.67,-1,-1,-1
1486,41,899.15,164.77,139.02,108.70,0.83,-1,-1,-1
1486,42,654.21,102.59,57.99,40.92,0.60,-1,-1,-1
1487,1,1284.56,358.98,235.04,183.31,0.85,-1,-1,-1
1487,2,563.34,81.15,97.37,88.28,0.62,-1,-1,-1
1487,41,900.26,163.89,135.31,105.49,0.84,-1,-1,-1
1487,42,653.44,94.72,60.57,48.86,0.65,-1,-1,-1
1488,1,1284.51,359.37,235.13,183.19,0.85,-1,-1,-1
1488,2,563.07,83.00,97.49,86.35,0.61,-1,-1,-1
1488,41,897.19,160.75,136.25,105.04,0.87,-1,-1,-1
1488,42,651.99,92.45,63.67,50.83,0.64,-1,-1,-1
1489,1,1284.71,359.80,234.87,183.22,0.86,-1,-1,-1
1489,2,563.10,83.25,97.32,86.00,0.60,-1,-1,-1
1489,41,894.44,158.06,134.23,105.57,0.88,-1,-1,-1
1489,42,652.91,93.87,62.92,49.44,0.72,-1,-1,-1
1490,1,1284.65,359.85,234.92,183.07,0.86,-1,-1,-1
1490,2,563.50,83.38,96.99,85.73,0.64,-1,-1,-1
1490,41,892.94,154.82,132.20,105.77,0.88,-1,-1,-1
1490,42,652.63,92.95,63.65,50.50,0.75,-1,-1,-1
1491,1,1284.64,358.96,234.95,183.94,0.85,-1,-1,-1
1491,2,563.05,82.64,97.46,86.49,0.65,-1,-1,-1
1491,41,892.02,154.70,131.15,101.93,0.86,-1,-1,-1
1491,42,652.80,92.38,64.65,50.81,0.74,-1,-1,-1
1492,1,1284.59,359.15,235.09,183.77,0.86,-1,-1,-1
1492,2,563.16,82.24,97.30,86.91,0.62,-1,-1,-1
1492,41,890.66,151.70,129.30,101.63,0.86,-1,-1,-1
1492,42,653.83,92.67,64.10,50.75,0.74,-1,-1,-1
1493,1,1284.82,358.60,234.89,184.26,0.86,-1,-1,-1
1493,2,563.05,82.11,97.34,87.16,0.62,-1,-1,-1
1493,41,889.05,149.55,128.38,99.55,0.85,-1,-1,-1
1493,42,655.35,93.16,63.26,50.28,0.72,-1,-1,-1
1494,1,1284.80,358.81,234.90,184.04,0.86,-1,-1,-1
1494,2,563.49,82.66,96.93,86.53,0.63,-1,-1,-1
1494,41,887.98,146.95,127.13,98.46,0.83,-1,-1,-1
1494,42,655.83,93.15,62.72,50.36,0.73,-1,-1,-1
1495,1,1284.58,358.93,235.17,183.98,0.86,-1,-1,-1
1495,2,563.31,80.12,97.18,89.13,0.62,-1,-1,-1
1495,41,886.16,142.89,126.40,98.39,0.83,-1,-1,-1
1495,42,656.73,93.56,62.52,49.89,0.71,-1,-1,-1
1496,1,1284.62,359.12,235.22,183.70,0.86,-1,-1,-1
1496,2,563.19,81.64,97.10,87.73,0.63,-1,-1,-1
1496,41,883.46,141.97,125.36,97.22,0.80,-1,-1,-1
1496,42,657.38,93.64,62.26,49.62,0.71,-1,-1,-1
1497,1,1284.67,359.10,235.15,183.84,0.86,-1,-1,-1
1497,2,563.33,82.73,96.77,86.71,0.62,-1,-1,-1
1497,41,883.17,140.95,123.41,96.70,0.80,-1,-1,-1
1497,42,658.21,92.89,61.77,50.46,0.72,-1,-1,-1
1498,1,1284.77,358.50,234.96,184.62,0.85,-1,-1,-1
1498,2,562.77,80.56,97.37,88.59,0.63,-1,-1,-1
1498,41,882.14,137.88,121.03,96.44,0.83,-1,-1,-1
1498,42,657.58,92.72,62.90,50.67,0.71,-1,-1,-1
1499,1,1284.34,357.24,235.53,185.57,0.85,-1,-1,-1
1499,2,563.00,80.38,96.96,88.63,0.66,-1,-1,-1
1499,41,879.66,136.98,120.54,94.39,0.81,-1,-1,-1
1499,42,657.32,92.42,64.21,50.69,0.71,-1,-1,-1
1500,1,1284.24,357.86,235.62,184.86,0.85,-1,-1,-1
1500,2,562.77,82.04,96.92,86.96,0.67,-1,-1,-1
1500,41,877.52,134.11,119.68,95.71,0.80,-1,-1,-1
1500,42,658.61,92.63,63.84,50.30,0.73,-1,-1,-1
1501,1,1284.38,358.64,235.67,183.70,0.86,-1,-1,-1
1501,2,562.75,81.23,96.78,87.74,0.67,-1,-1,-1
1501,41,875.59,132.64,118.59,94.63,0.83,-1,-1,-1
1501,42,659.20,92.65,63.77,50.61,0.73,-1,-1,-1
1502,1,1284.34,358.79,235.66,183.60,0.86,-1,-1,-1
1502,2,562.79,82.39,96.57,86.49,0.67,-1,-1,-1
1502,41,874.73,129.75,116.83,91.86,0.82,-1,-1,-1
1502,42,659.05,92.06,63.73,51.45,0.73,-1,-1,-1
1502,43,936.42,77.58,76.59,69.52,0.56,-1,-1,-1
1503,1,1284.29,359.09,235.66,183.09,0.86,-1,-1,-1
1503,2,562.19,81.51,96.93,87.33,0.64,-1,-1,-1
1503,41,873.79,129.42,114.78,90.02,0.80,-1,-1,-1
1503,42,659.00,91.80,64.16,51.52,0.73,-1,-1,-1
1504,1,1284.44,359.16,235.44,183.20,0.86,-1,-1,-1
1504,2,561.46,83.03,97.73,85.85,0.66,-1,-1,-1
1504,41,871.47,126.38,115.15,90.61,0.73,-1,-1,-1
1504,42,660.14,90.74,65.39,52.44,0.76,-1,-1,-1
1504,43,935.63,76.76,77.69,71.36,0.53,-1,-1,-1
1505,1,1284.43,358.99,235.45,183.35,0.86,-1,-1,-1
1505,2,561.34,82.96,97.84,85.84,0.65,-1,-1,-1
1505,41,869.55,124.01,114.00,90.79,0.80,-1,-1,-1
1505,42,660.12,90.54,67.04,52.90,0.77,-1,-1,-1
1506,1,1284.79,358.95,234.96,183.39,0.86,-1,-1,-1
1506,2,561.25,81.96,98.20,86.82,0.65,-1,-1,-1
1506,41,869.33,122.96,112.12,89.32,0.80,-1,-1,-1
1506,42,659.57,90.59,67.64,52.63,0.75,-1,-1,-1
1507,1,1284.73,357.84,235.30,183.79,0.86,-1,-1,-1
1507,2,560.83,80.46,98.69,87.70,0.69,-1,-1,-1
1507,41,867.90,120.88,110.92,88.09,0.79,-1,-1,-1
1507,42,660.74,89.11,67.24,53.31,0.78,-1,-1,-1
1508,1,1284.67,357.28,235.53,184.40,0.86,-1,-1,-1
1508,2,561.19,81.85,98.46,86.14,0.69,-1,-1,-1
1508,41,867.95,118.90,110.04,87.59,0.80,-1,-1,-1
1508,42,662.67,88.67,66.71,53.83,0.77,-1,-1,-1
1509,1,1284.65,356.82,235.57,184.61,0.86,-1,-1,-1
1509,2,561.03,82.30,98.42,85.78,0.68,-1,-1,-1
1509,41,867.07,116.55,108.76,87.08,0.78,-1,-1,-1
1509,42,663.26,88.18,66.16,54.55,0.77,-1,-1,-1
1510,1,1284.60,356.45,235.72,184.90,0.86,-1,-1,-1
1510,2,561.42,81.80,98.45,86.25,0.68,-1,-1,-1
1510,41,865.92,114.66,107.42,85.66,0.76,-1,-1,-1
1510,42,663.26,88.39,66.95,54.39,0.75,-1,-1,-1
1511,1,1284.76,356.53,235.69,184.62,0.86,-1,-1,-1
1511,2,561.65,82.11,98.48,85.94,0.69,-1,-1,-1
1511,41,864.13,113.04,107.98,84.01,0.75,-1,-1,-1
1511,42,664.13,88.35,67.64,54.24,0.74,-1,-1,-1
1512,1,1284.89,356.63,235.54,184.58,0.86,-1,-1,-1
1512,2,561.66,83.66,98.60,84.33,0.71,-1,-1,-1
1512,41,863.22,108.91,107.32,86.68,0.81,-1,-1,-1
1512,42,663.76,87.08,68.62,55.63,0.74,-1,-1,-1
1513,1,1284.80,356.52,235.68,184.99,0.86,-1,-1,-1
1513,2,562.12,82.54,98.14,85.51,0.71,-1,-1,-1
1513,41,863.54,108.19,105.51,83.06,0.81,-1,-1,-1
1513,42,665.27,86.47,67.41,56.22,0.75,-1,-1,-1
1514,1,1284.97,356.92,235.44,184.49,0.86,-1,-1,-1
1514,2,561.83,82.89,98.17,85.38,0.71,-1,-1,-1
1514,41,862.41,106.05,104.53,84.81,0.81,-1,-1,-1
1514,42,666.70,86.53,66.51,56.49,0.75,-1,-1,-1
1514,43,940.88,78.26,70.90,67.76,0.58,-1,-1,-1
1515,1,1285.66,357.38,234.69,184.04,0.86,-1,-1,-1
1515,2,561.98,82.59,97.92,85.64,0.72,-1,-1,-1
1515,41,860.82,103.96,105.85,84.33,0.82,-1,-1,-1
1515,42,666.66,86.19,68.08,56.80,0.77,-1,-1,-1
1515,43,941.45,78.12,70.29,67.84,0.60,-1,-1,-1
1516,1,1285.66,357.32,234.84,184.12,0.86,-1,-1,-1
1516,2,562.13,81.52,97.93,86.80,0.72,-1,-1,-1
1516,41,859.31,103.66,103.47,82.59,0.80,-1,-1,-1
1516,42,667.77,85.51,67.58,57.55,0.75,-1,-1,-1
1516,43,940.74,78.06,71.19,67.90,0.53,-1,-1,-1
1517,1,1285.62,357.31,234.90,184.14,0.86,-1,-1,-1
1517,2,562.40,84.53,97.19,83.87,0.70,-1,-1,-1
1517,41,858.93,102.63,99.48,81.82,0.80,-1,-1,-1
1517,42,668.67,85.38,67.57,57.51,0.74,-1,-1,-1
1517,43,940.87,78.08,71.35,67.66,0.53,-1,-1,-1
1518,1,1285.67,357.13,234.83,184.27,0.86,-1,-1,-1
1518,2,562.56,83.75,96.74,84.57,0.71,-1,-1,-1
1518,41,857.31,99.06,100.33,82.73,0.83,-1,-1,-1
1518,42,669.44,85.48,68.02,57.48,0.76,-1,-1,-1
1518,43,940.16,77.83,72.14,68.08,0.52,-1,-1,-1
1519,1,1285.71,357.16,234.93,184.08,0.86,-1,-1,-1
1519,2,562.69,82.86,96.92,85.56,0.72,-1,-1,-1
1519,41,856.72,96.59,100.13,82.40,0.82,-1,-1,-1
1519,42,669.03,85.12,69.34,57.89,0.79,-1,-1,-1
1519,43,939.66,77.97,72.84,67.64,0.59,-1,-1,-1
1520,1,1284.59,358.51,235.81,183.10,0.86,-1,-1,-1
1520,2,562.73,80.26,97.07,88.60,0.69,-1,-1,-1
1520,41,856.61,95.63,99.37,82.52,0.69,-1,-1,-1
1520,42,670.57,85.29,68.58,57.75,0.78,-1,-1,-1
1520,43,940.00,77.51,73.05,68.22,0.59,-1,-1,-1
1521,1,1284.72,359.37,235.14,182.80,0.86,-1,-1,-1
1521,2,563.23,79.58,96.68,89.58,0.68,-1,-1,-1
1521,41,854.06,94.80,101.09,78.82,0.73,-1,-1,-1
1521,42,671.73,85.73,68.84,57.39,0.78,-1,-1,-1
1521,43,938.95,77.86,73.12,68.42,0.63,-1,-1,-1
1522,1,1284.67,360.17,235.20,182.11,0.86,-1,-1,-1
1522,2,562.77,78.89,97.17,90.43,0.66,-1,-1,-1
1522,41,853.06,94.46,98.31,77.92,0.72,-1,-1,-1
1522,42,671.58,85.76,69.43,57.37,0.77,-1,-1,-1
1522,43,940.00,78.17,71.97,67.96,0.58,-1,-1,-1
1523,1,1284.95,360.13,235.00,182.16,0.86,-1,-1,-1
1523,2,562.46,78.01,97.74,91.31,0.67,-1,-1,-1
1523,41,852.16,92.58,97.23,76.99,0.76,-1,-1,-1
1523,42,671.71,85.65,70.22,57.29,0.78,-1,-1,-1
1523,43,940.78,78.20,71.69,67.75,0.53,-1,-1,-1
1524,1,1284.96,359.78,235.11,182.36,0.86,-1,-1,-1
1524,2,563.39,81.27,96.31,87.69,0.68,-1,-1,-1
1524,41,851.13,91.44,97.46,76.99,0.74,-1,-1,-1
1524,42,673.00,85.60,70.15,57.26,0.76,-1,-1,-1
1525,1,1285.10,357.77,235.22,184.48,0.86,-1,-1,-1
1525,2,563.08,82.38,96.53,86.54,0.71,-1,-1,-1
1525,41,850.91,88.85,96.08,78.57,0.70,-1,-1,-1
1525,42,674.43,84.79,69.26,57.85,0.78,-1,-1,-1
1526,1,1285.06,357.46,235.10,184.74,0.86,-1,-1,-1
1526,2,561.48,80.98,98.04,87.85,0.73,-1,-1,-1
1526,41,849.08,88.91,96.76,77.75,0.74,-1,-1,-1
1526,42,674.82,84.68,69.67,57.73,0.78,-1,-1,-1
1526,43,939.08,77.06,73.68,68.94,0.52,-1,-1,-1
1527,1,1284.57,355.99,235.88,185.89,0.87,-1,-1,-1
1527,2,561.68,83.48,97.96,84.92,0.75,-1,-1,-1
1527,41,847.00,87.41,95.50,78.61,0.59,-1,-1,-1
1527,42,673.51,83.82,72.36,58.37,0.75,-1,-1,-1
1528,1,1284.01,356.96,236.12,185.09,0.86,-1,-1,-1
1528,2,561.33,84.23,97.86,84.25,0.76,-1,-1,-1
1528,41,845.71,86.27,96.63,77.47,0.71,-1,-1,-1
1528,42,674.49,82.83,73.52,59.27,0.73,-1,-1,-1
1529,1,1284.67,357.22,235.49,184.87,0.87,-1,-1,-1
1529,2,560.01,82.09,99.18,86.33,0.74,-1,-1,-1
1529,41,845.66,84.89,95.34,76.86,0.57,-1,-1,-1
1529,42,675.02,82.85,74.18,58.93,0.73,-1,-1,-1
1529,44,1177.20,104.09,52.74,55.06,0.51,-1,-1,-1
1530,1,1284.46,357.07,235.69,185.21,0.86,-1,-1,-1
1530,2,559.92,86.78,99.13,81.66,0.74,-1,-1,-1
1530,41,846.27,84.74,95.59,74.84,0.65,-1,-1,-1
1530,42,675.08,81.39,75.15,60.64,0.74,-1,-1,-1
1530,44,1177.32,104.19,52.61,54.85,0.50,-1,-1,-1
1531,1,1284.36,356.81,235.85,185.35,0.85,-1,-1,-1
1531,2,560.03,89.75,99.06,78.66,0.73,-1,-1,-1
1531,42,676.12,80.34,75.95,61.70,0.75,-1,-1,-1
1532,1,1284.31,356.84,235.84,185.16,0.85,-1,-1,-1
1532,2,560.21,92.83,98.78,75.48,0.74,-1,-1,-1
1532,41,844.51,82.74,95.44,72.61,0.51,-1,-1,-1
1532,42,677.46,79.43,75.66,61.84,0.74,-1,-1,-1
1533,1,1284.40,356.23,235.80,185.83,0.86,-1,-1,-1
1533,2,559.34,87.33,99.80,80.78,0.75,-1,-1,-1
1533,42,677.25,79.29,77.23,61.53,0.74,-1,-1,-1
1534,1,1283.58,356.25,236.69,185.23,0.86,-1,-1,-1
1534,2,558.49,88.36,100.82,80.05,0.75,-1,-1,-1
1534,41,842.99,81.85,93.72,68.84,0.50,-1,-1,-1
1534,42,679.00,79.91,77.11,61.06,0.73,-1,-1,-1
1535,1,1283.49,356.19,236.74,185.43,0.86,-1,-1,-1
1535,2,558.97,86.99,100.57,80.84,0.72,-1,-1,-1
1535,42,681.47,79.67,75.32,60.67,0.72,-1,-1,-1
1536,1,1283.46,355.63,236.66,185.73,0.85,-1,-1,-1
1536,2,559.41,80.63,100.31,87.11,0.69,-1,-1,-1
1536,42,683.37,79.22,74.98,60.92,0.70,-1,-1,-1
1537,1,1283.34,356.30,236.77,184.92,0.85,-1,-1,-1
1537,2,559.35,85.12,100.39,82.43,0.72,-1,-1,-1
1537,42,685.37,78.46,74.70,62.16,0.73,-1,-1,-1
1538,1,1283.54,356.44,236.67,184.98,0.85,-1,-1,-1
1538,2,559.58,83.96,99.81,83.45,0.75,-1,-1,-1
1538,42,685.82,79.36,76.01,62.36,0.74,-1,-1,-1
1539,1,1283.63,356.78,236.68,184.61,0.86,-1,-1,-1
1539,2,559.14,81.26,100.46,86.42,0.74,-1,-1,-1
1539,42,687.12,82.08,75.94,59.86,0.79,-1,-1,-1
1540,1,1283.43,356.84,236.85,184.78,0.86,-1,-1,-1
1540,2,559.24,81.42,100.19,86.29,0.72,-1,-1,-1
1540,42,689.51,73.20,74.01,69.25,0.51,-1,-1,-1
1541,1,1283.63,357.26,236.79,184.48,0.86,-1,-1,-1
1541,2,558.93,80.51,100.71,87.18,0.74,-1,-1,-1
1541,42,691.09,76.51,73.92,66.05,0.68,-1,-1,-1
1542,1,1284.68,357.35,235.57,184.23,0.86,-1,-1,-1
1542,2,558.62,80.89,101.23,86.99,0.75,-1,-1,-1
1542,42,692.58,76.89,74.46,64.74,0.79,-1,-1,-1
1543,1,1284.59,357.21,235.68,184.40,0.87,-1,-1,-1
1543,2,559.53,79.66,100.41,88.19,0.75,-1,-1,-1
1543,41,839.97,79.14,82.00,63.46,0.52,-1,-1,-1
1543,42,694.63,75.01,73.79,66.74,0.77,-1,-1,-1
1544,1,1284.71,357.70,235.72,184.06,0.87,-1,-1,-1
1544,2,560.38,79.94,99.70,87.90,0.76,-1,-1,-1
1544,41,840.16,79.30,83.13,63.44,0.65,-1,-1,-1
1544,42,694.91,76.60,76.34,65.71,0.74,-1,-1,-1
1545,1,1284.96,357.84,235.42,183.96,0.87,-1,-1,-1
1545,2,560.34,79.53,99.63,88.30,0.75,-1,-1,-1
1545,41,841.61,80.24,79.15,61.28,0.62,-1,-1,-1
1545,42,695.76,78.11,76.62,63.62,0.80,-1,-1,-1
1546,1,1285.14,357.86,235.30,183.76,0.88,-1,-1,-1
1546,2,560.35,79.63,99.67,88.16,0.76,-1,-1,-1
1546,41,840.61,79.63,78.92,62.52,0.67,-1,-1,-1
1546,42,696.62,77.56,78.06,64.46,0.77,-1,-1,-1
1547,1,1285.05,357.77,235.42,183.84,0.87,-1,-1,-1
1547,2,560.52,79.25,99.53,88.67,0.75,-1,-1,-1
1547,41,839.53,80.28,86.19,62.22,0.52,-1,-1,-1
1547,42,696.38,78.85,78.70,62.98,0.79,-1,-1,-1
1548,1,1284.32,357.78,236.20,184.06,0.87,-1,-1,-1
1548,2,561.04,79.89,99.17,87.84,0.74,-1,-1,-1
1548,42,697.39,77.82,77.62,64.18,0.73,-1,-1,-1
1549,1,1284.03,356.34,236.35,185.43,0.87,-1,-1,-1
1549,2,561.43,80.52,99.21,87.40,0.72,-1,-1,-1
1549,42,697.56,76.61,77.99,65.95,0.73,-1,-1,-1
1550,1,1284.04,356.66,236.12,184.89,0.86,-1,-1,-1
1550,2,561.27,80.72,99.12,87.20,0.72,-1,-1,-1
1550,42,698.81,74.58,76.78,67.46,0.69,-1,-1,-1
1550,43,924.78,77.48,88.58,67.22,0.52,-1,-1,-1
1551,1,1284.88,357.97,235.19,183.19,0.86,-1,-1,-1
1551,2,560.92,80.57,99.34,86.92,0.77,-1,-1,-1
1551,42,699.19,74.91,76.70,66.51,0.72,-1,-1,-1
1551,44,1177.30,104.18,52.61,57.49,0.51,-1,-1,-1
1552,1,1284.60,355.92,235.45,185.56,0.85,-1,-1,-1
1552,2,560.65,81.78,99.57,85.69,0.78,-1,-1,-1
1552,41,833.56,81.35,78.34,59.27,0.54,-1,-1,-1
1552,42,700.09,73.60,78.25,68.09,0.71,-1,-1,-1
1552,44,1177.15,104.04,52.60,56.65,0.52,-1,-1,-1
1553,1,1284.68,356.29,235.46,185.25,0.84,-1,-1,-1
1553,2,560.91,82.22,99.16,85.24,0.77,-1,-1,-1
1553,42,700.79,73.89,78.23,68.07,0.67,-1,-1,-1
1553,44,1177.09,104.12,52.75,56.86,0.51,-1,-1,-1
1554,1,1284.75,356.51,235.26,184.82,0.85,-1,-1,-1
1554,2,559.62,81.76,100.35,86.06,0.76,-1,-1,-1
1554,41,831.75,80.35,77.43,60.58,0.60,-1,-1,-1
1554,42,701.74,74.13,77.95,67.63,0.63,-1,-1,-1
1555,1,1284.76,356.36,235.15,184.98,0.85,-1,-1,-1
1555,2,559.85,83.38,100.20,84.31,0.77,-1,-1,-1
1555,41,830.68,81.06,80.19,60.15,0.63,-1,-1,-1
1555,42,701.92,73.83,78.61,67.57,0.67,-1,-1,-1
1556,1,1284.82,356.38,235.16,184.95,0.85,-1,-1,-1
1556,2,560.71,83.08,99.45,84.45,0.77,-1,-1,-1
1556,41,828.24,81.51,80.02,59.06,0.63,-1,-1,-1
1556,42,702.66,72.95,76.72,68.73,0.60,-1,-1,-1
1556,44,1177.15,104.19,52.62,56.82,0.51,-1,-1,-1
1557,1,1285.21,356.03,234.80,185.36,0.85,-1,-1,-1
1557,2,560.88,82.01,99.59,85.74,0.76,-1,-1,-1
1557,41,828.79,84.37,76.10,56.24,0.61,-1,-1,-1
1557,42,704.68,72.68,80.79,69.58,0.61,-1,-1,-1
1558,1,1284.91,356.95,235.29,184.93,0.85,-1,-1,-1
1558,2,560.33,80.70,100.27,87.43,0.74,-1,-1,-1
1558,41,830.79,83.96,68.56,56.31,0.59,-1,-1,-1
1558,42,704.10,72.29,82.18,70.17,0.61,-1,-1,-1
1559,1,1284.92,356.90,235.23,184.89,0.86,-1,-1,-1
1559,2,560.46,80.98,100.06,87.15,0.74,-1,-1,-1
1559,41,826.25,84.05,71.47,56.18,0.61,-1,-1,-1
1559,42,706.40,70.78,82.46,72.41,0.52,-1,-1,-1
1560,1,1284.93,358.01,235.30,183.48,0.86,-1,-1,-1
1560,2,560.39,82.23,99.99,85.57,0.75,-1,-1,-1
1560,41,825.91,83.66,72.39,56.48,0.63,-1,-1,-1
1560,42,707.84,71.95,82.26,70.45,0.66,-1,-1,-1
1561,1,1284.85,358.40,235.49,183.27,0.86,-1,-1,-1
1561,2,561.17,80.63,99.28,87.02,0.77,-1,-1,-1
1561,41,824.71,83.53,68.48,56.01,0.54,-1,-1,-1
1561,42,709.08,72.30,81.32,69.24,0.67,-1,-1,-1
1561,43,927.16,77.60,86.73,67.07,0.51,-1,-1,-1
1562,1,1284.78,358.05,235.38,183.63,0.86,-1,-1,-1
1562,2,561.40,81.20,98.87,86.55,0.76,-1,-1,-1
1562,42,711.19,72.07,80.60,69.62,0.54,-1,-1,-1
1563,1,1284.21,357.81,235.96,184.09,0.86,-1,-1,-1
1563,2,561.08,80.29,99.42,87.81,0.75,-1,-1,-1
1563,41,821.97,84.18,72.97,55.25,0.54,-1,-1,-1
1563,42,711.26,71.97,81.63,69.77,0.64,-1,-1,-1
1564,1,1284.44,357.87,235.66,184.08,0.87,-1,-1,-1
1564,2,561.04,80.25,99.52,87.83,0.74,-1,-1,-1
1564,41,818.12,84.76,72.84,55.61,0.61,-1,-1,-1
1564,42,712.56,72.19,80.52,69.06,0.55,-1,-1,-1
1565,1,1284.10,358.06,236.07,183.86,0.87,-1,-1,-1
1565,2,560.84,80.44,99.94,87.52,0.74,-1,-1,-1
1565,41,817.34,86.65,73.78,54.09,0.60,-1,-1,-1
1565,42,713.33,71.87,79.64,68.90,0.62,-1,-1,-1
1566,1,1284.28,358.47,235.87,183.42,0.87,-1,-1,-1
1566,2,560.52,83.56,100.28,84.42,0.75,-1,-1,-1
1566,41,815.18,87.17,74.95,53.15,0.64,-1,-1,-1
1566,42,714.31,71.79,78.69,69.74,0.54,-1,-1,-1
1566,45,929.88,964.42,460.65,113.10,0.75,-1,-1,-1
1567,1,1285.24,358.95,234.66,183.18,0.88,-1,-1,-1
1567,2,561.74,85.30,98.32,82.63,0.75,-1,-1,-1
1567,41,814.41,87.28,71.45,53.62,0.66,-1,-1,-1
1567,42,715.36,71.66,76.98,69.36,0.66,-1,-1,-1
1567,45,925.66,925.94,497.39,151.03,0.83,-1,-1,-1
1568,1,1285.08,359.11,235.04,183.04,0.87,-1,-1,-1
1568,2,561.10,81.81,98.84,86.08,0.74,-1,-1,-1
1568,41,813.61,88.17,70.80,52.30,0.61,-1,-1,-1
1568,42,716.27,69.93,77.72,70.91,0.64,-1,-1,-1
1568,45,958.01,887.88,464.32,187.28,0.88,-1,-1,-1
1569,1,1285.02,358.20,235.22,183.59,0.87,-1,-1,-1
1569,2,560.35,81.49,100.08,86.37,0.75,-1,-1,-1
1569,41,810.18,87.37,72.09,53.04,0.56,-1,-1,-1
1569,42,716.52,70.25,82.39,69.95,0.66,-1,-1,-1
1569,45,969.88,851.01,446.89,227.84,0.88,-1,-1,-1
1570,1,1284.90,358.02,235.43,183.63,0.88,-1,-1,-1
1570,2,560.18,81.60,100.13,86.19,0.76,-1,-1,-1
1570,42,717.66,70.16,82.23,71.06,0.64,-1,-1,-1
1570,43,929.04,78.43,84.13,66.05,0.53,-1,-1,-1
1570,45,979.09,818.14,434.84,258.11,0.88,-1,-1,-1
1571,1,1284.81,358.36,235.29,183.64,0.87,-1,-1,-1
1571,2,561.07,81.07,99.02,87.32,0.75,-1,-1,-1
1571,42,718.50,70.31,83.52,71.38,0.60,-1,-1,-1
1571,45,982.36,786.51,425.94,290.53,0.88,-1,-1,-1
1572,1,1285.15,358.93,234.85,182.75,0.87,-1,-1,-1
1572,2,561.29,84.37,98.58,83.53,0.76,-1,-1,-1
1572,41,813.74,90.32,61.81,48.58,0.53,-1,-1,-1
1572,42,717.74,69.11,84.67,73.06,0.55,-1,-1,-1
1572,45,989.24,755.80,412.58,319.30,0.88,-1,-1,-1
1573,1,1285.07,357.69,235.40,183.82,0.85,-1,-1,-1
1573,2,559.72,85.77,99.24,81.71,0.74,-1,-1,-1
1573,45,991.48,727.27,406.37,348.60,0.71,-1,-1,-1
1574,1,1284.88,357.70,235.68,183.40,0.85,-1,-1,-1
1574,2,558.07,83.15,101.01,84.61,0.73,-1,-1,-1
1574,45,992.40,701.64,396.49,351.21,0.87,-1,-1,-1
1575,1,1284.59,357.18,235.66,183.71,0.85,-1,-1,-1
1575,2,558.91,87.18,100.17,80.58,0.73,-1,-1,-1
1575,45,994.61,674.98,387.32,344.42,0.88,-1,-1,-1
1576,1,1284.09,356.75,236.51,184.55,0.83,-1,-1,-1
1576,2,559.06,90.36,99.84,77.57,0.72,-1,-1,-1
1576,45,996.12,650.27,377.78,335.71,0.75,-1,-1,-1
1577,1,1283.81,358.02,236.27,183.17,0.84,-1,-1,-1
1577,2,561.34,87.43,97.70,79.94,0.74,-1,-1,-1
1578,1,1282.97,355.83,236.76,185.36,0.81,-1,-1,-1
1578,2,562.17,86.31,97.22,80.53,0.75,-1,-1,-1
1578,45,996.31,604.32,355.47,317.52,0.53,-1,-1,-1
1579,1,1282.97,356.58,236.32,185.38,0.77,-1,-1,-1
1579,2,561.86,85.42,97.76,81.36,0.72,-1,-1,-1
1579,45,995.22,581.40,350.22,310.75,0.71,-1,-1,-1
1580,1,1282.78,356.69,236.97,184.36,0.80,-1,-1,-1
1580,2,561.32,85.60,98.28,81.48,0.73,-1,-1,-1
1581,1,1282.68,357.18,237.72,183.86,0.82,-1,-1,-1
1581,2,561.95,87.46,97.60,79.68,0.74,-1,-1,-1
1581,45,989.97,544.19,336.25,293.85,0.69,-1,-1,-1
1582,1,1282.87,357.45,237.64,183.31,0.79,-1,-1,-1
1582,2,561.38,86.51,98.18,81.14,0.75,-1,-1,-1
1582,42,721.44,64.94,83.78,77.04,0.52,-1,-1,-1
1582,45,990.64,526.96,325.67,288.97,0.57,-1,-1,-1
1583,1,1283.19,357.68,237.40,183.28,0.80,-1,-1,-1
1583,2,561.17,88.50,98.24,78.90,0.76,-1,-1,-1
1583,42,721.64,65.09,84.19,77.49,0.55,-1,-1,-1
1584,1,1283.49,357.70,237.11,183.02,0.82,-1,-1,-1
1584,2,561.47,85.90,98.07,81.35,0.77,-1,-1,-1
1584,45,982.75,491.24,313.16,279.16,0.59,-1,-1,-1
1585,1,1284.82,358.45,235.84,182.20,0.81,-1,-1,-1
1585,2,561.80,80.94,98.03,86.75,0.77,-1,-1,-1
1585,42,721.73,65.18,88.92,78.30,0.58,-1,-1,-1
1585,45,978.69,476.16,304.93,270.98,0.65,-1,-1,-1
1586,1,1284.44,358.62,236.46,182.50,0.81,-1,-1,-1
1586,2,562.00,80.48,97.76,87.23,0.77,-1,-1,-1
1586,42,721.66,64.62,89.29,79.47,0.51,-1,-1,-1
1587,1,1285.81,358.66,234.52,182.90,0.83,-1,-1,-1
1587,2,559.98,77.69,100.15,90.09,0.76,-1,-1,-1
1587,45,971.37,444.78,293.28,260.97,0.64,-1,-1,-1
1588,1,1285.58,358.74,234.89,183.02,0.83,-1,-1,-1
1588,2,560.02,77.52,100.15,90.24,0.76,-1,-1,-1
1589,1,1285.64,358.89,234.74,182.79,0.86,-1,-1,-1
1589,2,560.57,79.35,99.55,88.24,0.76,-1,-1,-1
1589,45,961.66,421.04,284.84,250.97,0.51,-1,-1,-1
1590,1,1285.30,358.62,234.80,183.23,0.83,-1,-1,-1
1590,2,561.48,79.28,98.75,88.53,0.73,-1,-1,-1
1590,45,957.04,409.71,280.95,242.94,0.60,-1,-1,-1
1591,1,1284.57,359.27,235.74,182.64,0.83,-1,-1,-1
1591,2,561.11,78.69,99.22,89.20,0.70,-1,-1,-1
1592,1,1284.75,358.88,235.53,182.67,0.85,-1,-1,-1
1592,2,561.33,80.50,99.06,87.76,0.69,-1,-1,-1
1592,45,947.78,384.27,274.71,238.16,0.78,-1,-1,-1
1593,1,1284.86,358.87,235.41,182.83,0.85,-1,-1,-1
1593,2,561.22,79.87,99.19,88.31,0.70,-1,-1,-1
1594,1,1284.89,358.96,235.38,182.91,0.85,-1,-1,-1
1594,2,561.44,79.82,99.06,88.20,0.70,-1,-1,-1
1594,45,943.93,362.37,264.05,227.78,0.51,-1,-1,-1
1595,1,1284.50,358.92,235.88,182.78,0.85,-1,-1,-1
1595,2,561.43,81.32,98.71,86.41,0.74,-1,-1,-1
1595,45,942.22,349.49,259.90,227.88,0.54,-1,-1,-1
1596,1,1285.22,358.68,235.26,182.68,0.85,-1,-1,-1
1596,2,560.93,78.51,99.06,89.02,0.75,-1,-1,-1
1596,45,939.82,342.40,253.53,220.20,0.57,-1,-1,-1
1597,1,1284.62,359.05,235.73,182.56,0.80,-1,-1,-1
1597,2,558.00,80.19,101.52,87.26,0.77,-1,-1,-1
1597,45,935.13,334.31,251.25,216.06,0.53,-1,-1,-1
1598,1,1283.07,358.73,236.89,182.58,0.81,-1,-1,-1
1598,2,557.54,81.99,101.69,85.28,0.77,-1,-1,-1
1598,45,937.36,322.20,247.02,214.47,0.58,-1,-1,-1
1599,1,1283.56,357.46,235.63,185.39,0.76,-1,-1,-1
1599,2,557.40,82.30,101.65,84.96,0.77,-1,-1,-1
1600,1,1282.65,358.08,237.16,183.47,0.78,-1,-1,-1
1600,2,557.11,82.55,101.93,84.76,0.76,-1,-1,-1
1600,42,722.47,70.55,95.46,82.61,0.64,-1,-1,-1
1600,45,937.00,304.31,237.21,206.57,0.69,-1,-1,-1
1601,1,1283.47,356.57,236.57,185.09,0.77,-1,-1,-1
1601,2,558.52,82.85,100.96,84.13,0.73,-1,-1,-1
1601,42,723.29,71.84,94.89,82.14,0.51,-1,-1,-1
1601,45,936.43,297.29,232.94,204.59,0.59,-1,-1,-1
1602,1,1283.16,356.66,236.77,185.02,0.71,-1,-1,-1
1602,2,558.53,81.86,101.10,85.12,0.73,-1,-1,-1
1602,42,723.55,72.50,94.40,83.18,0.56,-1,-1,-1
1602,45,934.93,290.49,230.41,200.67,0.67,-1,-1,-1
1603,1,1282.96,356.55,236.94,185.02,0.71,-1,-1,-1
1603,2,558.85,85.54,100.63,81.39,0.74,-1,-1,-1
1603,45,936.47,281.06,227.57,199.76,0.80,-1,-1,-1
1604,1,1283.01,357.14,236.76,184.34,0.75,-1,-1,-1
1604,2,559.08,83.46,100.30,83.38,0.74,-1,-1,-1
1604,42,722.79,72.90,94.84,85.38,0.52,-1,-1,-1
1604,45,938.08,274.36,222.09,196.74,0.72,-1,-1,-1
1605,1,1283.39,357.83,236.31,183.43,0.81,-1,-1,-1
1605,2,559.51,83.75,100.26,82.98,0.74,-1,-1,-1
1605,42,722.22,74.29,95.37,84.89,0.66,-1,-1,-1
1605,45,936.34,270.80,221.93,190.44,0.53,-1,-1,-1
1606,1,1283.25,357.07,236.48,184.08,0.80,-1,-1,-1
1606,2,559.68,81.81,99.92,84.91,0.70,-1,-1,-1
1606,42,721.55,75.12,95.91,85.21,0.59,-1,-1,-1
1606,45,940.19,263.44,212.98,188.94,0.73,-1,-1,-1
1607,1,1282.51,357.23,236.33,184.54,0.68,-1,-1,-1
1607,2,559.84,84.88,99.61,81.68,0.71,-1,-1,-1
1607,42,721.48,74.95,94.41,86.53,0.57,-1,-1,-1
1607,45,935.26,256.63,214.81,187.32,0.60,-1,-1,-1
1608,1,1284.39,356.46,234.91,184.85,0.72,-1,-1,-1
1608,2,558.23,88.25,101.40,78.81,0.74,-1,-1,-1
1608,42,722.41,75.54,94.23,87.86,0.63,-1,-1,-1
1608,45,934.12,251.75,210.09,185.47,0.68,-1,-1,-1
1609,1,1284.34,356.04,234.80,185.72,0.73,-1,-1,-1
1609,2,559.95,85.84,99.49,81.07,0.75,-1,-1,-1
1609,45,934.15,248.75,207.28,180.44,0.63,-1,-1,-1
1610,1,1284.73,356.33,234.59,185.44,0.77,-1,-1,-1
1610,2,559.21,82.81,99.93,84.21,0.76,-1,-1,-1
1610,42,719.70,78.27,96.17,87.71,0.54,-1,-1,-1
1610,45,934.67,242.58,203.72,179.39,0.65,-1,-1,-1
1611,1,1285.40,354.77,234.20,187.19,0.83,-1,-1,-1
1611,2,558.96,82.17,100.33,85.21,0.76,-1,-1,-1
1611,42,718.13,78.98,98.58,87.19,0.73,-1,-1,-1
1611,45,935.07,239.10,199.31,176.72,0.68,-1,-1,-1
1612,1,1285.00,356.20,234.34,186.00,0.84,-1,-1,-1
1612,2,561.02,82.44,98.42,84.80,0.75,-1,-1,-1
1612,42,717.85,80.76,97.72,86.80,0.65,-1,-1,-1
1612,45,934.43,233.89,200.59,175.04,0.60,-1,-1,-1
1613,1,1284.81,355.84,234.71,186.36,0.85,-1,-1,-1
1613,2,561.27,80.82,98.49,86.26,0.76,-1,-1,-1
1613,42,717.41,79.82,97.74,88.68,0.72,-1,-1,-1
1613,45,934.89,229.10,199.98,172.92,0.66,-1,-1,-1
1614,1,1285.71,356.55,234.08,185.63,0.86,-1,-1,-1
1614,2,561.41,80.86,98.68,86.36,0.76,-1,-1,-1
1614,42,715.66,80.62,99.32,88.89,0.76,-1,-1,-1
1614,45,934.76,225.36,196.02,170.87,0.70,-1,-1,-1
1615,1,1284.93,357.16,234.75,184.76,0.85,-1,-1,-1
1615,2,562.69,82.76,97.22,84.96,0.71,-1,-1,-1
1615,42,714.41,81.91,99.61,90.42,0.71,-1,-1,-1
1615,45,936.19,222.14,190.45,166.77,0.69,-1,-1,-1
1616,1,1284.36,357.97,235.29,184.18,0.86,-1,-1,-1
1616,2,563.71,83.47,96.19,84.25,0.67,-1,-1,-1
1616,42,711.39,80.90,101.76,93.47,0.76,-1,-1,-1
1616,45,935.24,219.12,186.35,163.70,0.72,-1,-1,-1
1617,1,1285.63,357.66,234.10,185.84,0.86,-1,-1,-1
1617,2,562.16,83.50,97.56,84.26,0.54,-1,-1,-1
1617,42,710.31,80.56,101.64,95.87,0.76,-1,-1,-1
1617,45,933.38,214.74,187.63,162.14,0.72,-1,-1,-1
1618,1,1285.61,358.32,234.46,185.24,0.86,-1,-1,-1
1618,2,563.41,83.96,96.50,83.59,0.56,-1,-1,-1
1618,42,708.59,80.02,102.66,97.86,0.77,-1,-1,-1
1618,45,936.13,210.80,183.40,160.41,0.76,-1,-1,-1
1619,1,1285.90,358.08,234.09,185.44,0.86,-1,-1,-1
1619,2,565.02,87.61,94.73,79.75,0.60,-1,-1,-1
1619,42,707.77,80.22,102.60,99.13,0.74,-1,-1,-1
1619,45,934.65,206.65,182.08,158.79,0.84,-1,-1,-1
1620,1,1286.19,360.03,233.51,183.90,0.85,-1,-1,-1
1620,2,564.49,89.23,94.85,78.74,0.64,-1,-1,-1
1620,42,704.06,81.70,106.19,99.75,0.78,-1,-1,-1
1620,45,933.28,203.78,178.57,156.58,0.80,-1,-1,-1
1621,1,1285.59,359.01,234.09,184.61,0.84,-1,-1,-1
1621,2,564.19,88.32,95.12,79.71,0.61,-1,-1,-1
1621,42,702.64,83.47,105.47,98.81,0.79,-1,-1,-1
1621,45,937.72,201.06,172.08,154.69,0.80,-1,-1,-1
1622,1,1285.63,358.90,233.99,184.26,0.86,-1,-1,-1
1622,2,563.07,86.06,96.56,82.11,0.59,-1,-1,-1
1622,42,699.47,84.64,107.76,98.61,0.74,-1,-1,-1
1622,45,933.38,196.52,174.42,152.70,0.83,-1,-1,-1
1623,1,1285.26,357.30,234.31,185.58,0.87,-1,-1,-1
1623,2,564.08,83.13,95.51,84.87,0.54,-1,-1,-1
1623,42,697.70,85.53,107.37,99.85,0.79,-1,-1,-1
1623,45,932.75,193.02,174.24,149.22,0.80,-1,-1,-1
1624,1,1285.29,357.35,234.21,185.40,0.86,-1,-1,-1
1624,2,562.90,81.72,96.64,86.43,0.53,-1,-1,-1
1624,42,697.12,89.69,107.01,97.20,0.79,-1,-1,-1
1624,45,933.15,189.66,168.55,146.92,0.83,-1,-1,-1
1625,1,1285.34,357.71,234.15,185.06,0.86,-1,-1,-1
1625,2,562.75,82.47,96.69,85.34,0.55,-1,-1,-1
1625,42,695.85,89.44,106.65,99.31,0.78,-1,-1,-1
1625,45,933.03,186.71,164.07,144.84,0.84,-1,-1,-1
1626,1,1285.44,357.40,234.25,185.31,0.87,-1,-1,-1
1626,2,562.90,83.26,95.99,84.47,0.55,-1,-1,-1
1626,42,693.94,93.45,107.85,97.40,0.74,-1,-1,-1
1626,45,934.84,180.73,158.46,146.42,0.85,-1,-1,-1
1627,1,1285.30,357.07,234.62,184.94,0.85,-1,-1,-1
1627,2,561.64,82.03,97.83,85.53,0.63,-1,-1,-1
1627,42,692.40,92.56,107.86,98.92,0.70,-1,-1,-1
1627,45,930.51,177.18,163.32,144.16,0.86,-1,-1,-1
1628,1,1285.05,356.73,234.90,185.11,0.85,-1,-1,-1
1628,2,562.14,82.41,96.90,85.18,0.65,-1,-1,-1
1628,42,689.96,94.53,110.05,98.36,0.73,-1,-1,-1
1628,45,926.18,176.11,161.95,139.74,0.87,-1,-1,-1
1629,1,1284.95,357.09,235.07,185.10,0.86,-1,-1,-1
1629,2,561.89,83.09,97.01,84.38,0.66,-1,-1,-1
1629,42,687.94,96.26,109.45,98.44,0.71,-1,-1,-1
1629,45,927.41,173.33,155.98,138.27,0.86,-1,-1,-1
1629,46,810.92,109.14,57.84,32.45,0.50,-1,-1,-1
1630,1,1284.84,356.91,235.12,185.35,0.86,-1,-1,-1
1630,2,561.90,83.54,97.02,84.10,0.68,-1,-1,-1
1630,42,686.14,97.88,110.39,98.73,0.76,-1,-1,-1
1630,45,931.28,171.49,149.54,136.08,0.84,-1,-1,-1
1631,1,1284.75,356.28,235.20,185.56,0.84,-1,-1,-1
1631,2,561.05,82.59,97.47,84.58,0.68,-1,-1,-1
1631,42,683.54,98.42,111.03,101.06,0.79,-1,-1,-1
1631,45,925.78,165.31,152.38,136.75,0.77,-1,-1,-1
1632,1,1285.42,356.33,234.38,185.56,0.85,-1,-1,-1
1632,2,559.91,83.08,98.87,84.10,0.70,-1,-1,-1
1632,42,679.26,100.05,113.23,101.53,0.79,-1,-1,-1
1632,45,926.77,163.00,148.01,134.59,0.77,-1,-1,-1
1633,1,1285.05,357.49,234.58,184.83,0.83,-1,-1,-1
1633,2,560.79,87.10,97.92,80.07,0.71,-1,-1,-1
1633,42,677.21,99.83,114.08,103.47,0.74,-1,-1,-1
1633,45,925.02,159.13,146.62,133.16,0.79,-1,-1,-1
1634,1,1285.10,357.56,234.43,184.79,0.83,-1,-1,-1
1634,2,562.07,85.33,96.62,81.73,0.70,-1,-1,-1
1634,42,675.83,101.45,113.33,103.45,0.74,-1,-1,-1
1634,45,923.29,156.30,144.51,131.69,0.77,-1,-1,-1
1635,1,1284.79,357.14,234.79,185.33,0.84,-1,-1,-1
1635,2,562.07,84.73,96.21,82.17,0.71,-1,-1,-1
1635,42,674.57,101.97,114.65,103.99,0.78,-1,-1,-1
1635,45,923.22,153.76,141.24,128.67,0.85,-1,-1,-1
1636,1,1284.91,356.80,234.91,185.63,0.84,-1,-1,-1
1636,2,561.09,83.16,97.81,84.14,0.70,-1,-1,-1
1636,42,673.97,105.02,114.04,104.52,0.82,-1,-1,-1
1636,45,922.29,152.98,137.94,126.04,0.86,-1,-1,-1
1637,1,1284.71,356.11,235.18,186.78,0.86,-1,-1,-1
1637,2,561.46,87.08,97.57,80.17,0.70,-1,-1,-1
1637,42,673.08,105.13,114.07,105.04,0.85,-1,-1,-1
1637,45,920.41,150.04,137.74,124.86,0.86,-1,-1,-1
1638,1,1285.18,356.80,234.47,186.08,0.87,-1,-1,-1
1638,2,562.23,86.97,97.61,80.23,0.69,-1,-1,-1
1638,42,670.17,106.97,116.89,105.20,0.81,-1,-1,-1
1638,45,919.50,148.28,135.44,124.41,0.86,-1,-1,-1
1639,1,1285.38,357.08,234.39,185.57,0.87,-1,-1,-1
1639,2,562.73,87.12,97.21,80.19,0.67,-1,-1,-1
1639,42,669.45,107.21,114.11,108.13,0.76,-1,-1,-1
1639,45,916.70,149.64,133.59,119.81,0.86,-1,-1,-1
1640,1,1285.24,357.71,234.76,184.82,0.87,-1,-1,-1
1640,2,563.39,87.27,97.48,79.77,0.67,-1,-1,-1
1640,42,668.75,107.93,114.61,108.38,0.75,-1,-1,-1
1640,45,915.05,146.73,132.80,118.81,0.85,-1,-1,-1
1641,1,1285.23,356.83,234.68,185.87,0.87,-1,-1,-1
1641,2,563.88,84.69,96.24,83.11,0.60,-1,-1,-1
1641,42,667.75,108.75,114.85,109.37,0.69,-1,-1,-1
1641,45,913.73,146.35,130.27,116.66,0.86,-1,-1,-1
1642,1,1285.17,358.79,234.53,184.12,0.87,-1,-1,-1
1642,2,564.59,89.11,95.22,79.02,0.59,-1,-1,-1
1642,42,666.16,111.55,114.79,108.77,0.77,-1,-1,-1
1642,45,912.79,143.97,128.81,116.54,0.85,-1,-1,-1
1643,1,1284.74,358.91,234.99,183.84,0.87,-1,-1,-1
1643,2,564.62,89.56,96.28,78.59,0.56,-1,-1,-1
1643,42,665.62,112.60,114.34,110.63,0.80,-1,-1,-1
1643,45,911.89,143.20,127.41,112.83,0.87,-1,-1,-1
1644,1,1284.66,359.14,235.07,183.70,0.87,-1,-1,-1
1644,2,563.23,82.35,96.14,84.20,0.50,-1,-1,-1
1644,42,665.47,114.65,114.09,110.67,0.80,-1,-1,-1
1644,45,908.86,141.78,127.34,111.64,0.85,-1,-1,-1
1645,1,1285.84,360.84,234.35,182.50,0.87,-1,-1,-1
1645,42,664.83,119.01,114.25,108.53,0.78,-1,-1,-1
1645,45,907.16,136.96,125.69,113.75,0.80,-1,-1,-1
1646,1,1285.92,360.92,234.11,182.41,0.87,-1,-1,-1
1646,42,661.83,118.62,118.75,110.21,0.81,-1,-1,-1
1646,45,905.01,134.10,125.80,113.41,0.80,-1,-1,-1
1647,1,1285.89,360.79,234.20,182.53,0.87,-1,-1,-1
1647,42,661.18,119.94,118.89,111.22,0.80,-1,-1,-1
1647,45,905.82,129.95,122.59,112.52,0.83,-1,-1,-1
1648,1,1285.78,360.61,234.37,182.47,0.87,-1,-1,-1
1648,42,660.51,119.98,118.32,112.38,0.82,-1,-1,-1
1648,45,903.48,129.90,119.88,109.44,0.86,-1,-1,-1
1649,1,1285.91,359.50,234.27,183.73,0.87,-1,-1,-1
1649,42,659.51,122.51,118.66,112.01,0.81,-1,-1,-1
1649,45,900.86,125.82,120.06,111.22,0.82,-1,-1,-1
1650,1,1284.98,359.41,234.85,183.34,0.87,-1,-1,-1
1650,42,658.24,121.91,119.83,114.55,0.80,-1,-1,-1
1650,45,899.08,124.60,119.25,109.63,0.70,-1,-1,-1
1651,1,1284.66,359.43,235.59,182.79,0.87,-1,-1,-1
1651,42,658.57,122.73,120.50,115.93,0.79,-1,-1,-1
1651,45,895.14,121.32,118.97,109.65,0.79,-1,-1,-1
1652,1,1284.86,357.84,235.17,184.16,0.87,-1,-1,-1
1652,2,556.77,81.68,103.35,88.64,0.53,-1,-1,-1
1652,42,657.55,124.29,122.36,116.35,0.79,-1,-1,-1
1652,45,892.60,122.05,121.08,106.23,0.73,-1,-1,-1
1653,1,1284.92,357.80,235.13,184.34,0.87,-1,-1,-1
1653,42,657.14,123.62,123.24,120.14,0.78,-1,-1,-1
1653,45,891.53,119.16,117.77,107.13,0.71,-1,-1,-1
1654,1,1284.95,357.81,235.01,184.57,0.87,-1,-1,-1
1654,2,561.65,85.33,96.43,84.96,0.54,-1,-1,-1
1654,42,656.27,126.66,123.80,120.19,0.81,-1,-1,-1
1654,45,888.99,119.50,117.67,104.62,0.73,-1,-1,-1
1655,1,1284.85,357.87,235.06,184.31,0.86,-1,-1,-1
1655,2,563.36,89.82,98.08,80.41,0.57,-1,-1,-1
1655,42,653.39,129.52,129.54,121.17,0.85,-1,-1,-1
1655,45,890.21,118.20,113.23,101.44,0.55,-1,-1,-1
1656,1,1284.68,357.69,235.39,184.66,0.86,-1,-1,-1
1656,2,562.28,86.96,96.33,83.35,0.55,-1,-1,-1
1656,42,655.05,131.21,127.34,123.04,0.83,-1,-1,-1
1656,45,888.57,116.17,111.18,100.25,0.69,-1,-1,-1
1657,1,1284.60,358.81,235.66,184.03,0.87,-1,-1,-1
1657,2,560.35,87.19,98.32,82.72,0.63,-1,-1,-1
1657,42,655.11,134.17,127.64,122.48,0.80,-1,-1,-1
1657,45,887.38,115.51,110.03,98.63,0.78,-1,-1,-1
1658,1,1284.59,358.59,235.68,184.27,0.87,-1,-1,-1
1658,2,561.44,85.48,98.41,85.21,0.57,-1,-1,-1
1658,42,655.20,133.73,127.30,125.05,0.84,-1,-1,-1
1658,45,885.80,113.21,109.80,98.53,0.79,-1,-1,-1
1659,1,1284.64,358.16,235.63,184.43,0.87,-1,-1,-1
1659,2,561.85,86.92,97.86,82.40,0.58,-1,-1,-1
1659,42,654.78,137.11,129.37,124.27,0.84,-1,-1,-1
1659,45,884.02,110.82,109.11,98.44,0.80,-1,-1,-1
1660,1,1284.85,358.04,235.48,184.31,0.87,-1,-1,-1
1660,2,562.21,84.99,98.59,84.37,0.58,-1,-1,-1
1660,42,653.22,140.77,131.13,123.01,0.84,-1,-1,-1
1660,45,882.36,107.58,108.96,99.42,0.73,-1,-1,-1
1661,1,1284.77,357.57,235.72,184.42,0.87,-1,-1,-1
1661,2,562.92,85.01,97.53,83.85,0.57,-1,-1,-1
1661,42,654.72,141.75,130.87,123.63,0.83,-1,-1,-1
1661,45,880.63,103.51,110.16,101.13,0.64,-1,-1,-1
1662,1,1285.40,357.43,234.88,185.12,0.87,-1,-1,-1
1662,2,564.15,87.28,95.41,81.17,0.58,-1,-1,-1
1662,42,651.80,142.84,137.10,127.07,0.80,-1,-1,-1
1662,45,879.34,105.30,107.23,96.62,0.71,-1,-1,-1
1663,1,1285.95,357.98,234.35,184.53,0.87,-1,-1,-1
1663,2,564.48,84.68,95.44,83.69,0.57,-1,-1,-1
1663,42,651.17,144.23,135.56,129.23,0.85,-1,-1,-1
1663,45,877.67,102.84,106.65,95.25,0.63,-1,-1,-1
1664,1,1286.47,357.83,233.84,184.56,0.88,-1,-1,-1
1664,2,564.68,85.17,95.14,83.17,0.62,-1,-1,-1
1664,42,651.60,145.12,134.08,131.22,0.86,-1,-1,-1
1664,45,877.39,102.50,105.37,94.63,0.74,-1,-1,-1
1665,1,1286.51,359.43,233.73,183.32,0.87,-1,-1,-1
1665,2,565.56,91.32,94.54,76.13,0.63,-1,-1,-1
1665,42,650.91,148.97,135.87,128.82,0.88,-1,-1,-1
1665,45,876.74,98.47,104.15,95.10,0.69,-1,-1,-1
1666,1,1286.74,360.15,233.43,182.66,0.87,-1,-1,-1
1666,2,565.22,88.60,94.66,79.11,0.60,-1,-1,-1
1666,42,649.23,151.51,138.59,128.73,0.90,-1,-1,-1
1666,45,873.59,96.46,104.72,95.72,0.65,-1,-1,-1
1667,1,1286.57,361.27,233.27,182.00,0.87,-1,-1,-1
1667,2,566.38,90.14,93.66,77.03,0.62,-1,-1,-1
1667,42,647.43,151.71,141.97,132.37,0.89,-1,-1,-1
1667,45,872.80,96.59,104.16,93.82,0.68,-1,-1,-1
1668,1,1286.64,361.38,233.19,181.84,0.87,-1,-1,-1
1668,2,566.70,88.59,92.95,79.03,0.55,-1,-1,-1
1668,42,649.79,152.89,138.12,133.32,0.88,-1,-1,-1
1668,45,871.22,96.40,102.73,92.33,0.70,-1,-1,-1
1669,1,1286.17,361.65,233.55,181.77,0.87,-1,-1,-1
1669,2,566.37,91.89,92.94,75.94,0.55,-1,-1,-1
1669,42,649.75,155.58,139.91,132.42,0.87,-1,-1,-1
1669,45,869.21,94.55,104.33,90.90,0.68,-1,-1,-1
1670,1,1286.17,361.63,233.59,181.85,0.87,-1,-1,-1
1670,2,566.48,91.49,92.33,76.08,0.57,-1,-1,-1
1670,42,648.13,154.65,143.02,135.81,0.85,-1,-1,-1
1670,45,869.01,92.49,102.59,90.63,0.71,-1,-1,-1
1671,1,1285.90,361.14,233.94,182.36,0.87,-1,-1,-1
1671,42,646.57,158.42,144.09,135.28,0.83,-1,-1,-1
1671,45,867.70,90.18,101.96,91.23,0.75,-1,-1,-1
1672,1,1285.60,360.95,234.09,182.54,0.87,-1,-1,-1
1672,42,643.45,159.69,148.19,138.22,0.83,-1,-1,-1
1672,45,867.61,88.84,100.97,90.66,0.70,-1,-1,-1
1673,1,1285.50,360.76,234.20,182.85,0.87,-1,-1,-1
1673,42,641.28,161.01,149.18,139.83,0.84,-1,-1,-1
1673,45,867.16,88.61,99.52,88.08,0.58,-1,-1,-1
1674,1,1285.55,360.28,233.99,183.18,0.87,-1,-1,-1
1674,42,642.85,165.51,148.74,138.12,0.85,-1,-1,-1
1674,45,866.27,85.52,98.56,89.29,0.56,-1,-1,-1
1675,1,1285.47,359.78,233.99,183.28,0.87,-1,-1,-1
1675,42,636.31,167.49,154.94,139.77,0.84,-1,-1,-1
1675,45,864.73,84.42,99.32,88.67,0.55,-1,-1,-1
1676,1,1285.59,360.17,234.09,182.45,0.88,-1,-1,-1
1676,2,564.88,78.33,95.42,88.98,0.51,-1,-1,-1
1676,42,636.72,167.78,154.75,142.11,0.88,-1,-1,-1
1676,45,864.41,83.37,97.32,87.43,0.61,-1,-1,-1
1677,1,1285.67,360.27,234.16,182.16,0.88,-1,-1,-1
1677,2,564.95,79.63,95.18,87.75,0.55,-1,-1,-1
1677,42,641.54,169.16,149.66,143.53,0.88,-1,-1,-1
1677,45,864.51,83.36,95.32,86.79,0.50,-1,-1,-1
1678,1,1285.58,360.02,234.27,182.50,0.88,-1,-1,-1
1678,2,565.26,81.54,94.59,86.05,0.55,-1,-1,-1
1678,42,642.76,169.17,150.35,146.71,0.88,-1,-1,-1
1678,45,862.33,83.59,97.26,84.71,0.58,-1,-1,-1
1679,1,1285.42,359.60,234.45,182.90,0.87,-1,-1,-1
1679,2,565.40,81.68,94.67,85.90,0.52,-1,-1,-1
1679,42,640.05,170.88,154.69,149.34,0.83,-1,-1,-1
1679,45,862.25,81.94,93.98,85.93,0.54,-1,-1,-1
1679,47,708.43,98.03,60.71,44.99,0.52,-1,-1,-1
1680,1,1285.46,359.77,234.32,182.76,0.88,-1,-1,-1
1680,2,565.38,83.48,94.49,84.11,0.54,-1,-1,-1
1680,42,637.36,174.12,160.17,149.31,0.81,-1,-1,-1
1680,47,713.89,100.90,57.56,40.94,0.57,-1,-1,-1
1681,1,1285.68,360.07,234.17,182.30,0.88,-1,-1,-1
1681,2,565.28,83.08,94.95,84.51,0.57,-1,-1,-1
1681,42,630.55,177.15,166.14,150.26,0.81,-1,-1,-1
1681,47,718.37,99.71,60.01,42.21,0.57,-1,-1,-1
1682,1,1285.54,360.22,234.24,182.03,0.88,-1,-1,-1
1682,2,564.98,82.56,95.38,85.37,0.53,-1,-1,-1
1682,42,630.29,178.83,169.80,151.91,0.78,-1,-1,-1
1682,47,721.63,96.35,70.07,46.27,0.63,-1,-1,-1
1683,1,1285.62,359.89,234.21,182.40,0.88,-1,-1,-1
1683,2,564.75,82.07,95.55,86.00,0.53,-1,-1,-1
1683,42,634.63,180.29,163.59,153.16,0.81,-1,-1,-1
1683,47,724.78,95.85,71.09,46.61,0.70,-1,-1,-1
1684,1,1285.66,359.93,234.22,182.37,0.88,-1,-1,-1
1684,2,564.88,83.00,95.31,84.94,0.54,-1,-1,-1
1684,42,635.94,182.18,162.38,154.89,0.78,-1,-1,-1
1684,45,857.51,77.84,94.32,81.49,0.52,-1,-1,-1
1684,47,728.99,96.39,66.65,45.55,0.67,-1,-1,-1
1685,1,1285.73,360.17,234.16,182.18,0.88,-1,-1,-1
1685,2,564.90,82.86,95.63,84.99,0.55,-1,-1,-1
1685,42,631.95,184.77,165.00,156.42,0.79,-1,-1,-1
1685,45,857.28,76.62,92.41,82.03,0.52,-1,-1,-1
1685,47,730.16,96.12,64.02,45.96,0.61,-1,-1,-1
1686,1,1285.78,359.98,234.21,182.37,0.88,-1,-1,-1
1686,2,565.06,83.05,95.66,85.10,0.56,-1,-1,-1
1686,42,632.50,186.42,166.41,158.92,0.83,-1,-1,-1
1686,47,730.87,95.62,61.64,46.60,0.63,-1,-1,-1
1687,1,1285.57,359.40,234.07,183.76,0.86,-1,-1,-1
1687,2,564.60,88.31,95.98,80.02,0.59,-1,-1,-1
1687,42,633.09,190.43,166.20,159.09,0.79,-1,-1,-1
1687,47,731.51,94.57,60.87,48.10,0.57,-1,-1,-1
1688,1,1285.55,359.38,234.10,184.00,0.86,-1,-1,-1
1688,2,564.49,88.39,95.93,80.00,0.58,-1,-1,-1
1688,42,629.03,192.90,171.92,160.36,0.78,-1,-1,-1
1688,47,731.15,93.75,61.35,48.95,0.56,-1,-1,-1
1689,1,1285.64,359.00,234.01,184.40,0.86,-1,-1,-1
1689,2,564.55,88.90,95.91,79.42,0.60,-1,-1,-1
1689,42,625.76,196.80,173.95,160.69,0.79,-1,-1,-1
1689,45,854.31,74.08,91.45,77.61,0.59,-1,-1,-1
1690,1,1285.72,359.03,234.03,184.38,0.87,-1,-1,-1
1690,2,564.04,89.09,96.57,79.47,0.61,-1,-1,-1
1690,42,625.68,198.24,176.21,162.99,0.78,-1,-1,-1
1690,45,854.78,74.44,92.05,76.71,0.60,-1,-1,-1
1690,47,727.46,91.70,64.87,50.48,0.63,-1,-1,-1
1691,1,1286.01,358.38,233.59,184.56,0.87,-1,-1,-1
1691,2,563.67,89.33,97.55,79.56,0.64,-1,-1,-1
1691,42,628.47,201.93,174.50,162.15,0.79,-1,-1,-1
1691,45,853.77,73.52,91.05,76.31,0.52,-1,-1,-1
1691,47,728.04,91.95,64.09,49.70,0.64,-1,-1,-1
1692,1,1286.10,358.15,233.47,184.71,0.87,-1,-1,-1
1692,2,563.56,88.95,97.54,79.92,0.63,-1,-1,-1
1692,42,627.77,204.48,176.04,162.76,0.85,-1,-1,-1
1692,45,853.97,72.67,88.80,75.89,0.57,-1,-1,-1
1692,47,724.91,90.98,66.00,50.67,0.67,-1,-1,-1
1693,1,1286.06,360.00,233.69,182.90,0.87,-1,-1,-1
1693,2,563.80,86.01,97.12,82.77,0.63,-1,-1,-1
1693,42,623.27,205.19,182.42,165.55,0.86,-1,-1,-1
1693,45,854.17,72.36,84.79,73.88,0.59,-1,-1,-1
1693,47,724.05,90.90,65.72,50.74,0.76,-1,-1,-1
1694,1,1286.49,359.65,233.21,183.10,0.87,-1,-1,-1
1694,2,564.24,86.16,96.66,82.57,0.64,-1,-1,-1
1694,42,622.39,207.70,185.31,166.73,0.79,-1,-1,-1
1694,45,853.41,71.47,84.27,74.33,0.55,-1,-1,-1
1694,47,722.88,88.75,64.98,52.65,0.68,-1,-1,-1
1695,1,1285.66,359.58,234.03,183.17,0.87,-1,-1,-1
1695,2,564.33,86.83,96.26,81.78,0.60,-1,-1,-1
1695,42,621.66,211.11,188.38,166.31,0.83,-1,-1,-1
1695,45,851.58,71.30,84.80,74.37,0.54,-1,-1,-1
1695,47,720.92,86.90,65.60,54.26,0.68,-1,-1,-1
1696,1,1285.61,359.90,234.08,182.92,0.87,-1,-1,-1
1696,2,564.37,86.53,96.13,82.34,0.61,-1,-1,-1
1696,42,622.78,213.53,188.27,166.28,0.81,-1,-1,-1
1696,45,852.19,71.51,81.03,73.00,0.52,-1,-1,-1
1696,47,718.06,87.68,67.82,50.42,0.61,-1,-1,-1
1697,1,1285.54,359.81,234.07,183.23,0.87,-1,-1,-1
1697,2,563.91,86.44,96.66,82.27,0.63,-1,-1,-1
1697,42,621.19,215.15,192.61,168.65,0.85,-1,-1,-1
1697,45,852.25,71.62,81.43,72.41,0.52,-1,-1,-1
1697,47,717.30,84.70,65.80,53.37,0.68,-1,-1,-1
1698,1,1285.55,360.20,234.16,182.87,0.87,-1,-1,-1
1698,2,563.51,85.74,97.11,82.96,0.65,-1,-1,-1
1698,42,619.78,216.46,198.62,170.31,0.82,-1,-1,-1
1698,47,715.13,83.34,67.51,53.08,0.69,-1,-1,-1
1699,1,1285.57,360.22,234.10,182.87,0.87,-1,-1,-1
1699,2,563.50,86.20,97.17,82.48,0.66,-1,-1,-1
1699,42,621.06,218.99,198.47,171.32,0.84,-1,-1,-1
1699,45,851.04,71.99,81.31,72.04,0.51,-1,-1,-1
1699,47,715.34,82.82,63.48,51.36,0.68,-1,-1,-1
1700,1,1285.44,360.30,234.22,182.79,0.87,-1,-1,-1
1700,2,564.23,84.68,96.38,83.49,0.64,-1,-1,-1
1700,42,622.83,220.59,199.85,175.47,0.83,-1,-1,-1
1700,47,712.98,82.59,62.82,51.82,0.67,-1,-1,-1
1701,1,1285.61,360.15,234.04,182.81,0.87,-1,-1,-1
1701,2,563.95,83.43,96.84,84.97,0.67,-1,-1,-1
1701,42,624.20,222.92,202.09,175.47,0.82,-1,-1,-1
1701,47,713.56,81.33,61.25,50.64,0.72,-1,-1,-1
1701,48,926.81,75.96,86.92,69.70,0.55,-1,-1,-1
1702,1,1285.38,360.11,234.36,182.91,0.87,-1,-1,-1
1702,2,564.05,83.26,96.74,85.15,0.69,-1,-1,-1
1702,42,625.30,225.08,201.32,178.37,0.85,-1,-1,-1
1702,47,711.74,81.97,60.00,49.68,0.64,-1,-1,-1
1703,1,1285.37,360.13,234.34,182.92,0.87,-1,-1,-1
1703,2,563.55,83.15,97.29,85.46,0.67,-1,-1,-1
1703,42,624.89,227.05,206.21,180.91,0.68,-1,-1,-1
1703,45,849.08,71.24,80.66,72.54,0.54,-1,-1,-1
1703,47,711.62,80.62,58.34,47.26,0.61,-1,-1,-1
1703,48,931.14,75.91,82.44,69.64,0.52,-1,-1,-1
1704,1,1285.32,360.16,234.41,182.86,0.87,-1,-1,-1
1704,2,563.21,82.60,97.69,86.15,0.69,-1,-1,-1
1704,42,625.20,229.87,206.11,182.36,0.83,-1,-1,-1
1704,45,847.03,71.82,79.13,71.48,0.52,-1,-1,-1
1704,47,709.87,81.53,58.33,44.72,0.57,-1,-1,-1
1704,48,930.67,76.25,83.36,68.41,0.51,-1,-1,-1
1705,1,1285.70,359.78,233.73,183.50,0.87,-1,-1,-1
1705,2,563.07,84.24,97.87,84.27,0.70,-1,-1,-1
1705,42,625.70,232.60,207.35,183.76,0.89,-1,-1,-1
1705,45,847.98,72.51,76.02,70.45,0.55,-1,-1,-1
1705,47,707.89,77.93,61.39,47.11,0.70,-1,-1,-1
1706,1,1285.78,359.59,233.68,183.71,0.87,-1,-1,-1
1706,2,562.37,84.89,98.49,83.67,0.70,-1,-1,-1
1706,42,625.47,235.89,211.42,185.60,0.87,-1,-1,-1
1706,47,707.75,75.79,59.89,48.50,0.70,-1,-1,-1
1707,1,1286.35,360.19,233.00,183.38,0.87,-1,-1,-1
1707,2,561.75,87.14,98.97,81.58,0.65,-1,-1,-1
1707,42,628.09,239.67,213.30,187.16,0.83,-1,-1,-1
1707,47,706.47,72.89,60.43,50.66,0.65,-1,-1,-1
1708,1,1286.33,360.33,233.01,183.21,0.87,-1,-1,-1
1708,2,561.81,86.88,98.84,82.05,0.67,-1,-1,-1
1708,42,628.47,241.51,215.97,191.43,0.77,-1,-1,-1
1708,47,705.82,72.42,60.09,50.86,0.67,-1,-1,-1
1708,48,928.75,76.15,85.14,69.64,0.51,-1,-1,-1
1709,1,1286.45,360.41,232.86,183.08,0.87,-1,-1,-1
1709,2,561.71,87.03,98.83,81.98,0.68,-1,-1,-1
1709,42,629.74,246.56,220.15,191.84,0.87,-1,-1,-1
1709,45,842.46,73.31,78.65,68.97,0.63,-1,-1,-1
1709,47,704.16,71.01,60.38,51.06,0.70,-1,-1,-1
1709,48,929.56,76.09,84.35,69.54,0.54,-1,-1,-1
1710,1,1286.30,360.09,233.11,183.41,0.87,-1,-1,-1
1710,2,561.88,87.89,98.74,81.09,0.68,-1,-1,-1
1710,42,631.05,248.81,222.35,194.31,0.86,-1,-1,-1
1710,45,841.11,73.44,77.13,69.00,0.62,-1,-1,-1
1710,47,705.39,68.29,59.18,53.59,0.67,-1,-1,-1
1710,48,930.54,75.97,83.30,69.61,0.51,-1,-1,-1
1711,1,1286.44,359.70,232.99,183.27,0.87,-1,-1,-1
1711,2,563.53,91.86,97.25,76.61,0.70,-1,-1,-1
1711,42,632.85,253.36,223.52,195.82,0.85,-1,-1,-1
1711,45,839.86,73.91,76.46,68.48,0.63,-1,-1,-1
1711,47,704.44,66.83,60.12,54.56,0.62,-1,-1,-1
1712,1,1285.79,359.45,233.81,183.61,0.86,-1,-1,-1
1712,2,563.48,92.65,97.26,75.68,0.70,-1,-1,-1
1712,42,632.75,257.12,228.47,198.62,0.82,-1,-1,-1
1712,45,836.51,74.92,75.58,66.76,0.53,-1,-1,-1
1712,47,705.89,66.63,58.29,53.12,0.70,-1,-1,-1
1713,1,1285.61,359.40,234.04,183.35,0.86,-1,-1,-1
1713,2,563.33,92.60,97.41,76.00,0.69,-1,-1,-1
1713,42,634.31,260.14,228.25,203.44,0.81,-1,-1,-1
1713,45,834.42,74.39,76.84,66.93,0.54,-1,-1,-1
1713,47,706.40,66.14,55.63,52.89,0.70,-1,-1,-1
1714,1,1285.59,359.27,234.06,183.33,0.86,-1,-1,-1
1714,2,563.72,92.85,97.02,75.85,0.71,-1,-1,-1
1714,42,633.85,265.34,232.84,206.81,0.82,-1,-1,-1
1714,45,833.09,76.05,77.29,66.03,0.52,-1,-1,-1
1714,47,706.45,65.55,55.20,51.63,0.70,-1,-1,-1
1715,1,1285.93,360.36,233.78,182.55,0.85,-1,-1,-1
1715,2,563.97,93.14,96.83,75.62,0.72,-1,-1,-1
1715,42,634.79,268.10,231.01,211.13,0.74,-1,-1,-1
1715,45,831.32,77.00,78.58,64.20,0.59,-1,-1,-1
1715,47,706.63,65.83,54.09,50.39,0.70,-1,-1,-1
1716,1,1285.91,360.54,233.85,182.40,0.85,-1,-1,-1
1716,2,564.16,93.66,96.60,75.19,0.71,-1,-1,-1
1716,42,632.87,272.76,238.53,212.99,0.86,-1,-1,-1
1716,45,830.45,76.95,76.73,64.26,0.63,-1,-1,-1
1716,47,707.95,64.26,54.15,50.59,0.69,-1,-1,-1
1717,1,1285.70,361.01,234.44,182.09,0.86,-1,-1,-1
1717,2,563.05,91.49,97.89,77.69,0.71,-1,-1,-1
1717,42,630.51,278.94,240.06,213.91,0.88,-1,-1,-1
1717,45,827.17,76.91,76.11,63.74,0.60,-1,-1,-1
1717,47,708.24,64.14,52.65,49.49,0.62,-1,-1,-1
1718,1,1285.84,360.81,234.17,182.03,0.86,-1,-1,-1
1718,2,563.15,87.84,98.07,81.45,0.67,-1,-1,-1
1718,42,630.26,285.01,242.67,216.16,0.79,-1,-1,-1
1718,45,826.06,77.30,75.96,63.19,0.66,-1,-1,-1
1718,47,708.86,66.81,51.06,45.29,0.62,-1,-1,-1
1719,1,1285.69,360.24,234.15,182.69,0.86,-1,-1,-1
1719,2,562.85,87.58,98.05,81.54,0.67,-1,-1,-1
1719,42,631.11,292.48,242.73,217.19,0.84,-1,-1,-1
1719,45,825.15,78.52,74.04,62.54,0.71,-1,-1,-1
1719,47,709.50,62.94,50.56,48.03,0.63,-1,-1,-1
1719,48,928.53,77.59,85.83,67.80,0.51,-1,-1,-1
1720,1,1285.35,360.20,234.13,183.79,0.86,-1,-1,-1
1720,2,562.18,81.52,98.10,87.81,0.68,-1,-1,-1
1720,42,629.23,299.14,246.69,219.06,0.74,-1,-1,-1
1720,45,822.36,80.02,74.69,61.05,0.73,-1,-1,-1
1720,47,708.23,63.16,52.60,45.87,0.64,-1,-1,-1
1720,48,926.98,76.75,87.58,68.25,0.52,-1,-1,-1
1721,1,1285.39,359.57,234.09,184.62,0.86,-1,-1,-1
1721,2,562.68,80.52,97.92,88.99,0.67,-1,-1,-1
1721,42,626.01,302.04,249.07,225.57,0.84,-1,-1,-1
1721,45,820.71,79.59,75.09,61.80,0.69,-1,-1,-1
1721,47,707.89,59.46,53.56,49.38,0.61,-1,-1,-1
1721,48,926.78,76.51,87.58,68.40,0.55,-1,-1,-1
1722,1,1285.06,359.23,234.34,184.67,0.87,-1,-1,-1
1722,2,562.69,81.75,97.94,87.65,0.70,-1,-1,-1
1722,42,625.15,305.06,258.12,230.93,0.73,-1,-1,-1
1722,45,818.78,80.70,78.48,60.60,0.74,-1,-1,-1
1722,47,709.48,58.99,53.18,48.71,0.58,-1,-1,-1
1722,48,927.62,77.19,86.86,67.55,0.67,-1,-1,-1
1723,1,1285.04,359.74,234.60,183.98,0.87,-1,-1,-1
1723,2,562.25,86.98,98.25,82.21,0.72,-1,-1,-1
1723,42,621.80,314.56,255.56,230.39,0.88,-1,-1,-1
1723,45,818.21,82.95,75.28,58.68,0.67,-1,-1,-1
1723,47,711.05,58.35,52.37,48.86,0.61,-1,-1,-1
1723,48,928.13,77.28,86.17,68.16,0.58,-1,-1,-1
1724,1,1284.76,359.31,234.94,184.41,0.86,-1,-1,-1
1724,2,562.89,89.39,97.49,79.85,0.70,-1,-1,-1
1724,42,619.74,322.29,257.77,232.56,0.84,-1,-1,-1
1724,45,817.24,82.66,71.29,59.25,0.71,-1,-1,-1
1724,47,710.84,56.97,55.48,49.14,0.66,-1,-1,-1
1724,48,928.26,77.10,85.93,68.56,0.54,-1,-1,-1
1725,1,1285.11,359.26,234.58,184.40,0.87,-1,-1,-1
1725,2,562.98,91.08,97.48,78.25,0.70,-1,-1,-1
1725,42,616.65,329.49,259.16,233.81,0.88,-1,-1,-1
1725,45,817.34,82.63,65.99,59.20,0.72,-1,-1,-1
1725,47,710.98,55.28,56.32,50.82,0.69,-1,-1,-1
1726,1,1284.96,359.42,234.61,184.23,0.87,-1,-1,-1
1726,2,562.96,89.46,97.51,79.87,0.70,-1,-1,-1
1726,42,616.94,337.68,260.50,235.31,0.88,-1,-1,-1
1726,45,814.22,81.94,68.49,59.80,0.67,-1,-1,-1
1726,47,710.45,55.08,57.96,49.79,0.68,-1,-1,-1
1727,1,1285.13,359.76,234.35,183.78,0.87,-1,-1,-1
1727,2,562.85,91.34,97.62,78.13,0.69,-1,-1,-1
1727,42,610.72,343.06,270.67,240.55,0.87,-1,-1,-1
1727,45,813.64,82.81,69.01,58.94,0.62,-1,-1,-1
1727,47,711.54,54.72,57.98,49.31,0.68,-1,-1,-1
1728,1,1285.58,359.77,233.72,183.58,0.87,-1,-1,-1
1728,2,562.73,95.23,97.68,74.35,0.67,-1,-1,-1
1728,42,609.36,349.36,270.22,243.88,0.83,-1,-1,-1
1728,45,812.33,82.23,69.26,59.57,0.58,-1,-1,-1
1728,47,712.72,53.95,56.93,48.78,0.66,-1,-1,-1
1729,1,1285.42,360.93,234.09,182.16,0.87,-1,-1,-1
1729,2,562.41,90.35,97.95,79.07,0.70,-1,-1,-1
1729,42,606.91,353.17,272.70,249.90,0.83,-1,-1,-1
1729,45,810.40,82.61,68.99,58.79,0.63,-1,-1,-1
1729,47,713.04,54.49,58.72,47.00,0.65,-1,-1,-1
1730,1,1285.41,360.29,233.94,183.44,0.86,-1,-1,-1
1730,2,562.33,89.86,97.91,79.48,0.74,-1,-1,-1
1730,42,605.50,362.49,275.76,251.59,0.88,-1,-1,-1
1730,45,809.91,83.71,70.06,58.28,0.67,-1,-1,-1
1730,47,714.37,53.24,59.20,47.63,0.66,-1,-1,-1
1731,1,1285.26,359.69,234.57,183.60,0.85,-1,-1,-1
1731,2,561.81,92.86,98.71,76.49,0.74,-1,-1,-1
1731,42,605.71,370.58,277.95,255.25,0.83,-1,-1,-1
1731,45,808.41,84.64,68.60,57.10,0.64,-1,-1,-1
1731,47,716.41,55.12,57.42,45.27,0.66,-1,-1,-1
1732,1,1285.12,359.68,234.76,183.64,0.85,-1,-1,-1
1732,2,561.95,92.41,98.55,76.99,0.70,-1,-1,-1
1732,42,601.10,376.17,282.36,259.71,0.79,-1,-1,-1
1732,45,807.08,85.69,69.10,55.53,0.72,-1,-1,-1
1732,47,716.99,54.94,55.60,44.76,0.60,-1,-1,-1
1733,1,1285.43,360.10,234.55,183.67,0.85,-1,-1,-1
1733,2,562.39,92.27,98.05,76.88,0.69,-1,-1,-1
1733,42,599.78,385.09,283.64,260.54,0.82,-1,-1,-1
1733,45,805.31,84.47,69.89,57.18,0.70,-1,-1,-1
1733,47,719.92,54.57,53.44,44.67,0.55,-1,-1,-1
1734,1,1285.47,359.28,234.42,184.12,0.85,-1,-1,-1
1734,2,562.43,95.74,98.03,73.28,0.70,-1,-1,-1
1734,42,598.32,394.93,288.36,260.09,0.75,-1,-1,-1
1734,45,805.12,85.49,67.91,56.72,0.69,-1,-1,-1
1734,47,721.97,52.85,59.85,45.98,0.58,-1,-1,-1
1735,1,1285.34,359.50,234.46,184.13,0.85,-1,-1,-1
1735,2,562.89,91.94,97.88,77.10,0.69,-1,-1,-1
1735,42,593.86,401.31,290.52,268.05,0.81,-1,-1,-1
1735,45,804.20,85.65,63.80,56.06,0.65,-1,-1,-1
1736,1,1285.30,360.60,234.49,182.92,0.85,-1,-1,-1
1736,2,562.75,93.54,97.76,75.24,0.69,-1,-1,-1
1736,42,592.80,410.39,294.90,271.00,0.73,-1,-1,-1
1736,45,802.72,85.88,65.59,55.90,0.66,-1,-1,-1
1736,48,926.00,76.16,88.19,68.61,0.54,-1,-1,-1
1737,1,1284.91,360.13,234.87,183.13,0.86,-1,-1,-1
1737,2,562.51,93.97,97.84,74.59,0.72,-1,-1,-1
1737,42,590.53,418.31,298.27,274.42,0.78,-1,-1,-1
1737,45,801.92,87.65,66.38,54.27,0.66,-1,-1,-1
1737,48,925.49,76.72,88.37,68.09,0.50,-1,-1,-1
1738,1,1284.74,360.50,234.77,182.42,0.86,-1,-1,-1
1738,2,562.44,86.52,97.77,81.72,0.66,-1,-1,-1
1738,42,588.09,424.53,301.66,279.74,0.76,-1,-1,-1
1738,45,801.00,87.09,65.93,54.32,0.70,-1,-1,-1
1739,1,1285.59,359.91,234.01,182.76,0.86,-1,-1,-1
1739,2,561.14,83.48,99.25,84.99,0.69,-1,-1,-1
1739,42,585.05,432.71,305.57,286.33,0.51,-1,-1,-1
1739,45,798.22,85.48,67.74,56.22,0.67,-1,-1,-1
1740,1,1285.22,359.66,234.38,182.93,0.86,-1,-1,-1
1740,2,558.92,83.41,101.17,85.16,0.69,-1,-1,-1
1740,42,581.70,442.98,309.52,287.93,0.60,-1,-1,-1
1740,45,797.30,86.63,67.76,54.18,0.73,-1,-1,-1
1741,1,1285.58,359.28,234.25,182.85,0.86,-1,-1,-1
1741,2,560.37,87.59,99.68,80.94,0.68,-1,-1,-1
1741,42,579.52,453.38,311.28,293.51,0.71,-1,-1,-1
1741,45,796.64,85.56,67.69,56.42,0.65,-1,-1,-1
1742,1,1285.41,359.30,234.45,182.74,0.86,-1,-1,-1
1742,2,560.15,86.99,99.88,81.52,0.68,-1,-1,-1
1742,42,578.07,465.08,318.53,294.03,0.71,-1,-1,-1
1742,45,796.24,86.80,65.92,55.32,0.75,-1,-1,-1
1743,1,1285.59,359.04,234.23,183.01,0.86,-1,-1,-1
1743,2,560.62,87.01,99.48,81.91,0.67,-1,-1,-1
1743,45,795.22,86.62,66.45,55.91,0.76,-1,-1,-1
1744,1,1285.21,358.80,234.61,183.40,0.86,-1,-1,-1
1744,2,561.63,87.51,98.70,81.33,0.65,-1,-1,-1
1744,45,794.95,86.89,66.23,55.74,0.78,-1,-1,-1
1745,1,1285.50,358.84,234.32,183.12,0.86,-1,-1,-1
1745,2,561.84,85.92,98.46,83.17,0.63,-1,-1,-1
1745,42,562.79,494.04,331.26,313.41,0.52,-1,-1,-1
1745,45,793.17,86.30,67.10,56.12,0.71,-1,-1,-1
1746,1,1285.50,359.46,234.24,182.57,0.87,-1,-1,-1
1746,2,561.48,87.37,98.77,81.59,0.65,-1,-1,-1
1746,42,558.93,506.45,335.54,315.87,0.63,-1,-1,-1
1746,45,791.96,86.43,68.46,55.99,0.73,-1,-1,-1
1747,1,1285.51,359.96,234.47,181.96,0.87,-1,-1,-1
1747,2,562.48,85.42,98.07,83.60,0.69,-1,-1,-1
1747,45,790.59,88.59,68.59,53.96,0.78,-1,-1,-1
1747,48,926.83,78.94,87.20,65.64,0.52,-1,-1,-1
1748,1,1285.54,358.91,234.59,183.06,0.86,-1,-1,-1
1748,2,562.82,87.11,97.67,82.04,0.68,-1,-1,-1
1748,42,548.04,529.23,345.09,328.26,0.63,-1,-1,-1
1748,45,790.74,88.36,66.86,54.20,0.78,-1,-1,-1
1748,48,930.79,77.88,83.47,67.61,0.51,-1,-1,-1
1749,1,1286.25,358.03,234.05,184.50,0.86,-1,-1,-1
1749,2,563.31,89.25,96.91,80.14,0.66,-1,-1,-1
1749,45,790.46,90.26,66.74,52.90,0.75,-1,-1,-1
1750,1,1285.45,358.67,234.98,184.28,0.87,-1,-1,-1
1750,2,563.50,87.30,96.57,81.97,0.67,-1,-1,-1
1750,45,791.25,89.82,63.44,53.59,0.76,-1,-1,-1
1751,1,1286.89,360.93,233.31,182.95,0.86,-1,-1,-1
1751,2,563.35,91.75,96.74,77.05,0.70,-1,-1,-1
1751,42,530.89,566.55,362.91,349.10,0.56,-1,-1,-1
1751,45,790.68,89.46,61.92,52.89,0.77,-1,-1,-1
1752,1,1286.62,360.26,233.56,183.81,0.86,-1,-1,-1
1752,2,563.30,91.94,97.13,77.14,0.69,-1,-1,-1
1752,45,789.43,89.50,62.59,53.13,0.78,-1,-1,-1
1753,1,1286.39,360.52,233.74,183.27,0.86,-1,-1,-1
1753,2,563.35,91.31,97.14,77.47,0.66,-1,-1,-1
1753,45,787.13,92.51,61.50,49.99,0.74,-1,-1,-1
1753,48,928.92,82.13,83.46,63.89,0.53,-1,-1,-1
1754,1,1285.81,359.44,234.15,184.26,0.85,-1,-1,-1
1754,2,563.30,86.72,97.06,82.18,0.68,-1,-1,-1
1754,45,786.37,91.94,64.37,50.38,0.75,-1,-1,-1
1755,1,1286.28,360.68,233.87,182.67,0.86,-1,-1,-1
1755,2,563.08,90.74,97.45,77.97,0.70,-1,-1,-1
1755,45,786.19,89.54,62.76,52.85,0.78,-1,-1,-1
1756,1,1286.25,359.28,233.69,184.11,0.86,-1,-1,-1
1756,2,563.46,89.92,96.88,78.52,0.71,-1,-1,-1
1756,45,785.16,87.49,61.49,54.64,0.75,-1,-1,-1
1757,1,1285.76,359.28,234.38,184.53,0.86,-1,-1,-1
1757,2,563.22,89.51,97.09,78.84,0.71,-1,-1,-1
1757,45,783.84,88.30,62.49,54.01,0.75,-1,-1,-1
1758,1,1285.24,359.74,234.97,184.25,0.86,-1,-1,-1
1758,2,563.09,90.13,97.10,78.19,0.70,-1,-1,-1
1758,45,783.67,87.03,62.05,55.67,0.73,-1,-1,-1
1758,48,927.22,76.78,86.00,68.67,0.64,-1,-1,-1
1759,1,1285.79,359.46,234.22,184.71,0.86,-1,-1,-1
1759,2,562.92,89.17,97.66,78.99,0.70,-1,-1,-1
1759,45,782.25,88.08,62.14,53.88,0.74,-1,-1,-1
1759,48,927.87,76.44,84.93,69.11,0.64,-1,-1,-1
1760,1,1285.67,359.39,234.24,184.64,0.86,-1,-1,-1
1760,2,563.30,87.17,97.01,81.01,0.69,-1,-1,-1
1760,45,780.47,89.95,63.71,51.80,0.72,-1,-1,-1
1760,48,928.88,75.63,84.04,70.11,0.61,-1,-1,-1
1761,1,1287.07,359.93,232.63,183.70,0.86,-1,-1,-1
1761,2,562.16,87.44,98.21,81.53,0.67,-1,-1,-1
1761,45,780.15,89.40,62.00,52.47,0.75,-1,-1,-1
1761,48,928.31,78.35,84.46,66.96,0.52,-1,-1,-1
1762,1,1287.02,360.71,232.73,182.91,0.86,-1,-1,-1
1762,2,562.20,84.30,98.41,84.72,0.64,-1,-1,-1
1762,42,431.51,734.33,430.99,344.89,0.55,-1,-1,-1
1762,45,779.51,89.83,62.45,51.88,0.74,-1,-1,-1
1763,1,1287.07,360.23,233.27,183.28,0.87,-1,-1,-1
1763,2,561.74,94.99,98.54,74.35,0.64,-1,-1,-1
1763,42,418.69,754.09,438.59,318.50,0.71,-1,-1,-1
1763,45,778.82,90.51,61.29,51.26,0.77,-1,-1,-1
1764,1,1286.96,360.84,233.76,182.53,0.87,-1,-1,-1
1764,2,562.33,95.16,97.98,74.17,0.62,-1,-1,-1
1764,42,406.14,770.04,446.24,304.44,0.89,-1,-1,-1
1764,45,778.15,89.82,61.26,52.16,0.77,-1,-1,-1
1765,1,1285.80,360.31,235.23,183.03,0.87,-1,-1,-1
1765,2,563.42,96.32,96.74,72.86,0.63,-1,-1,-1
1765,42,392.31,787.66,454.91,286.65,0.87,-1,-1,-1
1765,45,777.28,93.27,61.09,48.53,0.79,-1,-1,-1
1765,48,928.42,79.93,84.64,66.18,0.53,-1,-1,-1
1766,1,1285.90,360.65,235.23,182.85,0.87,-1,-1,-1
1766,2,563.14,95.43,96.92,73.88,0.63,-1,-1,-1
1766,42,379.91,805.89,459.44,269.69,0.83,-1,-1,-1
1766,45,776.65,92.90,60.21,48.66,0.79,-1,-1,-1
1766,48,929.47,77.85,83.83,67.80,0.61,-1,-1,-1
1766,49,873.90,92.74,67.07,49.91,0.52,-1,-1,-1
1767,1,1286.37,361.42,234.85,181.61,0.87,-1,-1,-1
1767,2,563.24,95.88,96.78,73.31,0.67,-1,-1,-1
1767,42,366.61,825.12,467.93,250.02,0.87,-1,-1,-1
1767,45,775.92,93.19,60.45,48.47,0.80,-1,-1,-1
1767,48,929.97,78.24,83.60,67.56,0.58,-1,-1,-1
1768,1,1286.57,361.33,234.88,181.78,0.87,-1,-1,-1
1768,2,563.61,96.76,96.54,72.80,0.68,-1,-1,-1
1768,42,350.70,844.21,475.52,231.46,0.86,-1,-1,-1
1768,45,775.32,93.87,60.15,48.19,0.79,-1,-1,-1
1769,1,1285.25,362.30,234.97,181.19,0.85,-1,-1,-1
1769,2,563.53,95.10,96.79,74.52,0.66,-1,-1,-1
1769,42,336.70,865.51,482.77,206.59,0.85,-1,-1,-1
1769,45,774.70,95.02,58.96,47.61,0.77,-1,-1,-1
1770,1,1285.17,362.16,235.03,180.54,0.86,-1,-1,-1
1770,2,562.65,95.72,97.70,73.97,0.65,-1,-1,-1
1770,42,375.95,888.00,434.09,186.07,0.77,-1,-1,-1
1770,45,773.66,94.76,59.20,47.66,0.75,-1,-1,-1
1771,1,1287.30,361.18,232.78,182.67,0.85,-1,-1,-1
1771,2,565.12,97.55,94.95,72.27,0.70,-1,-1,-1
1771,42,368.36,911.30,419.90,166.61,0.60,-1,-1,-1
1771,45,772.61,96.35,59.57,46.29,0.75,-1,-1,-1
1772,1,1286.41,360.77,233.72,180.57,0.86,-1,-1,-1
1772,2,564.69,97.02,95.46,72.92,0.69,-1,-1,-1
1772,42,361.06,932.91,405.19,145.76,0.82,-1,-1,-1
1772,45,771.32,97.96,59.26,44.46,0.76,-1,-1,-1
1773,1,1286.72,361.19,234.11,179.22,0.85,-1,-1,-1
1773,2,564.37,97.97,95.93,71.95,0.68,-1,-1,-1
1773,42,349.14,957.98,385.35,120.75,0.81,-1,-1,-1
1773,45,769.91,98.71,58.45,44.11,0.79,-1,-1,-1
1774,1,1288.19,360.61,232.35,181.21,0.83,-1,-1,-1
1774,2,563.43,97.15,97.13,72.71,0.68,-1,-1,-1
1774,42,339.74,982.48,376.73,94.63,0.76,-1,-1,-1
1774,45,769.12,98.74,58.34,44.42,0.78,-1,-1,-1
1775,1,1285.99,360.88,234.51,181.59,0.78,-1,-1,-1
1775,2,563.87,96.85,96.73,72.71,0.67,-1,-1,-1
1775,42,333.49,1007.47,363.00,70.98,0.55,-1,-1,-1
1775,45,768.31,98.54,57.63,44.00,0.79,-1,-1,-1
1776,1,1288.08,360.65,232.49,180.60,0.72,-1,-1,-1
1776,2,563.98,96.40,96.31,73.06,0.65,-1,-1,-1
1776,45,767.40,98.75,57.01,44.90,0.78,-1,-1,-1
1777,1,1289.40,360.95,230.11,181.90,0.77,-1,-1,-1
1777,2,562.96,92.72,97.36,76.89,0.69,-1,-1,-1
1777,45,766.79,99.32,56.48,43.23,0.81,-1,-1,-1
1778,1,1287.85,359.54,231.55,183.91,0.81,-1,-1,-1
1778,2,563.13,92.85,96.84,76.12,0.70,-1,-1,-1
1778,45,763.57,100.35,58.33,41.79,0.81,-1,-1,-1
1779,1,1298.62,359.69,220.82,183.73,0.81,-1,-1,-1
1779,2,563.24,93.03,96.66,75.76,0.65,-1,-1,-1
1779,45,762.20,100.89,58.19,41.06,0.80,-1,-1,-1
1780,1,1301.62,359.11,217.72,184.98,0.84,-1,-1,-1
1780,2,562.68,94.22,96.93,74.62,0.70,-1,-1,-1
1780,45,760.28,101.44,58.28,40.47,0.81,-1,-1,-1
1781,1,1293.64,359.90,225.84,183.48,0.82,-1,-1,-1
1781,2,560.65,91.74,99.44,76.73,0.70,-1,-1,-1
1781,45,759.96,101.94,57.30,39.52,0.83,-1,-1,-1
1782,1,1303.42,359.94,216.31,182.81,0.76,-1,-1,-1
1782,2,561.49,92.56,98.39,75.74,0.70,-1,-1,-1
1782,45,759.55,101.67,56.17,40.14,0.81,-1,-1,-1
1783,1,1304.31,359.62,215.68,182.70,0.79,-1,-1,-1
1783,2,561.41,91.83,98.44,76.62,0.61,-1,-1,-1
1783,45,758.58,101.72,55.88,39.75,0.83,-1,-1,-1
1784,1,1296.67,359.84,223.18,182.73,0.83,-1,-1,-1
1784,2,560.73,91.04,99.08,77.87,0.70,-1,-1,-1
1784,45,758.27,102.53,54.16,38.42,0.82,-1,-1,-1
1785,1,1291.93,360.22,227.79,182.47,0.83,-1,-1,-1
1785,2,560.67,87.92,99.20,81.05,0.68,-1,-1,-1
1785,45,756.55,102.31,55.69,38.80,0.78,-1,-1,-1
1786,1,1289.13,360.23,230.94,182.48,0.84,-1,-1,-1
1786,2,562.12,88.43,97.75,80.53,0.64,-1,-1,-1
1786,45,754.51,101.76,56.78,40.71,0.78,-1,-1,-1
1787,1,1287.53,361.63,232.57,180.95,0.85,-1,-1,-1
1787,2,563.12,94.09,96.17,74.79,0.67,-1,-1,-1
1787,45,753.01,102.52,58.69,40.64,0.77,-1,-1,-1
1787,50,721.54,45.38,83.62,39.45,0.51,-1,-1,-1
1788,1,1286.81,361.30,233.26,181.22,0.85,-1,-1,-1
1788,2,562.29,95.78,96.88,73.38,0.68,-1,-1,-1
1788,45,751.75,102.70,58.03,40.24,0.78,-1,-1,-1
1789,1,1285.52,360.87,234.78,182.20,0.85,-1,-1,-1
1789,2,561.06,97.35,98.80,71.75,0.69,-1,-1,-1
1789,45,751.38,103.45,57.55,39.28,0.77,-1,-1,-1
1790,1,1285.94,361.31,234.65,182.01,0.85,-1,-1,-1
1790,2,561.89,96.42,97.77,72.25,0.70,-1,-1,-1
1790,45,748.56,102.92,59.45,39.28,0.76,-1,-1,-1
1791,1,1286.46,358.53,233.83,184.76,0.85,-1,-1,-1
1791,2,563.87,94.99,96.05,73.87,0.69,-1,-1,-1
1791,45,747.94,103.23,57.18,39.22,0.74,-1,-1,-1
1791,48,930.74,77.46,83.47,68.24,0.58,-1,-1,-1
1792,1,1286.18,358.86,233.94,184.40,0.85,-1,-1,-1
1792,2,563.75,93.54,95.94,74.77,0.65,-1,-1,-1
1792,45,747.70,103.48,55.16,38.51,0.71,-1,-1,-1
1793,1,1286.34,358.53,234.35,184.53,0.83,-1,-1,-1
1793,2,563.91,95.75,95.92,73.60,0.63,-1,-1,-1
1793,45,746.14,104.46,54.33,37.59,0.69,-1,-1,-1
1793,51,655.90,113.27,81.75,32.21,0.62,-1,-1,-1
1794,1,1286.32,358.34,234.55,184.65,0.84,-1,-1,-1
1794,2,562.23,94.64,97.42,75.44,0.66,-1,-1,-1
1794,45,745.26,104.26,53.51,37.18,0.60,-1,-1,-1
1794,51,660.18,112.71,85.05,32.47,0.59,-1,-1,-1
1795,1,1286.36,358.49,234.33,184.60,0.82,-1,-1,-1
1795,2,563.27,94.63,96.24,74.97,0.68,-1,-1,-1
1795,45,745.54,103.47,50.62,37.34,0.57,-1,-1,-1
1795,51,674.20,115.34,75.80,27.30,0.54,-1,-1,-1
1796,1,1286.70,357.99,234.14,185.15,0.84,-1,-1,-1
1796,2,563.14,92.44,98.07,77.37,0.63,-1,-1,-1
1796,45,745.10,101.38,48.53,39.96,0.51,-1,-1,-1
1797,1,1285.37,357.64,235.52,185.34,0.84,-1,-1,-1
1797,2,564.82,94.40,95.14,75.21,0.67,-1,-1,-1
1798,1,1285.24,357.57,235.42,186.24,0.84,-1,-1,-1
1798,2,564.20,100.69,95.73,68.09,0.57,-1,-1,-1
1798,48,932.30,77.12,81.49,68.69,0.51,-1,-1,-1
1799,1,1286.37,358.35,233.55,185.18,0.85,-1,-1,-1
1799,2,564.42,89.93,95.70,78.01,0.62,-1,-1,-1
1799,48,932.62,76.64,80.93,68.77,0.52,-1,-1,-1
1799,51,707.51,98.18,109.88,45.45,0.57,-1,-1,-1
1800,1,1285.92,358.46,234.19,185.53,0.84,-1,-1,-1
1800,2,564.24,84.11,95.95,83.89,0.54,-1,-1,-1
1801,1,1285.11,357.72,235.09,185.32,0.86,-1,-1,-1
1801,2,562.55,87.08,97.86,81.38,0.64,-1,-1,-1
1801,51,749.39,113.98,93.34,28.62,0.54,-1,-1,-1
1802,1,1284.90,358.11,235.17,184.55,0.87,-1,-1,-1
1802,2,560.50,84.54,99.63,84.25,0.66,-1,-1,-1
1802,51,727.57,90.62,54.29,49.68,0.54,-1,-1,-1
1803,1,1285.29,357.39,235.15,184.65,0.87,-1,-1,-1
1803,2,559.54,83.46,100.49,85.23,0.68,-1,-1,-1
1803,48,927.49,76.57,85.69,68.22,0.52,-1,-1,-1
1803,51,726.53,87.98,55.54,48.89,0.55,-1,-1,-1
1803,52,1178.52,103.46,51.26,61.11,0.51,-1,-1,-1
1804,1,1285.37,358.35,235.64,183.55,0.87,-1,-1,-1
1804,2,559.02,82.72,101.30,85.47,0.71,-1,-1,-1
1804,48,928.17,77.26,84.54,67.38,0.52,-1,-1,-1
1804,51,724.85,87.67,57.68,48.33,0.64,-1,-1,-1
1804,52,1178.26,103.75,51.75,58.86,0.54,-1,-1,-1
1804,53,779.65,115.74,89.62,25.27,0.53,-1,-1,-1
1805,1,1285.43,357.90,235.45,183.67,0.87,-1,-1,-1
1805,2,557.28,80.35,103.45,88.05,0.63,-1,-1,-1
1805,48,928.93,77.02,83.67,67.48,0.53,-1,-1,-1
1805,51,723.92,86.94,55.16,47.91,0.67,-1,-1,-1
1805,52,1178.37,103.35,51.55,61.63,0.53,-1,-1,-1
1806,1,1285.42,358.04,235.47,183.65,0.87,-1,-1,-1
1806,2,557.60,80.96,103.05,87.52,0.66,-1,-1,-1
1806,51,722.29,84.67,54.26,46.92,0.61,-1,-1,-1
1806,52,1178.41,103.32,51.54,61.14,0.53,-1,-1,-1
1806,53,800.45,116.44,68.48,24.93,0.57,-1,-1,-1
1807,1,1285.42,358.15,235.28,183.68,0.87,-1,-1,-1
1807,2,558.06,82.16,102.38,86.42,0.69,-1,-1,-1
1807,48,928.15,77.18,84.24,67.37,0.52,-1,-1,-1
1807,51,721.09,83.35,53.73,46.84,0.67,-1,-1,-1
1807,52,1178.48,103.46,51.46,60.97,0.53,-1,-1,-1
1807,53,813.69,116.17,65.88,25.69,0.56,-1,-1,-1
1808,1,1285.31,358.62,235.24,183.04,0.86,-1,-1,-1
1808,2,559.37,85.41,100.28,83.30,0.68,-1,-1,-1
1808,48,927.85,77.34,84.15,67.74,0.53,-1,-1,-1
1808,51,720.32,82.40,52.51,46.70,0.71,-1,-1,-1
1808,53,826.04,115.46,54.56,26.84,0.62,-1,-1,-1
1809,1,1285.11,359.04,235.14,182.74,0.87,-1,-1,-1
1809,2,559.98,85.09,99.23,84.02,0.65,-1,-1,-1
1809,51,720.46,82.09,49.90,45.92,0.65,-1,-1,-1
1810,1,1284.89,358.47,235.19,183.61,0.87,-1,-1,-1
1810,2,561.28,85.70,98.24,83.18,0.61,-1,-1,-1
1810,51,719.33,83.23,50.20,43.06,0.52,-1,-1,-1
1811,1,1286.17,358.08,233.92,184.83,0.86,-1,-1,-1
1811,2,562.50,86.64,96.73,82.31,0.61,-1,-1,-1
1811,51,718.85,83.28,49.55,40.94,0.51,-1,-1,-1
1812,1,1286.69,359.11,233.92,184.26,0.85,-1,-1,-1
1812,2,562.74,90.12,96.62,79.14,0.65,-1,-1,-1
1812,51,717.07,82.24,50.17,39.92,0.58,-1,-1,-1
1813,1,1287.10,360.07,233.75,183.36,0.86,-1,-1,-1
1813,2,565.18,95.34,94.69,74.98,0.66,-1,-1,-1
1813,51,717.02,77.53,49.34,42.70,0.58,-1,-1,-1
1814,1,1287.44,360.68,233.37,182.67,0.85,-1,-1,-1
1814,2,565.01,93.86,94.89,76.34,0.66,-1,-1,-1
1814,51,716.67,75.79,49.62,43.01,0.57,-1,-1,-1
1815,1,1287.59,360.01,232.76,183.30,0.85,-1,-1,-1
1815,2,563.22,88.44,96.33,80.99,0.62,-1,-1,-1
1815,51,717.35,74.92,49.62,42.39,0.68,-1,-1,-1
1816,1,1287.42,360.47,232.94,182.89,0.86,-1,-1,-1
1816,2,562.86,87.09,96.98,82.52,0.61,-1,-1,-1
1816,51,717.96,73.14,49.21,40.73,0.72,-1,-1,-1
1817,1,1287.45,359.86,233.23,183.47,0.86,-1,-1,-1
1817,2,563.00,89.43,96.63,80.09,0.60,-1,-1,-1
1817,51,720.05,71.70,49.52,40.12,0.63,-1,-1,-1
1818,1,1287.25,359.98,233.54,183.41,0.85,-1,-1,-1
1818,2,562.81,93.42,96.73,76.19,0.63,-1,-1,-1
1818,51,720.57,71.74,52.58,37.70,0.68,-1,-1,-1
1819,1,1286.58,359.88,234.09,183.34,0.85,-1,-1,-1
1819,2,562.90,87.19,96.92,82.31,0.61,-1,-1,-1
1819,51,724.06,72.54,51.15,35.84,0.61,-1,-1,-1
1820,1,1285.76,360.04,234.63,183.18,0.85,-1,-1,-1
1820,2,565.05,88.04,96.23,82.21,0.64,-1,-1,-1
1820,51,725.59,65.15,52.02,41.66,0.62,-1,-1,-1
1820,54,654.85,107.48,39.60,36.56,0.55,-1,-1,-1
1821,1,1286.40,360.26,233.77,182.91,0.85,-1,-1,-1
1821,2,561.92,82.25,98.04,86.96,0.61,-1,-1,-1
1821,51,729.42,63.26,54.59,43.03,0.52,-1,-1,-1
1821,54,654.00,107.68,37.51,35.98,0.57,-1,-1,-1
1822,1,1284.90,359.23,235.04,183.80,0.85,-1,-1,-1
1822,2,560.78,81.37,99.08,87.98,0.63,-1,-1,-1
1822,51,730.91,62.54,56.39,42.29,0.59,-1,-1,-1
1822,54,654.29,108.91,39.90,34.97,0.61,-1,-1,-1
1823,1,1284.05,357.82,235.42,183.85,0.86,-1,-1,-1
1823,2,560.25,86.24,99.45,83.25,0.68,-1,-1,-1
1823,51,738.08,63.44,41.66,39.52,0.50,-1,-1,-1
1823,54,653.59,108.24,43.86,34.76,0.63,-1,-1,-1
1824,1,1285.04,357.43,235.75,183.13,0.87,-1,-1,-1
1824,2,558.71,84.07,101.13,85.34,0.70,-1,-1,-1
1824,48,929.96,75.91,83.24,69.67,0.56,-1,-1,-1
1824,54,654.27,106.61,47.68,35.94,0.64,-1,-1,-1
1825,1,1284.33,356.64,238.16,183.69,0.86,-1,-1,-1
1825,2,560.45,84.40,99.25,83.92,0.70,-1,-1,-1
1825,48,928.02,77.94,85.05,66.62,0.56,-1,-1,-1
1825,52,1178.14,104.11,51.34,58.12,0.52,-1,-1,-1
1825,54,654.89,105.46,50.39,37.18,0.65,-1,-1,-1
1826,1,1284.31,356.79,237.65,183.32,0.86,-1,-1,-1
1826,2,560.17,85.32,99.53,83.30,0.69,-1,-1,-1
1826,48,927.69,77.70,85.18,67.00,0.52,-1,-1,-1
1826,52,1177.78,103.92,51.53,61.21,0.51,-1,-1,-1
1826,54,655.03,106.62,51.46,36.06,0.61,-1,-1,-1
1827,1,1284.18,356.18,238.55,183.38,0.87,-1,-1,-1
1827,2,559.03,84.52,100.88,84.57,0.70,-1,-1,-1
1827,52,1177.33,103.73,51.84,59.99,0.54,-1,-1,-1
1827,54,656.89,106.24,52.34,36.64,0.63,-1,-1,-1
1828,1,1284.59,356.04,237.24,183.25,0.87,-1,-1,-1
1828,2,559.35,86.46,100.44,82.59,0.72,-1,-1,-1
1828,54,655.85,106.35,54.94,36.53,0.64,-1,-1,-1
1829,1,1284.40,356.72,237.32,182.65,0.87,-1,-1,-1
1829,2,559.31,87.19,100.24,81.77,0.73,-1,-1,-1
1829,50,769.64,53.39,55.88,42.83,0.52,-1,-1,-1
1829,54,657.69,105.51,58.29,36.88,0.67,-1,-1,-1
1830,1,1284.17,357.14,236.82,183.05,0.87,-1,-1,-1
1830,2,560.16,83.26,99.37,85.51,0.73,-1,-1,-1
1830,50,776.91,55.37,47.13,40.37,0.50,-1,-1,-1
1830,54,659.52,105.16,57.56,37.44,0.67,-1,-1,-1
1831,1,1285.47,359.00,235.11,184.13,0.87,-1,-1,-1
1831,2,559.45,79.99,100.49,89.40,0.70,-1,-1,-1
1831,54,659.30,104.86,58.63,37.85,0.75,-1,-1,-1
1832,1,1285.03,359.15,235.58,182.20,0.88,-1,-1,-1
1832,2,559.68,78.63,100.07,90.51,0.71,-1,-1,-1
1832,54,660.00,104.51,59.23,37.99,0.75,-1,-1,-1
1833,1,1284.63,359.71,236.53,182.15,0.88,-1,-1,-1
1833,2,559.98,81.67,99.54,87.70,0.70,-1,-1,-1
1833,54,660.97,104.91,60.88,37.73,0.72,-1,-1,-1
1834,1,1284.96,360.26,235.53,181.61,0.88,-1,-1,-1
1834,2,559.74,80.41,99.95,89.20,0.68,-1,-1,-1
1834,54,662.54,104.29,59.78,38.49,0.75,-1,-1,-1
1835,1,1284.97,360.33,235.69,181.53,0.88,-1,-1,-1
1835,2,562.08,82.01,97.36,87.50,0.65,-1,-1,-1
1835,54,664.76,103.88,59.98,38.84,0.76,-1,-1,-1
1836,1,1285.14,360.61,235.67,181.34,0.87,-1,-1,-1
1836,2,562.10,80.76,98.49,88.72,0.61,-1,-1,-1
1836,54,666.94,104.53,61.34,38.93,0.70,-1,-1,-1
1837,1,1285.20,361.91,236.79,180.52,0.87,-1,-1,-1
1837,2,562.42,84.72,98.20,85.26,0.60,-1,-1,-1
1837,54,667.72,103.80,64.47,39.29,0.72,-1,-1,-1
1838,1,1285.35,361.79,236.73,180.63,0.87,-1,-1,-1
1838,2,564.11,91.81,96.21,78.14,0.61,-1,-1,-1
1838,54,668.88,103.23,64.74,40.64,0.72,-1,-1,-1
1839,1,1285.58,362.25,235.92,179.59,0.87,-1,-1,-1
1839,2,564.14,97.19,96.22,72.71,0.65,-1,-1,-1
1839,54,672.05,102.57,63.26,41.23,0.77,-1,-1,-1
1840,1,1284.74,361.97,237.04,179.63,0.87,-1,-1,-1
1840,2,564.08,93.64,96.13,76.10,0.63,-1,-1,-1
1840,54,671.89,101.95,65.70,41.99,0.78,-1,-1,-1
1841,1,1285.19,361.67,235.84,180.71,0.87,-1,-1,-1
1841,2,564.45,96.23,95.90,73.61,0.66,-1,-1,-1
1841,54,675.32,102.53,64.38,41.68,0.76,-1,-1,-1
1842,1,1285.22,361.37,235.58,180.80,0.87,-1,-1,-1
1842,2,564.23,92.68,95.95,76.77,0.62,-1,-1,-1
1842,48,931.95,76.93,81.86,68.68,0.63,-1,-1,-1
1842,54,676.63,102.35,64.38,41.56,0.80,-1,-1,-1
1843,1,1285.40,361.15,234.94,181.19,0.86,-1,-1,-1
1843,2,563.98,82.89,96.50,86.59,0.58,-1,-1,-1
1843,48,934.45,75.63,79.14,69.89,0.59,-1,-1,-1
1843,54,677.34,101.06,65.70,42.21,0.78,-1,-1,-1
1844,1,1285.93,359.82,234.70,182.44,0.86,-1,-1,-1
1844,2,563.43,83.58,97.25,86.02,0.56,-1,-1,-1
1844,54,678.97,100.52,65.27,42.93,0.77,-1,-1,-1
1845,1,1285.62,359.92,234.96,183.15,0.86,-1,-1,-1
1845,2,563.07,84.15,97.55,85.43,0.54,-1,-1,-1
1845,54,679.02,100.75,66.81,42.42,0.77,-1,-1,-1
1846,1,1285.97,359.17,234.22,184.09,0.86,-1,-1,-1
1846,2,562.27,85.76,98.47,83.92,0.57,-1,-1,-1
1846,54,682.27,100.51,66.23,42.24,0.78,-1,-1,-1
1847,1,1284.96,358.05,235.57,185.23,0.87,-1,-1,-1
1847,2,562.09,82.32,98.44,87.06,0.58,-1,-1,-1
1847,54,682.57,99.66,68.82,43.07,0.78,-1,-1,-1
1848,1,1285.17,359.02,235.10,183.49,0.87,-1,-1,-1
1848,2,561.94,79.93,98.46,89.31,0.59,-1,-1,-1
1848,54,684.51,101.43,67.29,41.52,0.78,-1,-1,-1
1849,1,1285.71,358.27,234.21,184.96,0.88,-1,-1,-1
1849,2,562.34,78.79,98.13,90.30,0.61,-1,-1,-1
1849,54,685.06,98.47,68.46,43.90,0.76,-1,-1,-1
1850,1,1285.57,358.11,234.35,185.26,0.88,-1,-1,-1
1850,2,562.12,78.64,98.19,90.48,0.60,-1,-1,-1
1850,54,686.13,97.87,68.18,44.48,0.75,-1,-1,-1
1851,1,1285.04,359.18,234.42,183.92,0.87,-1,-1,-1
1851,2,561.74,85.95,97.95,82.48,0.66,-1,-1,-1
1851,54,687.15,97.23,67.88,45.28,0.78,-1,-1,-1
1852,1,1284.56,359.61,235.36,182.06,0.87,-1,-1,-1
1852,2,560.62,83.35,98.95,85.50,0.68,-1,-1,-1
1852,54,687.27,97.15,68.27,45.53,0.76,-1,-1,-1
1853,1,1285.04,359.16,234.94,183.61,0.87,-1,-1,-1
1853,2,560.28,80.04,99.28,88.99,0.67,-1,-1,-1
1853,54,687.91,97.21,67.98,45.37,0.76,-1,-1,-1
1854,1,1284.85,359.29,235.12,181.97,0.87,-1,-1,-1
1854,2,560.67,82.51,98.95,86.49,0.66,-1,-1,-1
1854,54,686.92,96.09,69.07,46.54,0.77,-1,-1,-1
1855,1,1284.25,359.03,235.75,182.91,0.87,-1,-1,-1
1855,2,561.56,83.87,98.36,85.41,0.62,-1,-1,-1
1855,54,686.34,96.21,69.43,46.44,0.76,-1,-1,-1
1856,1,1284.59,358.97,235.36,183.66,0.87,-1,-1,-1
1856,2,562.05,82.51,98.37,86.93,0.62,-1,-1,-1
1856,54,685.68,96.50,70.32,46.10,0.76,-1,-1,-1
1857,1,1285.29,358.72,234.77,183.99,0.87,-1,-1,-1
1857,2,562.47,84.00,98.08,85.19,0.60,-1,-1,-1
1857,54,685.14,97.12,70.46,45.83,0.77,-1,-1,-1
1858,1,1285.89,360.34,234.20,182.13,0.86,-1,-1,-1
1858,2,562.07,88.36,98.39,81.00,0.63,-1,-1,-1
1858,54,685.44,97.20,69.74,45.84,0.77,-1,-1,-1
1859,1,1285.30,361.11,235.18,181.80,0.86,-1,-1,-1
1859,2,562.76,97.46,97.55,71.68,0.63,-1,-1,-1
1859,54,685.40,96.86,69.66,46.51,0.79,-1,-1,-1
1860,1,1285.20,360.94,235.54,181.33,0.87,-1,-1,-1
1860,2,562.07,97.94,98.75,71.20,0.67,-1,-1,-1
1860,54,684.88,95.78,69.67,47.64,0.78,-1,-1,-1
1861,1,1285.09,360.47,235.81,181.50,0.86,-1,-1,-1
1861,2,561.80,94.27,99.37,75.22,0.69,-1,-1,-1
1861,54,684.24,94.80,69.83,48.72,0.78,-1,-1,-1
1862,1,1284.97,360.46,235.95,181.42,0.86,-1,-1,-1
1862,2,560.88,95.58,100.34,73.95,0.74,-1,-1,-1
1862,54,683.71,94.51,70.41,49.04,0.78,-1,-1,-1
1863,1,1285.18,360.79,235.79,181.26,0.87,-1,-1,-1
1863,2,562.94,93.88,97.97,75.39,0.69,-1,-1,-1
1863,48,931.99,77.72,82.42,67.97,0.53,-1,-1,-1
1863,54,683.06,94.91,71.35,48.88,0.77,-1,-1,-1
1864,1,1285.12,360.57,235.94,181.50,0.87,-1,-1,-1
1864,2,563.70,92.48,98.28,77.88,0.65,-1,-1,-1
1864,48,932.21,77.70,82.31,67.93,0.55,-1,-1,-1
1864,54,684.07,93.38,70.63,50.24,0.79,-1,-1,-1
1865,1,1285.14,360.55,235.98,181.83,0.87,-1,-1,-1
1865,2,563.70,95.83,97.27,73.01,0.65,-1,-1,-1
1865,48,932.04,77.74,82.54,68.06,0.52,-1,-1,-1
1865,54,682.89,91.83,72.36,51.85,0.75,-1,-1,-1
1866,1,1284.90,360.59,236.11,180.92,0.87,-1,-1,-1
1866,2,563.93,94.58,96.99,73.89,0.68,-1,-1,-1
1866,54,683.09,91.16,72.43,52.61,0.74,-1,-1,-1
1867,1,1284.63,360.25,236.42,181.33,0.87,-1,-1,-1
1867,2,562.98,93.70,97.83,75.22,0.69,-1,-1,-1
1867,48,931.78,77.82,83.02,67.94,0.51,-1,-1,-1
1867,54,682.89,89.77,73.06,53.85,0.68,-1,-1,-1
1868,1,1285.32,360.16,235.67,182.34,0.87,-1,-1,-1
1868,2,562.68,85.83,97.86,83.64,0.64,-1,-1,-1
1868,48,932.00,77.36,82.03,68.40,0.50,-1,-1,-1
1868,54,682.41,89.43,73.92,54.78,0.71,-1,-1,-1
1869,1,1284.83,357.56,236.07,184.77,0.87,-1,-1,-1
1869,2,562.39,85.18,98.32,84.37,0.62,-1,-1,-1
1869,54,683.11,87.22,73.20,56.45,0.67,-1,-1,-1
1870,1,1284.55,358.31,235.78,184.24,0.87,-1,-1,-1
1870,2,562.24,81.73,98.39,87.62,0.64,-1,-1,-1
1870,54,682.76,87.12,76.12,56.82,0.64,-1,-1,-1
1871,1,1285.45,357.48,234.03,186.15,0.87,-1,-1,-1
1871,2,562.41,80.82,97.84,88.21,0.65,-1,-1,-1
1871,54,685.07,87.00,74.32,53.60,0.59,-1,-1,-1
1872,1,1285.28,358.49,235.45,183.80,0.86,-1,-1,-1
1872,2,561.30,81.16,98.95,87.92,0.68,-1,-1,-1
1872,54,685.52,87.63,75.07,54.96,0.61,-1,-1,-1
1873,1,1284.62,358.32,235.93,184.07,0.87,-1,-1,-1
1873,2,561.62,82.18,98.52,87.00,0.68,-1,-1,-1
1873,54,686.67,87.34,74.77,55.41,0.65,-1,-1,-1
1874,1,1284.86,358.42,235.73,184.08,0.87,-1,-1,-1
1874,2,561.72,82.06,98.43,87.04,0.65,-1,-1,-1
1874,54,688.20,87.98,74.28,54.75,0.70,-1,-1,-1
1874,55,789.69,55.82,32.30,30.72,0.51,-1,-1,-1
1875,1,1284.64,358.29,235.80,184.20,0.87,-1,-1,-1
1875,2,561.71,82.50,98.32,86.41,0.67,-1,-1,-1
1875,54,688.64,87.38,74.33,54.99,0.73,-1,-1,-1
1875,55,809.57,53.63,31.18,33.39,0.56,-1,-1,-1
1876,1,1284.95,358.24,235.33,184.22,0.87,-1,-1,-1
1876,2,560.49,81.91,99.66,87.00,0.69,-1,-1,-1
1876,48,927.50,77.80,86.33,66.46,0.56,-1,-1,-1
1876,54,690.44,86.12,74.19,56.59,0.76,-1,-1,-1
1877,1,1284.90,358.45,235.46,183.75,0.87,-1,-1,-1
1877,2,560.14,81.21,100.14,87.86,0.70,-1,-1,-1
1877,48,927.46,78.77,86.12,65.19,0.55,-1,-1,-1
1877,54,690.19,85.18,75.90,57.77,0.77,-1,-1,-1
1878,1,1284.92,358.69,235.43,183.30,0.87,-1,-1,-1
1878,2,560.33,80.77,99.90,88.22,0.70,-1,-1,-1
1878,48,926.62,79.15,86.83,65.15,0.52,-1,-1,-1
1878,54,691.93,84.86,75.71,58.49,0.74,-1,-1,-1
1879,1,1284.91,358.51,235.42,183.49,0.87,-1,-1,-1
1879,2,560.19,80.29,100.04,88.82,0.70,-1,-1,-1
1879,48,926.71,80.51,87.22,64.29,0.56,-1,-1,-1
1879,54,694.98,84.67,75.04,58.53,0.72,-1,-1,-1
1880,1,1284.93,358.05,235.36,184.00,0.87,-1,-1,-1
1880,2,560.89,79.72,99.66,89.18,0.69,-1,-1,-1
1880,48,928.84,76.84,85.90,68.33,0.66,-1,-1,-1
1880,54,696.12,84.71,77.49,58.35,0.76,-1,-1,-1
1881,1,1285.10,357.81,235.45,184.18,0.87,-1,-1,-1
1881,2,561.41,79.84,99.18,89.25,0.67,-1,-1,-1
1881,48,927.44,78.83,86.43,66.44,0.59,-1,-1,-1
1881,54,696.34,84.52,78.75,58.87,0.74,-1,-1,-1
1882,1,1285.10,358.48,235.15,183.82,0.87,-1,-1,-1
1882,2,562.82,79.14,98.10,90.14,0.64,-1,-1,-1
1882,54,697.80,84.69,79.08,58.76,0.74,-1,-1,-1
1883,1,1285.08,358.62,235.46,183.93,0.87,-1,-1,-1
1883,2,562.87,81.51,97.86,87.97,0.63,-1,-1,-1
1883,54,699.21,83.14,79.84,60.20,0.78,-1,-1,-1
1884,1,1285.45,357.96,235.22,184.52,0.86,-1,-1,-1
1884,2,563.68,89.81,96.98,79.59,0.64,-1,-1,-1
1884,54,701.94,83.62,78.56,59.58,0.72,-1,-1,-1
1885,1,1285.36,358.85,235.56,183.55,0.86,-1,-1,-1
1885,2,564.01,85.47,96.68,83.94,0.64,-1,-1,-1
1885,54,703.17,82.43,79.42,60.86,0.72,-1,-1,-1
1886,1,1285.93,359.08,235.31,182.69,0.86,-1,-1,-1
1886,2,564.02,84.29,96.96,85.15,0.65,-1,-1,-1
1886,54,705.05,82.55,80.64,60.54,0.73,-1,-1,-1
1887,1,1284.96,358.89,236.26,183.17,0.86,-1,-1,-1
1887,2,564.31,82.08,96.70,86.98,0.66,-1,-1,-1
1887,54,705.59,82.54,81.72,60.41,0.72,-1,-1,-1
1888,1,1285.06,359.62,236.21,182.42,0.86,-1,-1,-1
1888,2,564.05,79.38,97.09,89.43,0.64,-1,-1,-1
1888,54,706.86,83.44,82.37,60.12,0.76,-1,-1,-1
1889,1,1285.38,358.78,235.74,183.11,0.86,-1,-1,-1
1889,2,563.79,79.43,97.28,89.66,0.63,-1,-1,-1
1889,54,706.85,82.61,82.12,60.15,0.72,-1,-1,-1
1890,1,1285.31,358.49,235.63,183.54,0.86,-1,-1,-1
1890,2,563.65,79.65,97.40,89.40,0.65,-1,-1,-1
1890,48,927.96,77.70,86.90,67.99,0.50,-1,-1,-1
1890,54,708.07,82.24,81.80,60.34,0.76,-1,-1,-1
1891,1,1285.42,358.50,235.55,183.49,0.86,-1,-1,-1
1891,2,563.58,79.67,97.31,89.52,0.66,-1,-1,-1
1891,54,709.01,82.19,81.53,60.69,0.75,-1,-1,-1
1892,1,1285.66,358.54,235.41,183.30,0.86,-1,-1,-1
1892,2,562.91,78.52,98.05,90.71,0.67,-1,-1,-1
1892,54,709.14,82.12,81.59,60.74,0.75,-1,-1,-1
1893,1,1285.40,358.69,235.55,182.87,0.87,-1,-1,-1
1893,2,562.78,77.00,98.19,91.92,0.68,-1,-1,-1
1893,48,927.34,77.82,87.83,67.81,0.53,-1,-1,-1
1893,54,709.47,80.55,82.67,62.49,0.78,-1,-1,-1
1894,1,1285.25,358.83,235.76,182.73,0.87,-1,-1,-1
1894,2,561.31,76.68,99.57,92.58,0.68,-1,-1,-1
1894,48,928.68,77.41,86.25,67.55,0.56,-1,-1,-1
1894,54,709.36,79.75,83.16,63.19,0.75,-1,-1,-1
1895,1,1285.40,358.29,235.90,183.25,0.87,-1,-1,-1
1895,2,561.50,77.08,99.18,92.06,0.66,-1,-1,-1
1895,48,927.77,77.84,86.35,66.77,0.50,-1,-1,-1
1895,54,709.72,79.25,83.39,63.37,0.79,-1,-1,-1
1896,1,1285.63,358.41,235.57,183.26,0.87,-1,-1,-1
1896,2,560.65,77.23,99.76,91.82,0.68,-1,-1,-1
1896,48,927.21,77.73,86.97,66.75,0.54,-1,-1,-1
1896,54,711.41,79.91,83.03,62.62,0.60,-1,-1,-1
1897,1,1285.32,357.58,235.45,184.04,0.87,-1,-1,-1
1897,2,559.81,75.99,100.64,92.72,0.69,-1,-1,-1
1897,54,711.23,78.82,83.85,63.56,0.60,-1,-1,-1
1898,1,1285.03,356.28,235.61,184.60,0.86,-1,-1,-1
1898,2,559.21,76.50,101.06,91.72,0.72,-1,-1,-1
1898,54,712.21,80.55,83.87,61.83,0.62,-1,-1,-1
1899,1,1285.13,356.05,235.66,184.67,0.87,-1,-1,-1
1899,2,559.35,76.16,100.67,92.20,0.73,-1,-1,-1
1899,54,713.29,78.56,86.18,64.48,0.67,-1,-1,-1
1900,1,1285.08,355.84,235.62,184.99,0.87,-1,-1,-1
1900,2,558.68,77.54,101.61,91.46,0.74,-1,-1,-1
1900,54,713.56,79.51,87.43,63.83,0.76,-1,-1,-1
1901,1,1285.15,356.12,235.36,185.00,0.87,-1,-1,-1
1901,2,560.50,78.21,100.12,90.64,0.70,-1,-1,-1
1901,54,713.66,79.78,88.00,63.59,0.77,-1,-1,-1
1902,1,1285.08,356.49,235.41,184.35,0.87,-1,-1,-1
1902,2,560.36,80.65,100.33,88.11,0.68,-1,-1,-1
1902,54,714.03,79.50,88.29,64.32,0.74,-1,-1,-1
1903,1,1285.56,356.69,235.12,184.19,0.87,-1,-1,-1
1903,2,560.00,82.52,100.32,85.68,0.69,-1,-1,-1
1903,54,714.27,79.72,89.25,64.85,0.71,-1,-1,-1
1904,1,1285.44,357.06,235.34,184.04,0.87,-1,-1,-1
1904,2,560.71,84.95,99.78,83.13,0.71,-1,-1,-1
1904,54,714.94,79.86,88.73,64.97,0.74,-1,-1,-1
1905,1,1285.61,357.44,234.93,183.70,0.87,-1,-1,-1
1905,2,560.22,82.37,100.01,85.97,0.69,-1,-1,-1
1905,48,928.30,77.53,85.60,67.24,0.50,-1,-1,-1
1905,54,714.84,80.25,89.30,64.77,0.68,-1,-1,-1
1906,1,1285.91,358.98,234.89,183.08,0.87,-1,-1,-1
1906,2,561.18,82.48,99.16,85.48,0.68,-1,-1,-1
1906,54,716.56,80.26,89.05,65.18,0.75,-1,-1,-1
1907,1,1285.79,359.33,234.86,182.66,0.87,-1,-1,-1
1907,2,561.66,85.82,98.45,82.05,0.72,-1,-1,-1
1907,54,716.91,80.24,90.17,65.95,0.71,-1,-1,-1
1908,1,1285.95,359.19,234.94,182.91,0.87,-1,-1,-1
1908,2,561.72,83.63,98.63,84.46,0.71,-1,-1,-1
1908,54,717.40,80.07,92.84,67.60,0.76,-1,-1,-1
1909,1,1284.29,359.17,236.16,183.08,0.86,-1,-1,-1
1909,2,563.08,80.48,97.49,87.49,0.69,-1,-1,-1
1909,54,717.12,80.86,94.99,68.71,0.76,-1,-1,-1
1910,1,1284.96,360.31,235.64,182.22,0.87,-1,-1,-1
1910,2,564.00,84.97,96.95,83.30,0.70,-1,-1,-1
1910,54,717.52,81.55,94.48,68.69,0.81,-1,-1,-1
1911,1,1285.70,360.76,235.03,181.70,0.87,-1,-1,-1
1911,2,563.82,84.35,97.25,84.02,0.70,-1,-1,-1
1911,54,717.72,81.92,95.49,71.06,0.77,-1,-1,-1
1912,1,1285.76,361.25,235.07,181.03,0.87,-1,-1,-1
1912,2,563.90,83.82,97.18,84.56,0.70,-1,-1,-1
1912,54,717.92,81.92,95.29,72.00,0.77,-1,-1,-1
1913,1,1286.14,360.70,234.54,181.51,0.87,-1,-1,-1
1913,2,563.96,83.28,97.18,84.92,0.70,-1,-1,-1
1913,54,719.37,83.34,92.93,73.40,0.79,-1,-1,-1
1914,1,1285.66,360.68,234.91,181.60,0.86,-1,-1,-1
1914,2,563.73,82.89,97.46,85.21,0.71,-1,-1,-1
1914,54,719.63,84.40,93.16,72.87,0.81,-1,-1,-1
1915,1,1285.44,360.80,235.19,181.28,0.86,-1,-1,-1
1915,2,563.46,81.21,97.96,86.67,0.70,-1,-1,-1
1915,54,719.96,85.58,92.90,73.17,0.83,-1,-1,-1
1916,1,1284.46,360.34,236.06,181.85,0.87,-1,-1,-1
1916,2,563.73,82.53,97.23,85.04,0.71,-1,-1,-1
1916,54,719.44,86.12,94.18,73.28,0.81,-1,-1,-1
1917,1,1284.76,360.20,235.63,181.99,0.87,-1,-1,-1
1917,2,563.57,81.32,97.27,86.44,0.73,-1,-1,-1
1917,54,718.81,87.46,93.96,73.85,0.82,-1,-1,-1
1918,1,1284.15,359.84,236.22,182.55,0.87,-1,-1,-1
1918,2,563.20,82.68,97.27,85.11,0.72,-1,-1,-1
1918,54,717.26,87.20,94.65,75.30,0.81,-1,-1,-1
1919,1,1284.00,359.75,236.35,182.44,0.87,-1,-1,-1
1919,2,563.06,81.24,97.34,86.64,0.70,-1,-1,-1
1919,54,716.88,90.24,95.45,74.68,0.81,-1,-1,-1
1920,1,1284.12,359.02,235.99,184.14,0.88,-1,-1,-1
1920,2,563.04,82.01,97.10,85.88,0.69,-1,-1,-1
1920,54,716.15,90.30,97.11,76.14,0.80,-1,-1,-1
1921,1,1285.34,358.45,234.75,184.08,0.88,-1,-1,-1
1921,2,561.34,81.43,98.80,86.49,0.73,-1,-1,-1
1921,54,715.48,91.40,97.96,76.75,0.79,-1,-1,-1
1922,1,1284.85,357.85,235.36,184.83,0.88,-1,-1,-1
1922,2,560.66,82.86,99.44,85.21,0.74,-1,-1,-1
1922,54,714.19,92.05,99.13,77.20,0.80,-1,-1,-1
1923,1,1284.87,357.84,235.70,184.84,0.88,-1,-1,-1
1923,2,560.44,82.57,99.39,85.31,0.75,-1,-1,-1
1923,54,713.87,93.15,98.72,76.50,0.79,-1,-1,-1
1924,1,1284.99,358.08,235.42,184.69,0.88,-1,-1,-1
1924,2,560.46,82.78,99.46,85.13,0.75,-1,-1,-1
1924,54,712.95,96.15,100.41,75.15,0.77,-1,-1,-1
1925,1,1284.98,357.88,235.49,184.97,0.88,-1,-1,-1
1925,2,560.07,82.59,99.94,85.33,0.74,-1,-1,-1
1925,54,712.95,99.06,100.34,74.87,0.78,-1,-1,-1
1926,1,1284.91,357.70,235.39,185.15,0.88,-1,-1,-1
1926,2,559.91,81.44,100.04,86.50,0.75,-1,-1,-1
1926,54,712.60,100.59,100.25,75.97,0.82,-1,-1,-1
1927,1,1285.23,358.00,235.00,184.84,0.88,-1,-1,-1
1927,2,560.51,82.21,99.40,85.18,0.75,-1,-1,-1
1927,54,712.08,101.81,100.50,76.28,0.84,-1,-1,-1
1928,1,1284.99,357.12,234.70,185.70,0.88,-1,-1,-1
1928,2,561.20,82.21,98.78,85.64,0.73,-1,-1,-1
1928,54,712.25,103.41,99.78,77.22,0.83,-1,-1,-1
1929,1,1284.89,357.50,235.02,185.86,0.88,-1,-1,-1
1929,2,562.36,84.01,97.77,83.70,0.70,-1,-1,-1
1929,54,711.00,104.49,100.66,77.79,0.84,-1,-1,-1
1930,1,1284.33,356.89,235.59,186.82,0.87,-1,-1,-1
1930,2,562.52,83.47,97.70,84.49,0.68,-1,-1,-1
1930,54,709.81,107.00,100.79,78.52,0.85,-1,-1,-1
1931,1,1284.59,357.01,235.50,186.59,0.87,-1,-1,-1
1931,2,562.23,83.84,98.19,84.12,0.69,-1,-1,-1
1931,54,709.38,107.92,101.24,79.45,0.86,-1,-1,-1
1932,1,1284.80,356.73,235.23,186.96,0.87,-1,-1,-1
1932,2,562.13,82.86,98.24,84.95,0.69,-1,-1,-1
1932,54,708.70,110.40,101.23,80.06,0.86,-1,-1,-1
1933,1,1284.58,356.79,235.37,187.27,0.87,-1,-1,-1
1933,2,562.02,87.10,98.27,80.60,0.69,-1,-1,-1
1933,54,706.84,112.91,104.75,80.09,0.83,-1,-1,-1
1934,1,1284.94,357.62,235.12,186.49,0.88,-1,-1,-1
1934,2,562.11,86.60,98.12,80.97,0.69,-1,-1,-1
1934,54,706.91,114.21,102.73,80.26,0.85,-1,-1,-1
1935,1,1286.00,357.52,234.14,186.33,0.88,-1,-1,-1
1935,2,562.95,86.18,98.02,81.14,0.70,-1,-1,-1
1935,54,705.57,115.37,104.39,81.87,0.84,-1,-1,-1
1936,1,1286.31,357.51,233.88,186.25,0.88,-1,-1,-1
1936,2,563.04,86.53,97.62,80.62,0.69,-1,-1,-1
1936,54,704.12,117.04,105.11,83.11,0.82,-1,-1,-1
1937,1,1286.29,357.27,233.99,186.46,0.88,-1,-1,-1
1937,2,563.16,87.26,97.42,79.75,0.67,-1,-1,-1
1937,54,702.35,120.10,107.60,82.99,0.84,-1,-1,-1
1938,1,1286.15,356.81,234.29,186.65,0.87,-1,-1,-1
1938,2,563.47,87.77,97.20,78.98,0.69,-1,-1,-1
1938,54,700.19,120.73,109.20,83.95,0.82,-1,-1,-1
1939,1,1285.78,356.58,234.50,186.92,0.87,-1,-1,-1
1939,2,563.40,84.69,96.99,82.29,0.67,-1,-1,-1
1939,54,698.99,121.24,109.09,85.12,0.80,-1,-1,-1
1940,1,1286.14,357.79,234.17,185.66,0.87,-1,-1,-1
1940,2,563.77,80.79,96.91,85.93,0.65,-1,-1,-1
1940,54,698.39,122.07,109.78,88.19,0.82,-1,-1,-1
1941,1,1284.62,357.38,235.95,184.99,0.87,-1,-1,-1
1941,2,563.13,80.05,97.31,86.95,0.65,-1,-1,-1
1941,54,696.03,125.26,111.79,87.56,0.79,-1,-1,-1
1942,1,1285.13,357.05,234.79,185.99,0.87,-1,-1,-1
1942,2,563.13,79.12,97.52,87.90,0.66,-1,-1,-1
1942,54,694.74,128.64,112.03,86.64,0.79,-1,-1,-1
1943,1,1284.76,359.68,235.02,183.74,0.87,-1,-1,-1
1943,2,561.91,78.51,98.53,88.70,0.67,-1,-1,-1
1943,54,692.35,129.47,114.35,87.96,0.79,-1,-1,-1
1944,1,1285.29,359.66,234.34,182.94,0.87,-1,-1,-1
1944,2,560.34,76.40,100.19,91.00,0.65,-1,-1,-1
1944,54,691.16,132.18,113.97,87.44,0.83,-1,-1,-1
1945,1,1285.21,359.35,234.57,183.86,0.88,-1,-1,-1
1945,2,561.72,78.48,98.31,89.07,0.66,-1,-1,-1
1945,54,689.49,135.71,114.37,86.82,0.85,-1,-1,-1
1946,1,1284.52,359.62,235.82,182.69,0.87,-1,-1,-1
1946,2,561.63,78.06,98.47,89.50,0.64,-1,-1,-1
1946,54,688.57,137.12,115.05,88.05,0.85,-1,-1,-1
1947,1,1284.88,358.82,235.00,184.71,0.87,-1,-1,-1
1947,2,561.88,77.68,98.38,89.80,0.64,-1,-1,-1
1947,54,686.63,139.19,115.60,90.25,0.85,-1,-1,-1
1948,1,1284.83,359.15,235.21,184.26,0.88,-1,-1,-1
1948,2,561.77,78.15,98.29,89.36,0.65,-1,-1,-1
1948,54,684.64,140.60,115.64,91.06,0.84,-1,-1,-1
1949,1,1284.94,359.02,235.14,184.37,0.88,-1,-1,-1
1949,2,561.72,78.37,98.12,89.10,0.64,-1,-1,-1
1949,48,931.43,76.23,82.55,68.76,0.50,-1,-1,-1
1949,54,682.29,142.94,117.45,91.58,0.84,-1,-1,-1
1950,1,1285.40,358.85,234.58,184.49,0.88,-1,-1,-1
1950,2,561.83,78.35,98.20,89.04,0.66,-1,-1,-1
1950,48,930.56,76.24,83.72,67.87,0.52,-1,-1,-1
1950,54,679.08,145.07,120.43,92.26,0.84,-1,-1,-1
1951,1,1285.38,358.59,234.49,184.63,0.88,-1,-1,-1
1951,2,562.13,78.98,97.95,88.21,0.64,-1,-1,-1
1951,48,930.81,76.38,83.35,67.84,0.51,-1,-1,-1
1951,54,676.92,146.54,120.85,93.42,0.85,-1,-1,-1
1952,1,1285.54,359.41,234.42,183.57,0.88,-1,-1,-1
1952,2,562.30,79.81,97.61,87.40,0.60,-1,-1,-1
1952,54,675.61,147.55,121.65,96.10,0.83,-1,-1,-1
1953,1,1285.16,358.78,234.72,184.49,0.88,-1,-1,-1
1953,2,562.72,80.01,97.30,87.24,0.58,-1,-1,-1
1953,54,674.00,150.14,121.89,96.21,0.85,-1,-1,-1
1954,1,1285.36,358.97,234.53,184.31,0.87,-1,-1,-1
1954,2,562.64,80.30,97.30,87.02,0.57,-1,-1,-1
1954,54,669.14,152.77,124.63,98.41,0.85,-1,-1,-1
1955,1,1285.44,358.54,234.55,185.27,0.87,-1,-1,-1
1955,2,562.87,82.91,97.05,84.41,0.61,-1,-1,-1
1955,54,666.27,155.19,126.66,99.85,0.86,-1,-1,-1
1956,1,1285.39,358.95,234.71,183.66,0.87,-1,-1,-1
1956,2,563.65,86.18,96.40,81.54,0.61,-1,-1,-1
1956,54,664.74,158.60,126.05,101.23,0.90,-1,-1,-1
1957,1,1284.63,359.77,235.89,182.81,0.87,-1,-1,-1
1957,2,562.83,81.54,97.29,86.08,0.55,-1,-1,-1
1957,54,663.00,160.71,126.16,102.26,0.87,-1,-1,-1
1958,1,1284.91,360.05,235.64,182.67,0.87,-1,-1,-1
1958,2,563.33,82.81,96.90,84.39,0.50,-1,-1,-1
1958,54,659.97,167.17,129.70,98.69,0.87,-1,-1,-1
1959,1,1285.15,360.07,235.26,182.92,0.88,-1,-1,-1
1959,2,563.09,80.81,97.26,86.26,0.56,-1,-1,-1
1959,54,655.29,168.65,132.82,101.58,0.85,-1,-1,-1
1960,1,1285.16,359.95,235.30,182.91,0.88,-1,-1,-1
1960,2,563.16,79.14,97.29,88.08,0.55,-1,-1,-1
1960,54,651.82,170.17,135.69,102.41,0.87,-1,-1,-1
1961,1,1284.75,359.17,235.48,183.71,0.88,-1,-1,-1
1961,2,562.98,80.18,97.55,87.00,0.55,-1,-1,-1
1961,54,648.78,172.58,133.81,102.24,0.84,-1,-1,-1
1962,1,1284.62,359.32,235.51,183.55,0.88,-1,-1,-1
1962,2,563.06,80.01,97.58,87.24,0.55,-1,-1,-1
1962,54,645.13,174.26,136.23,104.94,0.86,-1,-1,-1
1963,1,1284.57,359.55,235.33,183.27,0.88,-1,-1,-1
1963,2,562.32,78.82,98.43,88.73,0.55,-1,-1,-1
1963,54,638.63,177.76,142.23,106.22,0.85,-1,-1,-1
1964,1,1284.57,359.46,234.99,183.35,0.89,-1,-1,-1
1964,2,562.36,77.40,98.33,90.19,0.63,-1,-1,-1
1964,48,928.51,76.80,85.46,67.48,0.51,-1,-1,-1
1964,54,636.93,179.74,141.82,107.99,0.84,-1,-1,-1
1965,1,1284.48,359.43,235.00,183.25,0.89,-1,-1,-1
1965,2,562.35,77.55,98.14,90.09,0.63,-1,-1,-1
1965,54,636.91,180.52,141.67,110.35,0.85,-1,-1,-1
1966,1,1284.40,358.46,235.35,184.09,0.89,-1,-1,-1
1966,2,560.47,77.83,99.94,90.30,0.68,-1,-1,-1
1966,54,633.10,183.54,146.48,112.43,0.86,-1,-1,-1
1967,1,1284.60,358.62,234.86,183.55,0.89,-1,-1,-1
1967,2,560.70,77.88,99.44,89.81,0.69,-1,-1,-1
1967,54,630.99,185.71,147.31,113.74,0.85,-1,-1,-1
1968,1,1285.14,359.16,234.51,183.17,0.89,-1,-1,-1
1968,2,560.19,77.89,99.53,89.79,0.72,-1,-1,-1
1968,54,631.16,190.65,145.93,114.48,0.86,-1,-1,-1
1969,1,1285.59,359.88,234.07,183.06,0.89,-1,-1,-1
1969,2,560.13,77.67,99.94,90.17,0.70,-1,-1,-1
1969,54,627.75,191.97,148.46,117.62,0.87,-1,-1,-1
1970,1,1285.38,359.85,233.91,182.97,0.89,-1,-1,-1
1970,2,559.15,77.00,100.86,91.27,0.68,-1,-1,-1
1970,54,627.47,195.83,148.98,117.70,0.88,-1,-1,-1
1971,1,1285.27,359.00,234.63,184.54,0.87,-1,-1,-1
1971,2,561.16,80.68,98.56,87.16,0.66,-1,-1,-1
1971,48,927.84,77.39,86.07,66.90,0.56,-1,-1,-1
1971,54,628.27,198.40,148.81,120.95,0.89,-1,-1,-1
1972,1,1285.24,359.02,234.66,184.46,0.87,-1,-1,-1
1972,2,561.22,80.65,98.64,87.20,0.65,-1,-1,-1
1972,48,927.94,77.27,85.96,66.97,0.55,-1,-1,-1
1972,54,627.12,201.78,149.64,120.41,0.88,-1,-1,-1
1973,1,1285.18,359.04,234.77,184.52,0.87,-1,-1,-1
1973,2,560.95,80.88,99.02,87.20,0.68,-1,-1,-1
1973,48,927.90,77.26,85.92,67.03,0.56,-1,-1,-1
1973,54,625.46,204.47,152.54,124.50,0.87,-1,-1,-1
1974,1,1285.14,359.05,234.82,184.49,0.87,-1,-1,-1
1974,2,560.87,80.80,99.10,87.23,0.68,-1,-1,-1
1974,48,927.87,77.32,86.11,66.99,0.58,-1,-1,-1
1974,54,624.55,207.31,155.23,128.18,0.87,-1,-1,-1
1975,1,1285.16,359.16,234.99,184.27,0.87,-1,-1,-1
1975,2,560.56,81.01,99.47,86.96,0.67,-1,-1,-1
1975,48,927.85,77.31,86.11,67.05,0.56,-1,-1,-1
1975,54,622.70,213.69,156.62,125.28,0.87,-1,-1,-1
1976,1,1285.18,359.08,234.88,184.33,0.87,-1,-1,-1
1976,2,560.56,80.75,99.51,87.02,0.68,-1,-1,-1
1976,48,927.85,77.12,86.05,67.27,0.54,-1,-1,-1
1976,54,619.95,216.84,159.53,127.45,0.88,-1,-1,-1
1977,1,1285.18,359.09,234.88,184.34,0.87,-1,-1,-1
1977,2,560.53,80.51,99.53,87.29,0.68,-1,-1,-1
1977,48,927.67,77.23,86.14,67.10,0.56,-1,-1,-1
1977,54,619.10,220.71,163.25,128.57,0.88,-1,-1,-1
1978,1,1285.17,359.29,234.92,184.06,0.88,-1,-1,-1
1978,2,560.67,81.83,99.34,85.89,0.68,-1,-1,-1
1978,48,927.73,77.17,86.09,67.14,0.59,-1,-1,-1
1978,54,611.85,224.25,171.29,131.81,0.89,-1,-1,-1
1979,1,1284.78,359.02,235.20,184.21,0.87,-1,-1,-1
1979,2,560.47,81.56,99.65,86.21,0.69,-1,-1,-1
1979,48,927.69,77.27,86.18,67.10,0.59,-1,-1,-1
1979,54,611.57,227.36,172.03,134.98,0.90,-1,-1,-1
1980,1,1284.96,359.21,234.88,184.37,0.87,-1,-1,-1
1980,2,560.58,81.62,99.59,86.18,0.68,-1,-1,-1
1980,48,927.97,77.28,85.90,66.97,0.54,-1,-1,-1
1980,54,611.76,232.81,171.35,134.09,0.88,-1,-1,-1
1981,1,1284.91,360.09,234.68,183.81,0.87,-1,-1,-1
1981,2,560.57,82.76,99.53,85.18,0.70,-1,-1,-1
1981,48,927.55,77.58,86.27,66.66,0.57,-1,-1,-1
1981,54,610.66,238.45,171.93,132.42,0.89,-1,-1,-1
1982,1,1285.02,359.89,234.55,184.12,0.87,-1,-1,-1
1982,2,560.34,83.31,99.63,84.62,0.69,-1,-1,-1
1982,48,927.52,77.57,86.32,66.68,0.55,-1,-1,-1
1982,54,605.92,240.97,177.66,134.41,0.89,-1,-1,-1
1983,1,1285.35,359.83,234.13,183.82,0.87,-1,-1,-1
1983,2,560.52,81.94,99.36,85.93,0.68,-1,-1,-1
1983,48,927.56,77.50,86.33,66.79,0.54,-1,-1,-1
1983,54,605.88,243.48,178.02,137.79,0.88,-1,-1,-1
1984,1,1284.53,359.49,235.65,181.98,0.87,-1,-1,-1
1984,2,558.54,79.73,101.30,88.18,0.67,-1,-1,-1
1984,54,604.57,245.01,180.89,140.61,0.88,-1,-1,-1
1985,1,1284.83,359.13,234.86,183.96,0.88,-1,-1,-1
1985,2,558.74,79.23,101.18,88.61,0.67,-1,-1,-1
1985,54,604.60,246.72,183.33,143.19,0.88,-1,-1,-1
1986,1,1284.63,359.47,235.16,183.56,0.88,-1,-1,-1
1986,2,558.96,80.28,100.86,87.54,0.70,-1,-1,-1
1986,48,927.04,77.41,86.96,66.64,0.51,-1,-1,-1
1986,54,601.81,251.33,184.77,145.00,0.88,-1,-1,-1
1987,1,1284.74,359.83,235.06,183.16,0.87,-1,-1,-1
1987,2,559.24,80.58,100.41,87.26,0.70,-1,-1,-1
1987,48,927.05,77.40,86.99,66.70,0.53,-1,-1,-1
1987,54,599.25,258.64,187.50,144.83,0.90,-1,-1,-1
1988,1,1284.73,359.74,234.79,183.33,0.87,-1,-1,-1
1988,2,559.02,79.50,100.55,88.44,0.73,-1,-1,-1
1988,48,927.08,77.53,86.66,66.52,0.54,-1,-1,-1
1988,54,596.90,262.75,191.69,146.79,0.90,-1,-1,-1
1989,1,1284.86,359.70,234.66,182.77,0.87,-1,-1,-1
1989,2,558.43,79.42,101.39,88.29,0.77,-1,-1,-1
1989,54,595.19,265.88,197.15,149.11,0.89,-1,-1,-1
1990,1,1285.04,359.16,234.59,183.28,0.87,-1,-1,-1
1990,2,558.35,79.32,101.41,88.48,0.74,-1,-1,-1
1990,54,594.37,269.48,199.35,151.45,0.89,-1,-1,-1
1991,1,1285.19,359.27,234.39,183.29,0.87,-1,-1,-1
1991,2,558.84,80.51,100.86,87.56,0.71,-1,-1,-1
1991,54,591.30,274.57,200.99,157.02,0.88,-1,-1,-1
1992,1,1284.65,359.31,235.58,182.47,0.87,-1,-1,-1
1992,2,558.76,79.75,101.21,88.81,0.71,-1,-1,-1
1992,54,588.36,279.60,203.34,159.78,0.88,-1,-1,-1
1993,1,1284.28,359.77,235.95,182.70,0.86,-1,-1,-1
1993,2,557.54,77.61,102.55,91.08,0.68,-1,-1,-1
1993,54,586.51,286.79,207.19,160.67,0.88,-1,-1,-1
1994,1,1284.48,359.60,235.84,182.75,0.86,-1,-1,-1
1994,2,557.65,78.13,102.37,90.49,0.69,-1,-1,-1
1994,54,581.46,294.71,209.47,166.53,0.89,-1,-1,-1
1995,1,1284.54,359.62,235.68,182.82,0.86,-1,-1,-1
1995,2,557.64,78.54,102.35,90.11,0.73,-1,-1,-1
1995,54,578.93,303.01,214.12,167.81,0.89,-1,-1,-1
1996,1,1284.27,359.74,235.82,182.80,0.86,-1,-1,-1
1996,2,558.89,79.04,101.17,89.13,0.67,-1,-1,-1
1996,54,576.81,309.76,212.78,172.99,0.90,-1,-1,-1
1997,1,1284.20,360.03,235.90,182.42,0.86,-1,-1,-1
1997,2,559.11,78.88,100.89,89.32,0.68,-1,-1,-1
1997,54,574.30,319.23,217.77,173.55,0.91,-1,-1,-1
1998,1,1284.55,359.61,235.24,183.87,0.87,-1,-1,-1
1998,2,558.30,79.07,101.65,89.29,0.69,-1,-1,-1
1998,54,568.56,328.85,224.24,176.85,0.90,-1,-1,-1
1999,1,1284.62,360.15,235.69,182.20,0.87,-1,-1,-1
1999,2,558.49,79.03,101.52,89.46,0.68,-1,-1,-1
1999,54,563.60,336.74,228.10,181.72,0.90,-1,-1,-1
2000,1,1284.78,360.13,235.59,182.15,0.87,-1,-1,-1
2000,2,558.84,79.18,101.18,89.25,0.67,-1,-1,-1
2000,54,560.97,348.00,227.51,185.59,0.90,-1,-1,-1
2001,1,1284.85,359.26,235.20,183.73,0.87,-1,-1,-1
2001,2,560.04,80.39,99.92,87.84,0.69,-1,-1,-1
2001,54,555.22,358.95,232.73,187.88,0.90,-1,-1,-1
2002,1,1284.25,359.36,235.94,183.93,0.88,-1,-1,-1
2002,2,561.18,80.82,98.34,86.97,0.72,-1,-1,-1
2002,54,551.96,368.47,237.06,192.39,0.91,-1,-1,-1
2003,1,1284.46,359.60,235.61,183.45,0.88,-1,-1,-1
2003,2,561.85,82.54,97.68,85.07,0.69,-1,-1,-1
2003,54,546.59,379.73,240.93,193.64,0.90,-1,-1,-1
2004,1,1284.36,359.97,235.62,183.53,0.88,-1,-1,-1
2004,2,561.31,81.06,98.27,86.98,0.66,-1,-1,-1
2004,48,926.09,77.21,87.85,67.36,0.51,-1,-1,-1
2004,54,537.65,391.23,252.27,197.47,0.90,-1,-1,-1
2005,1,1284.43,359.28,235.80,184.70,0.87,-1,-1,-1
2005,2,562.27,81.84,97.27,85.90,0.61,-1,-1,-1
2005,48,926.83,77.43,86.81,67.02,0.54,-1,-1,-1
2005,54,537.08,403.23,251.71,198.40,0.91,-1,-1,-1
2006,1,1284.31,359.43,235.86,184.53,0.87,-1,-1,-1
2006,2,562.29,82.63,97.30,85.02,0.60,-1,-1,-1
2006,48,926.85,77.32,86.76,67.00,0.53,-1,-1,-1
2006,54,536.12,415.39,251.53,204.59,0.90,-1,-1,-1
2007,1,1284.56,359.41,235.52,184.56,0.87,-1,-1,-1
2007,2,562.26,83.47,97.21,84.27,0.62,-1,-1,-1
2007,54,530.64,426.40,255.88,208.98,0.91,-1,-1,-1
2008,1,1284.30,359.65,236.07,183.57,0.87,-1,-1,-1
2008,2,562.91,83.02,96.59,84.92,0.59,-1,-1,-1
2008,54,530.73,440.44,257.66,211.95,0.92,-1,-1,-1
2009,1,1284.36,359.60,235.94,183.61,0.86,-1,-1,-1
2009,2,562.91,84.34,96.60,83.59,0.61,-1,-1,-1
2009,54,523.12,454.60,268.97,212.85,0.91,-1,-1,-1
2010,1,1284.18,359.31,236.22,184.09,0.86,-1,-1,-1
2010,2,563.47,83.36,96.12,84.52,0.60,-1,-1,-1
2010,54,517.88,468.24,274.74,218.36,0.91,-1,-1,-1
2011,1,1284.17,359.80,236.42,183.44,0.86,-1,-1,-1
2011,2,563.74,81.89,96.05,86.00,0.59,-1,-1,-1
2011,54,513.32,477.49,279.72,227.13,0.91,-1,-1,-1
2012,1,1284.66,361.57,235.55,181.28,0.87,-1,-1,-1
2012,2,563.85,82.77,95.85,84.48,0.57,-1,-1,-1
2012,48,926.38,78.50,87.34,66.54,0.54,-1,-1,-1
2012,54,509.16,493.92,285.94,234.84,0.90,-1,-1,-1
2013,1,1285.05,361.21,235.44,181.33,0.87,-1,-1,-1
2013,2,563.43,83.00,96.28,84.43,0.63,-1,-1,-1
2013,48,927.43,78.83,86.18,66.98,0.50,-1,-1,-1
2013,54,503.24,510.00,292.40,236.69,0.91,-1,-1,-1
2014,1,1285.30,361.57,235.19,180.88,0.87,-1,-1,-1
2014,2,564.62,81.35,95.03,86.12,0.61,-1,-1,-1
2014,54,497.12,525.00,298.47,246.03,0.89,-1,-1,-1
2015,1,1285.91,361.54,234.22,180.52,0.87,-1,-1,-1
2015,2,564.56,80.40,95.50,87.41,0.59,-1,-1,-1
2015,54,493.06,544.61,301.70,247.65,0.86,-1,-1,-1
2016,1,1285.67,361.64,234.48,180.58,0.87,-1,-1,-1
2016,2,565.09,81.77,95.20,86.05,0.57,-1,-1,-1
2016,54,487.09,564.90,309.07,254.21,0.90,-1,-1,-1
2017,1,1285.73,360.67,234.45,181.13,0.87,-1,-1,-1
2017,2,564.48,86.34,95.71,81.75,0.60,-1,-1,-1
2017,54,480.30,584.10,314.76,261.01,0.90,-1,-1,-1
2018,1,1285.78,360.22,234.42,181.62,0.87,-1,-1,-1
2018,2,564.35,84.42,95.62,83.72,0.55,-1,-1,-1
2018,54,466.23,604.10,326.55,271.49,0.91,-1,-1,-1
2019,1,1285.61,360.30,235.00,181.65,0.87,-1,-1,-1
2019,2,563.72,83.77,96.26,84.53,0.55,-1,-1,-1
2019,54,460.04,624.33,330.38,278.46,0.91,-1,-1,-1
2020,1,1285.67,360.43,234.78,181.93,0.87,-1,-1,-1
2020,2,563.89,84.47,95.92,83.86,0.55,-1,-1,-1
2020,54,450.24,648.46,337.13,282.56,0.92,-1,-1,-1
2021,1,1285.46,360.39,235.15,182.17,0.87,-1,-1,-1
2021,2,563.71,83.64,96.05,84.80,0.53,-1,-1,-1
2021,54,436.41,671.27,346.01,293.13,0.92,-1,-1,-1
2022,1,1284.59,359.94,235.99,182.95,0.87,-1,-1,-1
2022,2,563.12,85.76,96.45,82.54,0.64,-1,-1,-1
2022,54,418.15,701.01,357.81,296.83,0.94,-1,-1,-1
2023,1,1284.72,360.09,235.94,182.78,0.87,-1,-1,-1
2023,2,563.09,85.72,96.48,82.72,0.64,-1,-1,-1
2023,54,403.81,727.72,365.66,303.65,0.94,-1,-1,-1
2024,1,1284.50,360.15,236.23,182.71,0.87,-1,-1,-1
2024,2,562.99,85.39,96.59,83.06,0.64,-1,-1,-1
2024,54,378.48,753.60,376.89,315.32,0.92,-1,-1,-1
2025,1,1284.39,359.95,236.39,182.90,0.87,-1,-1,-1
2025,2,563.07,85.25,96.51,83.14,0.64,-1,-1,-1
2025,54,353.08,783.05,390.47,291.07,0.92,-1,-1,-1
2026,1,1284.31,359.97,236.55,182.64,0.87,-1,-1,-1
2026,2,563.26,85.66,96.46,82.55,0.64,-1,-1,-1
2026,54,323.23,811.87,405.62,263.11,0.93,-1,-1,-1
2027,1,1284.23,360.17,236.61,182.48,0.86,-1,-1,-1
2027,2,563.23,84.80,96.41,83.42,0.61,-1,-1,-1
2027,54,292.51,846.00,415.94,232.11,0.92,-1,-1,-1
2028,1,1283.92,360.73,236.93,182.05,0.86,-1,-1,-1
2028,2,563.22,85.16,96.38,83.21,0.62,-1,-1,-1
2028,54,258.38,879.31,429.91,199.06,0.90,-1,-1,-1
2029,1,1284.21,360.11,236.20,182.75,0.85,-1,-1,-1
2029,2,563.44,86.71,96.15,81.57,0.65,-1,-1,-1
2029,54,220.50,911.98,442.37,164.26,0.85,-1,-1,-1
2030,1,1284.90,360.40,235.03,182.41,0.86,-1,-1,-1
2030,2,563.29,87.34,96.28,80.98,0.65,-1,-1,-1
2030,54,222.25,950.72,409.10,127.80,0.82,-1,-1,-1
2031,1,1284.91,360.21,235.18,182.66,0.86,-1,-1,-1
2031,2,564.01,89.23,96.11,79.01,0.65,-1,-1,-1
2031,54,197.20,994.02,385.71,83.92,0.72,-1,-1,-1
2032,1,1285.69,362.05,234.85,180.26,0.87,-1,-1,-1
2032,2,566.11,92.33,94.03,75.58,0.66,-1,-1,-1
2033,1,1284.78,361.83,235.83,181.01,0.87,-1,-1,-1
2033,2,566.32,92.70,93.76,75.20,0.65,-1,-1,-1
2034,1,1285.60,361.40,234.81,181.61,0.87,-1,-1,-1
2034,2,566.34,95.41,93.58,72.38,0.68,-1,-1,-1
2035,1,1285.42,361.45,234.94,181.61,0.87,-1,-1,-1
2035,2,566.54,96.12,93.25,71.72,0.67,-1,-1,-1
2036,1,1285.58,361.57,234.65,181.60,0.87,-1,-1,-1
2036,2,566.41,97.01,93.38,70.75,0.67,-1,-1,-1
2037,1,1284.84,362.01,235.82,180.51,0.87,-1,-1,-1
2037,2,567.16,95.91,94.71,73.35,0.71,-1,-1,-1
2038,1,1284.72,361.87,235.96,180.47,0.87,-1,-1,-1
2038,2,565.62,95.48,94.71,72.63,0.70,-1,-1,-1
2039,1,1284.29,361.63,236.35,180.42,0.87,-1,-1,-1
2039,2,565.78,93.58,94.78,73.85,0.73,-1,-1,-1
2040,1,1284.26,362.04,236.40,180.23,0.87,-1,-1,-1
2040,2,565.28,93.15,95.38,74.80,0.75,-1,-1,-1
2041,1,1284.37,361.95,236.27,180.31,0.86,-1,-1,-1
2041,2,565.64,93.40,95.00,74.90,0.75,-1,-1,-1
2042,1,1285.64,361.24,234.86,180.98,0.87,-1,-1,-1
2042,2,566.50,93.45,94.71,74.31,0.68,-1,-1,-1
2042,48,929.60,79.55,84.81,65.84,0.50,-1,-1,-1
2043,1,1285.62,361.48,234.97,181.09,0.87,-1,-1,-1
2043,2,566.73,95.04,94.46,72.65,0.67,-1,-1,-1
2043,48,928.87,79.47,85.47,65.84,0.54,-1,-1,-1
2043,56,1130.54,995.93,434.48,82.20,0.61,-1,-1,-1
2044,1,1286.05,361.47,234.42,181.22,0.87,-1,-1,-1
2044,2,566.93,96.16,94.28,71.13,0.64,-1,-1,-1
2044,48,927.99,79.29,86.02,66.40,0.56,-1,-1,-1
2044,56,1134.93,958.66,397.81,120.35,0.60,-1,-1,-1
2045,1,1285.79,360.94,234.20,181.77,0.87,-1,-1,-1
2045,2,566.68,93.49,94.46,74.16,0.66,-1,-1,-1
2045,48,928.05,79.08,85.80,65.87,0.57,-1,-1,-1
2045,56,1151.14,922.95,398.80,156.03,0.63,-1,-1,-1
2046,1,1285.81,361.42,234.33,181.25,0.87,-1,-1,-1
2046,2,566.68,92.33,94.12,75.08,0.63,-1,-1,-1
2046,48,927.99,78.91,85.40,66.19,0.52,-1,-1,-1
2046,56,1142.45,887.96,398.99,192.04,0.74,-1,-1,-1
2047,1,1286.07,361.21,233.98,182.09,0.87,-1,-1,-1
2047,2,566.56,96.18,94.21,71.28,0.64,-1,-1,-1
2047,56,1145.66,855.38,385.79,223.27,0.76,-1,-1,-1
2048,1,1285.89,361.21,234.03,182.04,0.87,-1,-1,-1
2048,2,566.64,94.14,94.01,73.40,0.63,-1,-1,-1
2048,48,929.68,78.62,84.22,66.76,0.51,-1,-1,-1
2048,56,1147.03,823.28,376.07,255.06,0.88,-1,-1,-1
2049,1,1285.73,361.30,234.18,181.69,0.86,-1,-1,-1
2049,2,566.21,95.68,94.61,72.21,0.62,-1,-1,-1
2049,48,928.46,78.52,85.49,67.08,0.54,-1,-1,-1
2049,56,1142.38,795.73,371.43,281.31,0.79,-1,-1,-1
2049,57,723.90,52.11,78.27,34.97,0.54,-1,-1,-1
2050,1,1285.88,361.17,234.26,181.86,0.86,-1,-1,-1
2050,2,566.10,97.32,94.80,70.70,0.63,-1,-1,-1
2050,48,927.97,78.75,86.13,66.97,0.58,-1,-1,-1
2050,56,1151.31,765.40,354.82,307.18,0.79,-1,-1,-1
2051,1,1286.27,361.43,233.76,181.78,0.86,-1,-1,-1
2051,2,566.12,94.91,94.50,73.04,0.61,-1,-1,-1
2051,48,928.31,78.85,85.43,66.88,0.59,-1,-1,-1
2051,56,1137.29,738.60,357.32,300.60,0.78,-1,-1,-1
2052,1,1285.22,361.41,235.48,182.07,0.87,-1,-1,-1
2052,2,566.16,97.90,94.42,69.69,0.59,-1,-1,-1
2052,56,1137.75,714.77,347.79,291.93,0.84,-1,-1,-1
2052,57,740.11,57.70,33.96,28.12,0.60,-1,-1,-1
2053,1,1285.41,361.23,235.68,182.78,0.87,-1,-1,-1
2053,2,565.66,96.15,95.19,72.04,0.58,-1,-1,-1
2053,56,1136.24,689.52,339.52,284.45,0.80,-1,-1,-1
2054,1,1286.27,360.95,234.89,183.58,0.87,-1,-1,-1
2054,2,565.32,93.92,95.33,74.25,0.55,-1,-1,-1
2054,56,1133.23,667.80,330.08,273.82,0.84,-1,-1,-1
2055,1,1286.36,360.77,234.68,183.78,0.87,-1,-1,-1
2055,2,565.28,95.51,95.36,72.56,0.55,-1,-1,-1
2055,56,1126.08,639.48,325.71,275.95,0.87,-1,-1,-1
2056,1,1286.05,361.27,234.85,183.38,0.87,-1,-1,-1
2056,2,565.12,95.25,95.67,72.97,0.59,-1,-1,-1
2056,56,1121.74,623.51,318.26,265.12,0.85,-1,-1,-1
2056,58,811.92,55.64,31.31,30.33,0.53,-1,-1,-1
2057,1,1285.58,361.33,235.31,182.21,0.86,-1,-1,-1
2057,2,564.12,94.01,96.89,74.66,0.72,-1,-1,-1
2057,56,1114.16,604.19,310.64,256.23,0.80,-1,-1,-1
2058,1,1285.77,361.20,235.10,182.20,0.86,-1,-1,-1
2058,2,564.60,93.03,96.37,75.87,0.74,-1,-1,-1
2058,56,1107.45,584.54,304.75,251.58,0.79,-1,-1,-1
2059,1,1285.93,360.93,235.03,182.44,0.86,-1,-1,-1
2059,2,564.58,92.49,96.42,76.49,0.72,-1,-1,-1
2059,56,1101.37,568.63,296.60,245.10,0.87,-1,-1,-1
2060,1,1285.83,361.55,235.01,181.60,0.86,-1,-1,-1
2060,2,565.98,92.67,96.11,77.17,0.72,-1,-1,-1
2060,56,1089.83,546.64,295.28,245.17,0.73,-1,-1,-1
2061,1,1285.71,361.56,235.21,181.11,0.86,-1,-1,-1
2061,2,566.29,95.29,96.09,74.62,0.70,-1,-1,-1
2061,56,1081.22,532.50,289.88,237.87,0.88,-1,-1,-1
2062,1,1286.98,361.49,233.95,181.19,0.85,-1,-1,-1
2062,2,566.57,93.62,94.72,74.51,0.67,-1,-1,-1
2062,56,1074.05,518.11,282.14,230.67,0.85,-1,-1,-1
2063,1,1286.94,361.35,234.08,181.44,0.85,-1,-1,-1
2063,2,566.17,91.89,95.32,76.33,0.69,-1,-1,-1
2063,56,1064.46,503.92,277.50,223.27,0.87,-1,-1,-1
2064,1,1287.34,361.37,233.62,181.74,0.82,-1,-1,-1
2064,2,566.07,92.92,94.80,75.08,0.63,-1,-1,-1
2064,56,1056.47,485.35,272.40,222.42,0.81,-1,-1,-1
2065,1,1287.99,361.53,232.34,181.07,0.82,-1,-1,-1
2065,2,565.78,90.65,95.29,77.55,0.70,-1,-1,-1
2065,56,1047.89,472.72,264.95,217.07,0.81,-1,-1,-1
2066,1,1285.77,361.81,234.63,181.05,0.81,-1,-1,-1
2066,2,565.93,89.99,95.21,78.07,0.64,-1,-1,-1
2066,56,1041.98,461.34,259.03,212.98,0.90,-1,-1,-1
2067,1,1286.03,361.77,234.41,181.01,0.82,-1,-1,-1
2067,2,565.77,89.43,95.48,78.67,0.65,-1,-1,-1
2067,56,1030.64,447.31,256.30,210.28,0.86,-1,-1,-1
2068,1,1287.75,361.70,232.60,181.38,0.83,-1,-1,-1
2068,2,566.40,89.34,94.75,78.46,0.65,-1,-1,-1
2068,56,1023.18,435.44,253.70,203.29,0.85,-1,-1,-1
2069,1,1286.48,361.45,233.87,181.58,0.83,-1,-1,-1
2069,2,566.53,90.71,94.30,77.01,0.62,-1,-1,-1
2069,56,1015.93,421.43,247.69,203.79,0.83,-1,-1,-1
2069,59,739.43,57.12,31.05,28.40,0.54,-1,-1,-1
2070,1,1286.12,360.88,234.55,182.25,0.85,-1,-1,-1
2070,2,566.37,88.75,94.47,78.99,0.63,-1,-1,-1
2070,56,1009.61,410.95,243.50,198.59,0.74,-1,-1,-1
2071,1,1285.89,361.11,235.35,182.15,0.86,-1,-1,-1
2071,2,566.21,83.44,94.53,84.25,0.61,-1,-1,-1
2071,56,1003.35,396.91,239.86,196.95,0.83,-1,-1,-1
2072,1,1284.91,362.00,235.66,181.90,0.86,-1,-1,-1
2072,2,564.93,84.52,95.25,83.70,0.54,-1,-1,-1
2073,1,1285.31,361.95,235.39,181.97,0.87,-1,-1,-1
2073,2,564.91,84.19,95.32,83.91,0.57,-1,-1,-1
2073,48,925.99,78.40,88.48,67.20,0.54,-1,-1,-1
2073,56,991.47,380.10,233.60,186.35,0.61,-1,-1,-1
2073,58,809.84,60.57,31.62,25.91,0.53,-1,-1,-1
2074,1,1285.40,361.88,235.14,182.09,0.86,-1,-1,-1
2074,2,565.15,84.17,94.98,83.97,0.55,-1,-1,-1
2074,56,987.40,368.46,228.77,185.87,0.81,-1,-1,-1
2075,1,1284.28,361.89,236.43,182.01,0.87,-1,-1,-1
2075,2,565.11,83.90,95.01,84.20,0.55,-1,-1,-1
2075,56,983.19,359.68,228.92,182.05,0.84,-1,-1,-1
2076,1,1284.47,361.52,236.71,182.48,0.86,-1,-1,-1
2076,2,565.27,86.24,95.03,81.62,0.58,-1,-1,-1
2076,56,982.83,349.41,222.87,181.03,0.85,-1,-1,-1
2077,1,1284.72,360.98,236.89,182.24,0.87,-1,-1,-1
2077,2,564.90,85.28,95.66,82.68,0.63,-1,-1,-1
2077,56,979.92,340.03,217.18,179.95,0.81,-1,-1,-1
2078,1,1284.45,360.65,237.15,182.59,0.86,-1,-1,-1
2078,2,565.05,87.12,95.55,80.73,0.61,-1,-1,-1
2078,56,977.10,333.86,214.27,173.69,0.68,-1,-1,-1
2079,1,1284.85,360.67,236.69,182.74,0.86,-1,-1,-1
2079,2,565.08,86.54,95.58,81.49,0.58,-1,-1,-1
2079,56,974.41,327.63,214.21,169.65,0.75,-1,-1,-1
2080,1,1284.91,360.75,236.63,182.82,0.87,-1,-1,-1
2080,2,565.05,85.41,95.58,82.40,0.58,-1,-1,-1
2080,56,973.05,319.51,212.54,167.05,0.72,-1,-1,-1
2081,1,1285.55,360.76,236.05,182.68,0.87,-1,-1,-1
2081,2,565.03,84.85,95.52,82.92,0.56,-1,-1,-1
2081,56,972.27,314.10,209.92,164.61,0.70,-1,-1,-1
2082,1,1284.54,361.93,236.84,181.26,0.88,-1,-1,-1
2082,2,565.71,89.20,94.85,78.50,0.58,-1,-1,-1
2082,56,972.32,306.87,199.95,161.05,0.75,-1,-1,-1
2083,1,1285.19,361.58,235.90,181.72,0.87,-1,-1,-1
2083,2,565.72,88.92,94.87,78.72,0.60,-1,-1,-1
2083,56,972.90,298.41,198.44,161.14,0.80,-1,-1,-1
2084,1,1285.22,361.56,235.97,181.76,0.87,-1,-1,-1
2084,2,565.76,89.38,94.95,78.38,0.60,-1,-1,-1
2084,56,972.80,293.86,193.51,157.57,0.75,-1,-1,-1
2085,1,1285.18,361.52,236.09,181.47,0.87,-1,-1,-1
2085,2,565.84,90.32,94.82,77.42,0.62,-1,-1,-1
2085,48,926.85,78.81,87.41,66.50,0.54,-1,-1,-1
2085,56,973.04,288.62,192.96,155.23,0.83,-1,-1,-1
2086,1,1285.87,361.94,235.24,180.62,0.87,-1,-1,-1
2086,2,565.82,90.34,94.90,77.41,0.62,-1,-1,-1
2086,56,972.36,281.10,187.15,154.35,0.81,-1,-1,-1
2087,1,1286.18,361.84,234.96,180.41,0.88,-1,-1,-1
2087,2,565.68,90.59,95.02,77.16,0.61,-1,-1,-1
2087,48,926.88,78.76,87.17,66.57,0.54,-1,-1,-1
2087,56,973.15,276.13,186.17,152.60,0.82,-1,-1,-1
2088,1,1287.80,361.14,233.41,182.19,0.87,-1,-1,-1
2088,2,565.19,83.13,95.65,84.79,0.51,-1,-1,-1
2088,56,973.71,271.40,185.50,150.38,0.85,-1,-1,-1
2089,1,1284.72,361.27,236.04,181.70,0.88,-1,-1,-1
2089,2,564.78,89.43,95.91,78.21,0.59,-1,-1,-1
2089,48,926.71,79.08,87.49,66.42,0.56,-1,-1,-1
2089,56,972.18,266.90,184.45,147.08,0.82,-1,-1,-1
2090,1,1284.99,361.27,235.83,181.84,0.88,-1,-1,-1
2090,2,564.85,91.31,95.71,76.33,0.57,-1,-1,-1
2090,48,926.83,79.13,87.34,66.41,0.53,-1,-1,-1
2090,56,973.23,263.33,180.54,144.86,0.75,-1,-1,-1
2091,1,1285.38,361.34,235.23,181.84,0.88,-1,-1,-1
2091,2,564.06,89.16,96.67,78.35,0.64,-1,-1,-1
2091,48,927.36,78.11,86.24,67.06,0.50,-1,-1,-1
2091,56,977.72,256.86,171.92,144.84,0.78,-1,-1,-1
2092,1,1283.96,360.56,236.09,182.61,0.87,-1,-1,-1
2092,2,563.14,89.32,97.60,78.22,0.72,-1,-1,-1
2092,56,974.85,252.32,171.95,144.40,0.79,-1,-1,-1
2093,1,1284.14,360.28,236.03,182.95,0.87,-1,-1,-1
2093,2,563.71,90.88,97.05,76.76,0.71,-1,-1,-1
2093,56,977.12,250.30,167.91,138.59,0.80,-1,-1,-1
2094,1,1284.68,360.36,235.47,182.90,0.87,-1,-1,-1
2094,2,563.51,86.38,97.16,81.11,0.66,-1,-1,-1
2094,56,974.12,246.08,170.02,136.21,0.73,-1,-1,-1
2095,1,1284.65,360.35,235.44,182.90,0.87,-1,-1,-1
2095,2,564.10,90.87,96.23,76.67,0.61,-1,-1,-1
2095,56,973.23,239.39,166.72,137.42,0.77,-1,-1,-1
2096,1,1284.71,360.49,235.34,182.65,0.87,-1,-1,-1
2096,2,564.07,85.90,96.45,81.96,0.66,-1,-1,-1
2096,56,971.89,234.83,167.26,135.65,0.70,-1,-1,-1
2097,1,1284.71,360.49,235.44,182.52,0.87,-1,-1,-1
2097,2,564.31,88.02,96.17,79.84,0.68,-1,-1,-1
2097,56,972.52,232.08,166.79,133.91,0.76,-1,-1,-1
2098,1,1284.61,360.52,235.53,182.50,0.87,-1,-1,-1
2098,2,564.29,87.63,96.10,80.32,0.67,-1,-1,-1
2098,56,971.88,225.40,163.38,134.47,0.78,-1,-1,-1
2099,1,1284.76,360.55,235.64,182.54,0.87,-1,-1,-1
2099,2,564.41,86.94,95.87,81.09,0.65,-1,-1,-1
2099,56,973.78,224.22,160.75,129.93,0.75,-1,-1,-1
2100,1,1284.57,360.40,235.80,182.68,0.86,-1,-1,-1
2100,2,564.33,87.54,96.10,80.53,0.61,-1,-1,-1
2100,56,976.17,218.32,155.58,130.39,0.59,-1,-1,-1
2100,59,710.26,44.19,85.65,42.83,0.65,-1,-1,-1
2101,1,1284.79,359.69,235.59,183.52,0.86,-1,-1,-1
2101,2,564.25,90.65,96.33,77.15,0.62,-1,-1,-1
2101,56,981.90,214.77,145.09,128.37,0.83,-1,-1,-1
2101,59,745.18,45.82,65.16,41.42,0.52,-1,-1,-1
2102,1,1284.66,359.80,235.77,183.24,0.86,-1,-1,-1
2102,2,564.33,91.17,96.12,76.57,0.66,-1,-1,-1
2102,48,930.51,78.47,83.45,66.84,0.51,-1,-1,-1
2102,56,981.30,210.30,142.78,127.48,0.83,-1,-1,-1
2103,1,1286.50,360.01,233.66,182.78,0.87,-1,-1,-1
2103,2,563.12,93.07,97.18,74.98,0.69,-1,-1,-1
2103,56,971.92,207.99,149.42,123.48,0.85,-1,-1,-1
2104,1,1286.53,359.65,233.31,182.69,0.87,-1,-1,-1
2104,2,563.40,94.93,97.02,73.25,0.70,-1,-1,-1
2104,56,971.77,203.96,146.12,123.15,0.82,-1,-1,-1
2104,59,775.25,46.63,94.16,42.02,0.59,-1,-1,-1
2105,1,1286.40,359.71,233.65,182.82,0.86,-1,-1,-1
2105,2,563.49,95.57,96.90,72.66,0.70,-1,-1,-1
2105,56,970.79,200.99,144.69,121.62,0.82,-1,-1,-1
2105,59,792.13,46.75,85.46,41.51,0.60,-1,-1,-1
2106,1,1286.76,359.61,233.25,182.97,0.87,-1,-1,-1
2106,2,562.89,94.93,97.49,73.26,0.70,-1,-1,-1
2106,56,968.00,198.46,145.80,119.47,0.83,-1,-1,-1
2107,1,1286.53,359.80,233.62,182.97,0.87,-1,-1,-1
2107,2,563.11,94.72,97.30,73.33,0.70,-1,-1,-1
2107,56,967.90,195.12,143.34,117.46,0.80,-1,-1,-1
2108,1,1286.65,359.56,233.47,183.20,0.87,-1,-1,-1
2108,2,562.54,96.09,97.87,72.08,0.70,-1,-1,-1
2108,56,965.68,191.99,142.23,115.80,0.82,-1,-1,-1
2109,1,1286.60,359.48,233.61,183.08,0.87,-1,-1,-1
2109,2,563.24,95.11,97.19,73.00,0.68,-1,-1,-1
2109,48,921.58,78.01,92.78,67.34,0.51,-1,-1,-1
2109,56,963.37,190.61,142.05,112.30,0.86,-1,-1,-1
2110,1,1286.59,359.74,233.61,182.83,0.87,-1,-1,-1
2110,2,563.66,95.50,96.71,72.67,0.63,-1,-1,-1
2110,48,924.69,77.48,89.62,67.68,0.53,-1,-1,-1
2110,56,962.02,188.41,139.59,108.96,0.85,-1,-1,-1
2111,1,1285.99,358.99,234.29,183.49,0.87,-1,-1,-1
2111,2,563.54,94.69,96.64,73.38,0.65,-1,-1,-1
2111,56,962.38,183.92,135.24,108.59,0.85,-1,-1,-1
2112,1,1284.43,358.71,236.05,183.88,0.87,-1,-1,-1
2112,2,564.44,94.66,96.00,73.07,0.66,-1,-1,-1
2112,48,927.53,75.50,88.31,69.80,0.51,-1,-1,-1
2112,56,962.32,180.68,132.22,107.01,0.84,-1,-1,-1
2113,1,1284.33,358.77,236.52,183.61,0.87,-1,-1,-1
2113,2,563.90,93.85,96.53,73.79,0.66,-1,-1,-1
2113,56,960.36,176.30,131.81,109.20,0.83,-1,-1,-1
2114,1,1284.27,358.28,236.47,184.80,0.87,-1,-1,-1
2114,2,563.92,92.11,96.49,75.59,0.64,-1,-1,-1
2114,48,925.68,77.37,88.77,67.40,0.54,-1,-1,-1
2114,56,957.58,174.43,131.90,105.46,0.86,-1,-1,-1
2115,1,1284.93,358.28,235.69,184.98,0.87,-1,-1,-1
2115,2,563.46,91.52,96.96,76.09,0.66,-1,-1,-1
2115,48,925.79,77.76,88.42,66.66,0.57,-1,-1,-1
2115,56,957.59,171.24,129.37,104.77,0.89,-1,-1,-1
2116,1,1284.82,357.81,235.01,184.81,0.87,-1,-1,-1
2116,2,563.43,91.40,97.08,76.28,0.66,-1,-1,-1
2116,48,929.37,77.87,83.52,66.31,0.54,-1,-1,-1
2116,56,951.19,169.32,131.97,103.89,0.87,-1,-1,-1
2117,1,1284.66,357.69,235.22,184.93,0.87,-1,-1,-1
2117,2,563.48,92.27,97.11,75.33,0.67,-1,-1,-1
2117,48,926.44,77.85,86.97,66.58,0.58,-1,-1,-1
2117,56,949.12,168.80,129.96,101.30,0.86,-1,-1,-1
2118,1,1284.57,357.55,235.32,185.05,0.87,-1,-1,-1
2118,2,563.67,90.87,98.75,78.56,0.66,-1,-1,-1
2118,48,927.72,77.20,86.02,67.28,0.67,-1,-1,-1
2118,56,946.80,166.42,128.96,99.59,0.80,-1,-1,-1
2119,1,1284.57,357.87,235.33,184.74,0.87,-1,-1,-1
2119,2,563.74,88.90,96.76,78.79,0.68,-1,-1,-1
2119,48,928.29,76.77,85.31,67.58,0.69,-1,-1,-1
2119,56,948.95,165.67,122.72,98.38,0.79,-1,-1,-1
2120,1,1284.49,357.77,235.57,184.77,0.87,-1,-1,-1
2120,2,563.47,82.98,97.10,84.84,0.66,-1,-1,-1
2120,48,928.69,76.80,85.04,67.37,0.68,-1,-1,-1
2120,56,948.27,163.32,120.68,97.78,0.83,-1,-1,-1
2121,1,1284.65,357.85,235.26,184.60,0.87,-1,-1,-1
2121,2,563.61,84.38,96.86,83.44,0.63,-1,-1,-1
2121,48,929.75,76.87,83.68,67.12,0.66,-1,-1,-1
2121,56,944.57,159.05,121.42,99.04,0.84,-1,-1,-1
2122,1,1284.71,357.68,235.16,184.68,0.87,-1,-1,-1
2122,2,563.74,84.48,96.67,83.22,0.62,-1,-1,-1
2122,48,930.72,77.17,82.59,66.75,0.64,-1,-1,-1
2122,56,942.65,156.28,120.32,98.94,0.83,-1,-1,-1
2123,1,1285.15,357.98,234.76,184.56,0.87,-1,-1,-1
2123,2,563.86,84.98,96.79,82.79,0.61,-1,-1,-1
2123,48,929.33,77.27,84.01,66.28,0.67,-1,-1,-1
2123,56,941.47,155.28,117.62,97.60,0.78,-1,-1,-1
2124,1,1285.24,357.99,234.49,184.65,0.87,-1,-1,-1
2124,2,563.84,83.09,96.87,84.73,0.61,-1,-1,-1
2124,48,930.10,77.17,83.15,66.24,0.66,-1,-1,-1
2124,56,939.41,154.12,115.88,95.03,0.78,-1,-1,-1
2125,1,1284.78,358.37,235.09,183.84,0.86,-1,-1,-1
2125,2,564.26,82.89,96.60,84.76,0.59,-1,-1,-1
2125,48,931.57,77.72,82.02,66.83,0.65,-1,-1,-1
2125,56,937.62,149.95,116.05,95.78,0.81,-1,-1,-1
2126,1,1284.71,358.46,235.23,183.76,0.86,-1,-1,-1
2126,2,564.13,81.39,96.83,86.45,0.58,-1,-1,-1
2126,48,931.33,77.89,81.97,68.44,0.64,-1,-1,-1
2126,56,937.60,150.94,112.14,91.78,0.82,-1,-1,-1
2127,1,1284.43,358.30,235.56,184.10,0.86,-1,-1,-1
2127,2,564.33,84.58,96.32,83.30,0.60,-1,-1,-1
2127,48,931.38,77.87,82.28,70.49,0.58,-1,-1,-1
2127,56,936.87,149.29,110.00,91.24,0.79,-1,-1,-1
2128,1,1283.91,359.37,236.15,182.91,0.86,-1,-1,-1
2128,2,564.30,85.01,96.39,82.86,0.61,-1,-1,-1
2128,48,929.65,78.21,84.33,69.78,0.61,-1,-1,-1
2128,56,932.23,147.05,112.47,90.07,0.80,-1,-1,-1
2129,1,1283.75,358.77,236.32,183.51,0.86,-1,-1,-1
2129,2,564.31,87.34,96.47,80.52,0.62,-1,-1,-1
2129,48,929.95,77.92,84.01,66.40,0.57,-1,-1,-1
2129,56,931.70,145.61,111.64,90.57,0.81,-1,-1,-1
2130,1,1283.63,359.12,236.48,183.20,0.86,-1,-1,-1
2130,2,564.26,85.72,96.59,81.96,0.61,-1,-1,-1
2130,48,930.58,77.53,83.57,65.00,0.57,-1,-1,-1
2130,56,928.83,144.24,112.25,88.16,0.81,-1,-1,-1
2131,1,1283.60,358.06,236.36,183.94,0.86,-1,-1,-1
2131,2,564.32,85.61,96.43,82.08,0.64,-1,-1,-1
2131,56,926.23,141.43,112.11,88.76,0.74,-1,-1,-1
2132,1,1283.58,357.62,236.39,184.47,0.86,-1,-1,-1
2132,2,564.44,85.67,96.31,81.95,0.64,-1,-1,-1
2132,56,925.55,138.87,110.11,88.79,0.81,-1,-1,-1
2133,1,1283.67,356.86,236.38,185.48,0.86,-1,-1,-1
2133,2,564.33,85.13,96.25,82.55,0.66,-1,-1,-1
2133,56,923.30,134.24,109.75,91.80,0.78,-1,-1,-1
2134,1,1283.96,357.08,236.00,185.55,0.86,-1,-1,-1
2134,2,563.14,84.37,97.07,83.36,0.68,-1,-1,-1
2134,56,923.54,126.53,107.90,94.97,0.57,-1,-1,-1
2135,1,1283.94,358.32,236.12,183.75,0.87,-1,-1,-1
2135,2,562.36,81.19,98.19,86.64,0.71,-1,-1,-1
2135,56,923.91,126.27,104.00,91.34,0.70,-1,-1,-1
2136,1,1284.57,358.60,235.69,183.46,0.87,-1,-1,-1
2136,2,562.42,79.88,98.25,87.68,0.71,-1,-1,-1
2136,56,922.84,126.93,102.70,89.13,0.84,-1,-1,-1
2137,1,1284.21,357.95,236.44,184.05,0.87,-1,-1,-1
2137,2,562.58,79.49,97.92,88.10,0.72,-1,-1,-1
2137,56,921.09,124.49,102.41,89.16,0.82,-1,-1,-1
2138,1,1284.20,357.77,236.49,184.14,0.87,-1,-1,-1
2138,2,562.31,80.14,98.06,87.53,0.71,-1,-1,-1
2139,1,1284.31,358.03,236.22,183.80,0.86,-1,-1,-1
2139,2,562.33,78.47,98.46,89.21,0.71,-1,-1,-1
2139,56,917.93,116.09,101.29,92.35,0.55,-1,-1,-1
2140,1,1284.42,358.19,235.98,183.95,0.86,-1,-1,-1
2140,2,562.70,78.94,98.71,88.40,0.70,-1,-1,-1
2140,56,916.44,117.16,101.36,88.13,0.72,-1,-1,-1
2141,1,1284.40,357.66,235.93,184.30,0.86,-1,-1,-1
2141,2,562.18,78.65,98.78,88.90,0.67,-1,-1,-1
2141,56,916.94,116.18,99.86,87.99,0.62,-1,-1,-1
