1,1,560.82,93.56,99.20,75.56,0.61,-1,-1,-1
1,2,936.38,80.33,73.43,63.63,0.59,-1,-1,-1
2,1,561.02,96.41,98.95,72.82,0.61,-1,-1,-1
2,2,936.74,80.55,73.04,63.13,0.59,-1,-1,-1
3,1,561.07,96.65,98.95,72.66,0.62,-1,-1,-1
3,2,936.69,80.38,73.15,63.35,0.59,-1,-1,-1
4,1,559.29,96.51,101.04,73.27,0.67,-1,-1,-1
4,2,937.36,80.38,72.52,63.90,0.60,-1,-1,-1
5,1,560.28,97.47,99.93,72.42,0.68,-1,-1,-1
5,2,937.21,80.42,72.51,63.72,0.60,-1,-1,-1
6,1,560.10,98.09,99.99,71.88,0.67,-1,-1,-1
6,2,937.20,80.47,72.53,64.08,0.61,-1,-1,-1
7,1,559.87,98.24,100.28,71.56,0.68,-1,-1,-1
7,2,937.14,80.25,72.64,63.89,0.61,-1,-1,-1
8,1,559.90,98.39,100.36,71.43,0.67,-1,-1,-1
8,2,937.38,80.04,72.40,63.86,0.60,-1,-1,-1
8,3,1286.17,356.89,232.22,184.73,0.50,-1,-1,-1
9,1,559.23,99.09,100.88,70.81,0.67,-1,-1,-1
9,2,937.51,79.97,72.51,64.27,0.60,-1,-1,-1
9,3,1286.18,356.76,232.24,184.69,0.51,-1,-1,-1
10,1,559.72,95.76,100.45,73.99,0.63,-1,-1,-1
10,2,937.01,80.01,73.31,64.32,0.61,-1,-1,-1
10,3,1286.65,357.30,231.77,184.26,0.55,-1,-1,-1
11,1,559.75,95.85,100.48,73.98,0.62,-1,-1,-1
11,2,936.93,80.13,73.40,64.22,0.61,-1,-1,-1
11,3,1286.67,357.61,231.90,183.54,0.57,-1,-1,-1
12,1,560.04,95.18,100.26,74.73,0.63,-1,-1,-1
12,2,936.88,80.14,73.27,64.31,0.60,-1,-1,-1
12,3,1286.99,357.58,231.59,183.32,0.57,-1,-1,-1
13,1,558.54,92.96,102.30,77.34,0.66,-1,-1,-1
13,2,936.85,80.69,72.97,63.60,0.61,-1,-1,-1
13,3,1286.83,358.22,231.62,182.99,0.64,-1,-1,-1
14,1,558.20,94.35,102.52,76.26,0.68,-1,-1,-1
14,2,936.70,80.32,73.14,63.97,0.62,-1,-1,-1
14,3,1286.49,357.83,231.98,183.01,0.61,-1,-1,-1
15,1,557.99,94.43,102.71,76.24,0.67,-1,-1,-1
15,2,936.71,80.29,73.17,64.06,0.62,-1,-1,-1
15,3,1286.33,357.82,232.22,183.09,0.61,-1,-1,-1
16,1,558.44,95.10,102.27,75.50,0.66,-1,-1,-1
16,2,936.65,80.32,73.18,64.11,0.63,-1,-1,-1
16,3,1286.29,357.84,232.23,183.04,0.59,-1,-1,-1
17,1,558.66,94.49,101.97,76.03,0.65,-1,-1,-1
17,2,936.72,80.36,73.05,64.07,0.62,-1,-1,-1
17,3,1286.26,357.42,232.35,183.67,0.61,-1,-1,-1
18,1,557.21,93.76,103.19,76.46,0.64,-1,-1,-1
18,2,936.98,79.71,72.61,64.20,0.62,-1,-1,-1
18,3,1286.67,357.12,231.86,184.16,0.63,-1,-1,-1
19,1,557.88,94.90,102.50,75.24,0.64,-1,-1,-1
19,2,937.17,79.76,72.43,63.86,0.63,-1,-1,-1
19,3,1286.78,357.07,231.53,183.76,0.66,-1,-1,-1
20,1,558.26,94.02,102.25,76.40,0.67,-1,-1,-1
20,2,937.12,79.87,72.42,64.18,0.66,-1,-1,-1
20,3,1286.94,356.91,231.48,183.59,0.66,-1,-1,-1
21,1,558.59,93.41,101.93,76.93,0.68,-1,-1,-1
21,2,937.21,79.93,72.32,64.26,0.65,-1,-1,-1
21,3,1287.06,357.18,231.39,183.15,0.66,-1,-1,-1
22,1,558.31,91.93,102.05,78.28,0.68,-1,-1,-1
22,2,937.28,79.92,72.02,64.25,0.67,-1,-1,-1
22,3,1286.93,357.12,231.37,183.30,0.67,-1,-1,-1
23,1,558.61,91.13,101.74,79.14,0.70,-1,-1,-1
23,2,937.69,79.82,71.51,64.20,0.66,-1,-1,-1
23,3,1286.49,356.65,231.72,183.86,0.65,-1,-1,-1
24,1,558.20,90.63,102.04,79.30,0.68,-1,-1,-1
24,2,937.07,79.77,72.10,64.07,0.65,-1,-1,-1
24,3,1286.29,356.72,231.87,183.84,0.64,-1,-1,-1
25,1,560.65,91.73,99.45,77.71,0.67,-1,-1,-1
25,2,937.06,79.99,72.53,64.18,0.63,-1,-1,-1
25,3,1286.00,356.05,231.93,184.85,0.59,-1,-1,-1
26,1,560.57,90.86,99.63,78.60,0.66,-1,-1,-1
26,2,937.02,79.99,72.55,64.22,0.62,-1,-1,-1
26,3,1285.95,356.06,232.01,184.87,0.58,-1,-1,-1
27,1,560.33,89.88,99.87,79.53,0.65,-1,-1,-1
27,2,937.04,80.03,72.54,64.17,0.63,-1,-1,-1
27,3,1285.98,356.05,231.98,184.83,0.58,-1,-1,-1
28,1,560.79,89.89,99.36,79.52,0.65,-1,-1,-1
28,2,937.12,80.02,72.44,64.14,0.63,-1,-1,-1
28,3,1285.98,356.03,232.04,184.89,0.58,-1,-1,-1
29,1,560.81,90.08,99.28,79.25,0.66,-1,-1,-1
29,2,937.34,80.01,72.25,64.18,0.63,-1,-1,-1
29,3,1285.99,356.05,232.00,184.86,0.60,-1,-1,-1
30,1,560.68,90.30,99.35,79.01,0.65,-1,-1,-1
30,2,937.31,79.91,72.33,64.22,0.63,-1,-1,-1
30,3,1285.90,356.04,232.09,184.77,0.58,-1,-1,-1
31,1,561.54,92.64,98.70,76.83,0.66,-1,-1,-1
31,2,937.00,80.22,73.20,63.85,0.63,-1,-1,-1
31,3,1286.61,357.07,231.55,184.24,0.61,-1,-1,-1
32,1,561.25,94.11,99.10,75.91,0.67,-1,-1,-1
32,2,937.39,79.81,73.12,64.21,0.64,-1,-1,-1
32,3,1286.99,356.92,231.38,184.70,0.65,-1,-1,-1
33,1,562.27,91.29,98.17,78.86,0.66,-1,-1,-1
33,2,936.92,80.20,73.37,64.10,0.60,-1,-1,-1
33,3,1287.14,357.22,231.56,184.23,0.68,-1,-1,-1
34,1,561.71,93.17,98.53,76.95,0.67,-1,-1,-1
34,2,936.95,80.42,73.55,63.49,0.61,-1,-1,-1
34,3,1287.16,357.41,231.70,183.63,0.68,-1,-1,-1
35,1,562.26,93.45,97.81,76.44,0.65,-1,-1,-1
35,2,936.72,80.57,73.80,63.82,0.60,-1,-1,-1
35,3,1287.24,356.90,231.71,184.21,0.70,-1,-1,-1
36,1,562.23,94.34,97.87,75.56,0.65,-1,-1,-1
36,2,936.73,80.47,73.66,63.62,0.62,-1,-1,-1
36,3,1287.20,356.96,231.75,184.26,0.70,-1,-1,-1
37,1,561.69,96.56,98.64,73.23,0.62,-1,-1,-1
37,2,936.56,80.85,73.76,63.62,0.61,-1,-1,-1
37,3,1286.97,357.53,232.11,184.06,0.67,-1,-1,-1
38,1,562.23,95.35,98.56,75.00,0.63,-1,-1,-1
38,2,936.72,81.23,73.66,63.18,0.57,-1,-1,-1
38,3,1286.58,357.56,232.36,184.32,0.69,-1,-1,-1
39,1,561.81,95.06,98.94,75.20,0.61,-1,-1,-1
39,2,937.36,82.79,73.40,63.96,0.56,-1,-1,-1
39,3,1286.77,357.63,232.41,184.41,0.67,-1,-1,-1
40,1,562.04,95.26,98.65,74.69,0.60,-1,-1,-1
40,2,936.59,81.48,73.79,62.89,0.56,-1,-1,-1
40,3,1286.83,357.84,232.29,184.22,0.67,-1,-1,-1
41,1,562.04,94.55,98.69,75.49,0.60,-1,-1,-1
41,2,936.85,81.27,73.35,63.01,0.60,-1,-1,-1
41,3,1286.98,357.18,232.04,184.73,0.67,-1,-1,-1
42,1,561.60,93.73,98.71,76.04,0.62,-1,-1,-1
42,2,936.71,81.15,73.60,63.11,0.62,-1,-1,-1
42,3,1286.75,357.23,232.24,184.19,0.67,-1,-1,-1
43,1,561.38,94.58,98.95,75.33,0.64,-1,-1,-1
43,2,936.59,81.08,73.36,63.17,0.64,-1,-1,-1
43,3,1286.59,356.80,232.40,184.57,0.65,-1,-1,-1
44,1,561.36,91.75,99.12,77.90,0.67,-1,-1,-1
44,2,936.78,80.88,72.84,62.68,0.67,-1,-1,-1
44,3,1286.11,356.48,232.80,185.00,0.60,-1,-1,-1
45,1,562.37,93.93,98.08,75.79,0.66,-1,-1,-1
45,2,936.54,80.69,72.96,63.07,0.66,-1,-1,-1
45,3,1286.29,356.07,232.43,184.93,0.60,-1,-1,-1
46,1,562.54,92.24,98.17,76.96,0.68,-1,-1,-1
46,2,936.64,80.29,72.94,63.47,0.63,-1,-1,-1
46,3,1286.48,355.41,231.90,185.54,0.56,-1,-1,-1
47,1,562.09,91.36,98.51,77.90,0.68,-1,-1,-1
47,2,937.05,80.21,72.42,63.29,0.63,-1,-1,-1
47,3,1286.01,355.58,232.15,185.26,0.58,-1,-1,-1
48,1,561.60,91.27,98.97,78.08,0.67,-1,-1,-1
48,2,937.16,80.25,72.33,63.21,0.63,-1,-1,-1
48,3,1285.99,355.67,232.20,185.25,0.57,-1,-1,-1
49,1,562.80,93.16,97.80,76.33,0.68,-1,-1,-1
49,2,936.87,80.65,72.37,62.71,0.64,-1,-1,-1
49,3,1285.88,355.68,231.24,184.32,0.57,-1,-1,-1
50,1,562.71,91.69,97.93,77.85,0.69,-1,-1,-1
50,2,936.80,80.71,72.44,62.62,0.64,-1,-1,-1
50,3,1285.89,355.65,231.25,184.58,0.57,-1,-1,-1
51,1,562.86,91.61,97.77,78.02,0.69,-1,-1,-1
51,2,936.77,80.75,72.69,62.60,0.64,-1,-1,-1
51,3,1285.92,355.66,231.12,184.52,0.58,-1,-1,-1
52,1,562.83,91.94,97.73,77.56,0.68,-1,-1,-1
52,2,936.78,80.76,72.60,62.22,0.65,-1,-1,-1
52,3,1285.84,355.69,231.25,184.46,0.57,-1,-1,-1
53,1,561.58,91.75,98.99,77.77,0.66,-1,-1,-1
53,2,937.30,80.48,72.06,62.68,0.64,-1,-1,-1
53,3,1286.89,356.19,231.62,184.80,0.57,-1,-1,-1
54,1,562.34,91.87,98.13,78.02,0.68,-1,-1,-1
54,2,937.25,80.87,72.35,62.26,0.62,-1,-1,-1
54,3,1287.13,355.96,231.45,184.82,0.57,-1,-1,-1
55,1,561.63,90.93,98.94,78.74,0.68,-1,-1,-1
55,2,937.24,80.97,72.75,62.35,0.63,-1,-1,-1
55,3,1287.44,356.39,231.17,184.77,0.60,-1,-1,-1
56,1,561.84,91.84,98.82,78.00,0.69,-1,-1,-1
56,2,937.65,80.78,72.16,62.24,0.65,-1,-1,-1
56,3,1286.88,356.21,231.88,185.00,0.66,-1,-1,-1
57,1,561.55,93.21,99.23,76.85,0.69,-1,-1,-1
57,2,936.91,81.28,72.91,62.23,0.64,-1,-1,-1
57,3,1286.76,356.65,232.30,184.78,0.68,-1,-1,-1
58,1,561.83,97.38,98.91,73.01,0.67,-1,-1,-1
58,2,936.64,81.84,73.43,62.34,0.63,-1,-1,-1
58,3,1286.66,357.15,232.49,184.10,0.73,-1,-1,-1
59,1,562.59,97.97,97.93,72.27,0.64,-1,-1,-1
59,2,936.56,81.77,73.50,62.33,0.61,-1,-1,-1
59,3,1286.56,357.29,232.59,184.32,0.73,-1,-1,-1
60,1,562.86,98.99,97.50,70.29,0.57,-1,-1,-1
60,2,936.47,81.13,74.20,63.10,0.58,-1,-1,-1
60,3,1285.13,356.94,232.25,182.94,0.68,-1,-1,-1
61,1,562.52,97.82,98.04,71.78,0.58,-1,-1,-1
61,2,936.39,80.93,74.10,63.47,0.56,-1,-1,-1
61,3,1285.25,356.96,232.07,182.81,0.66,-1,-1,-1
62,1,561.84,96.61,99.12,73.31,0.62,-1,-1,-1
62,2,936.38,80.65,74.27,63.57,0.55,-1,-1,-1
62,3,1285.42,356.34,231.90,183.53,0.66,-1,-1,-1
63,1,562.63,96.32,98.05,73.62,0.63,-1,-1,-1
63,2,936.60,80.03,73.98,64.14,0.57,-1,-1,-1
63,3,1285.21,356.27,232.29,183.40,0.65,-1,-1,-1
64,1,562.30,93.79,98.46,76.34,0.65,-1,-1,-1
64,2,936.63,80.77,73.56,63.37,0.57,-1,-1,-1
64,3,1285.23,356.17,232.01,183.26,0.64,-1,-1,-1
65,1,562.14,94.84,98.61,75.57,0.65,-1,-1,-1
65,2,936.58,80.74,73.52,63.43,0.58,-1,-1,-1
65,3,1285.46,355.61,232.29,184.03,0.64,-1,-1,-1
66,1,561.91,96.37,98.79,73.76,0.68,-1,-1,-1
66,2,935.74,80.81,74.16,63.18,0.56,-1,-1,-1
66,3,1285.22,355.86,232.25,183.76,0.62,-1,-1,-1
67,1,562.26,96.65,98.50,73.14,0.65,-1,-1,-1
67,2,937.07,80.63,73.69,66.05,0.56,-1,-1,-1
67,3,1285.32,356.16,231.62,183.34,0.60,-1,-1,-1
68,1,562.47,95.63,98.13,74.11,0.66,-1,-1,-1
68,2,936.87,80.54,73.27,66.31,0.57,-1,-1,-1
68,3,1285.07,356.18,231.83,183.80,0.59,-1,-1,-1
69,1,561.95,97.03,98.32,72.85,0.64,-1,-1,-1
69,2,936.56,79.54,73.24,63.66,0.58,-1,-1,-1
69,3,1285.06,356.57,232.19,183.42,0.62,-1,-1,-1
70,1,561.82,96.76,98.47,73.04,0.65,-1,-1,-1
70,2,936.50,80.73,73.98,65.61,0.58,-1,-1,-1
70,3,1284.99,356.18,232.09,183.91,0.60,-1,-1,-1
71,1,561.83,96.29,98.56,73.53,0.66,-1,-1,-1
71,2,936.71,80.67,73.69,65.74,0.58,-1,-1,-1
71,3,1284.94,356.18,231.97,184.04,0.62,-1,-1,-1
72,1,562.13,99.41,98.48,70.08,0.63,-1,-1,-1
72,2,936.93,79.57,73.12,62.79,0.58,-1,-1,-1
72,3,1284.87,355.10,231.79,184.58,0.58,-1,-1,-1
73,1,563.05,99.92,97.56,70.01,0.68,-1,-1,-1
73,2,936.34,80.00,73.94,62.96,0.63,-1,-1,-1
73,3,1285.20,355.21,231.01,184.46,0.55,-1,-1,-1
74,1,563.16,101.72,97.63,68.44,0.66,-1,-1,-1
74,2,936.37,79.91,73.53,63.23,0.64,-1,-1,-1
74,3,1285.25,355.14,231.19,184.90,0.59,-1,-1,-1
75,1,563.07,101.46,97.81,68.61,0.63,-1,-1,-1
75,2,935.77,80.04,73.86,63.80,0.64,-1,-1,-1
75,3,1285.46,355.19,230.91,184.98,0.55,-1,-1,-1
76,1,563.03,101.10,97.87,68.99,0.63,-1,-1,-1
76,2,935.74,80.42,74.60,63.53,0.63,-1,-1,-1
76,3,1285.37,355.11,231.20,184.97,0.53,-1,-1,-1
77,1,563.00,101.03,97.67,69.14,0.64,-1,-1,-1
77,2,935.91,80.44,74.43,63.40,0.63,-1,-1,-1
77,3,1285.22,355.57,231.28,184.56,0.57,-1,-1,-1
78,1,563.20,99.40,97.53,70.69,0.65,-1,-1,-1
78,2,936.01,80.60,74.28,63.02,0.62,-1,-1,-1
78,3,1285.09,355.53,231.33,184.53,0.60,-1,-1,-1
79,1,562.53,99.54,98.13,70.60,0.64,-1,-1,-1
79,2,936.92,79.92,73.32,63.19,0.63,-1,-1,-1
79,3,1285.44,355.95,231.18,184.06,0.59,-1,-1,-1
80,1,562.90,99.85,97.69,70.53,0.63,-1,-1,-1
80,2,936.76,80.29,73.12,62.83,0.64,-1,-1,-1
80,3,1285.59,355.79,231.08,184.27,0.58,-1,-1,-1
81,1,562.75,101.32,97.86,69.17,0.63,-1,-1,-1
81,2,936.73,80.37,73.37,62.85,0.65,-1,-1,-1
81,3,1285.29,355.82,231.42,184.29,0.56,-1,-1,-1
82,1,562.46,100.34,98.07,70.36,0.63,-1,-1,-1
82,2,936.68,80.49,73.48,62.60,0.64,-1,-1,-1
82,3,1285.17,356.09,231.60,183.95,0.57,-1,-1,-1
83,1,562.37,100.71,98.01,69.94,0.63,-1,-1,-1
83,2,936.62,80.42,73.42,62.60,0.64,-1,-1,-1
83,3,1285.14,356.05,231.70,184.02,0.58,-1,-1,-1
84,1,562.76,100.65,97.87,69.82,0.62,-1,-1,-1
84,2,936.69,80.51,73.41,62.33,0.63,-1,-1,-1
84,3,1285.27,355.99,231.73,183.92,0.59,-1,-1,-1
85,1,563.77,97.19,96.80,73.13,0.64,-1,-1,-1
85,2,935.46,80.62,74.33,62.41,0.62,-1,-1,-1
85,3,1285.22,355.41,232.16,184.32,0.60,-1,-1,-1
86,1,563.92,97.51,96.72,72.84,0.64,-1,-1,-1
86,2,935.55,80.63,74.24,62.37,0.62,-1,-1,-1
86,3,1285.24,355.45,232.13,184.18,0.60,-1,-1,-1
87,1,563.52,100.29,97.10,69.83,0.62,-1,-1,-1
87,2,935.83,80.33,73.70,62.37,0.62,-1,-1,-1
87,3,1285.10,355.39,232.21,184.21,0.60,-1,-1,-1
88,1,563.10,93.02,97.42,76.94,0.68,-1,-1,-1
88,2,935.77,80.45,73.71,62.16,0.63,-1,-1,-1
88,3,1285.26,355.26,231.80,184.66,0.58,-1,-1,-1
89,1,562.76,91.26,97.70,78.36,0.66,-1,-1,-1
89,2,935.53,80.53,73.61,61.90,0.63,-1,-1,-1
89,3,1285.09,355.37,231.59,184.24,0.57,-1,-1,-1
90,1,562.03,94.43,98.53,75.43,0.61,-1,-1,-1
90,2,935.33,80.28,74.00,62.16,0.61,-1,-1,-1
90,3,1284.97,355.21,231.76,184.67,0.56,-1,-1,-1
91,1,562.87,99.55,97.93,69.93,0.54,-1,-1,-1
91,2,935.27,80.26,73.95,62.40,0.63,-1,-1,-1
91,3,1284.88,355.24,231.77,184.62,0.51,-1,-1,-1
92,1,562.48,89.56,98.73,80.30,0.62,-1,-1,-1
92,2,934.68,81.03,74.36,62.44,0.60,-1,-1,-1
92,3,1284.97,355.39,231.64,184.59,0.51,-1,-1,-1
93,1,562.19,97.37,98.99,72.82,0.60,-1,-1,-1
93,2,935.17,80.64,73.90,62.39,0.59,-1,-1,-1
93,3,1284.83,355.36,231.78,184.54,0.54,-1,-1,-1
94,1,562.15,99.65,98.69,70.72,0.64,-1,-1,-1
94,2,931.61,81.14,79.07,63.20,0.53,-1,-1,-1
94,3,1284.90,354.96,231.67,184.89,0.55,-1,-1,-1
95,1,562.50,98.01,98.31,72.28,0.66,-1,-1,-1
95,2,934.95,79.17,74.56,64.26,0.57,-1,-1,-1
95,3,1284.74,354.93,231.95,184.99,0.57,-1,-1,-1
96,1,562.96,94.93,97.74,75.51,0.68,-1,-1,-1
96,2,935.70,78.31,73.44,65.88,0.51,-1,-1,-1
96,3,1284.44,354.42,232.42,185.31,0.58,-1,-1,-1
97,1,562.90,95.31,97.99,74.69,0.69,-1,-1,-1
97,2,932.60,80.08,76.53,64.84,0.56,-1,-1,-1
97,3,1284.29,355.04,232.83,185.07,0.53,-1,-1,-1
97,4,700.86,49.16,84.03,40.46,0.58,-1,-1,-1
98,1,563.30,96.80,97.29,72.96,0.69,-1,-1,-1
98,2,934.30,79.81,74.81,64.09,0.63,-1,-1,-1
98,3,1284.38,355.03,232.64,185.04,0.52,-1,-1,-1
99,1,563.59,98.73,97.11,70.95,0.65,-1,-1,-1
99,2,933.29,81.11,75.77,63.31,0.65,-1,-1,-1
99,3,1284.44,354.98,232.37,185.17,0.51,-1,-1,-1
100,1,563.07,95.90,97.15,73.59,0.68,-1,-1,-1
100,2,934.48,81.05,75.74,63.21,0.66,-1,-1,-1
100,3,1285.00,355.19,230.99,184.21,0.60,-1,-1,-1
101,1,563.63,97.21,96.80,72.36,0.64,-1,-1,-1
101,2,935.00,81.32,75.24,63.32,0.64,-1,-1,-1
101,3,1284.86,355.11,231.17,184.41,0.60,-1,-1,-1
102,1,563.33,102.59,96.43,67.00,0.65,-1,-1,-1
102,2,936.56,82.53,73.03,62.98,0.58,-1,-1,-1
102,3,1286.11,357.04,229.98,182.12,0.65,-1,-1,-1
103,1,563.05,100.06,97.59,69.67,0.71,-1,-1,-1
103,2,936.13,80.94,73.93,62.99,0.60,-1,-1,-1
103,3,1286.23,356.19,229.86,182.99,0.65,-1,-1,-1
104,1,563.82,100.02,96.77,69.69,0.66,-1,-1,-1
104,2,936.36,80.86,73.39,62.70,0.59,-1,-1,-1
104,3,1286.12,356.20,229.95,182.66,0.66,-1,-1,-1
105,1,563.65,95.27,96.94,74.80,0.68,-1,-1,-1
105,2,934.70,83.35,74.76,62.98,0.60,-1,-1,-1
105,3,1286.12,356.47,229.76,182.50,0.65,-1,-1,-1
106,1,563.06,93.42,97.37,76.56,0.66,-1,-1,-1
106,2,935.11,82.21,74.46,62.28,0.59,-1,-1,-1
106,3,1286.08,356.41,229.85,182.63,0.63,-1,-1,-1
107,1,562.58,92.27,97.79,77.74,0.69,-1,-1,-1
107,2,934.92,82.03,75.00,62.73,0.67,-1,-1,-1
107,3,1286.29,356.53,229.59,182.55,0.65,-1,-1,-1
108,1,562.71,91.32,97.56,78.52,0.67,-1,-1,-1
108,2,936.33,82.41,73.33,62.87,0.63,-1,-1,-1
108,3,1286.42,356.61,229.52,182.62,0.63,-1,-1,-1
109,1,563.73,96.35,96.27,73.59,0.63,-1,-1,-1
109,2,936.45,82.46,72.60,62.88,0.67,-1,-1,-1
109,3,1286.49,357.23,229.90,182.34,0.65,-1,-1,-1
110,1,563.16,97.09,96.72,72.90,0.61,-1,-1,-1
110,2,936.95,81.64,72.37,63.65,0.64,-1,-1,-1
110,3,1286.40,357.20,230.04,182.43,0.64,-1,-1,-1
111,1,563.20,95.38,96.54,74.49,0.61,-1,-1,-1
111,2,936.08,82.45,73.44,62.36,0.70,-1,-1,-1
111,3,1286.38,357.33,229.82,182.20,0.65,-1,-1,-1
112,1,563.09,97.31,96.68,72.65,0.60,-1,-1,-1
112,2,936.19,81.49,73.47,63.04,0.66,-1,-1,-1
112,3,1286.37,357.20,229.84,182.35,0.65,-1,-1,-1
113,1,562.77,98.89,97.06,71.06,0.60,-1,-1,-1
113,2,936.11,81.23,74.16,63.06,0.62,-1,-1,-1
113,3,1286.36,357.19,229.72,182.32,0.64,-1,-1,-1
114,1,562.37,90.18,97.76,79.61,0.63,-1,-1,-1
114,2,937.07,80.95,73.08,63.35,0.61,-1,-1,-1
114,3,1286.43,357.08,229.71,182.45,0.64,-1,-1,-1
115,1,563.63,94.21,96.43,75.19,0.58,-1,-1,-1
115,2,936.79,81.05,73.25,62.99,0.59,-1,-1,-1
115,3,1286.49,356.91,229.72,182.81,0.60,-1,-1,-1
116,1,564.04,93.75,96.07,75.21,0.59,-1,-1,-1
116,2,935.22,82.87,74.30,62.50,0.56,-1,-1,-1
116,3,1286.18,356.67,229.96,183.14,0.64,-1,-1,-1
117,1,564.47,97.22,95.27,71.08,0.55,-1,-1,-1
117,2,934.30,82.19,75.19,62.84,0.62,-1,-1,-1
117,3,1285.96,357.08,230.15,182.70,0.66,-1,-1,-1
118,1,563.20,90.91,97.91,76.30,0.57,-1,-1,-1
118,2,934.87,81.66,74.29,62.60,0.62,-1,-1,-1
118,3,1285.76,356.91,230.45,182.97,0.65,-1,-1,-1
119,1,563.87,95.86,96.01,73.72,0.64,-1,-1,-1
119,2,936.39,81.52,74.73,63.91,0.54,-1,-1,-1
119,3,1285.80,356.82,230.29,183.02,0.64,-1,-1,-1
120,1,563.36,94.72,96.66,74.91,0.62,-1,-1,-1
120,3,1285.90,356.67,230.08,183.06,0.64,-1,-1,-1
121,1,562.40,94.19,97.71,75.39,0.56,-1,-1,-1
121,3,1285.83,356.52,230.26,183.38,0.64,-1,-1,-1
122,1,562.69,91.72,97.48,77.72,0.61,-1,-1,-1
122,2,936.23,82.05,72.69,63.00,0.63,-1,-1,-1
122,3,1285.77,356.56,230.32,183.29,0.64,-1,-1,-1
123,1,562.86,95.78,97.23,73.52,0.59,-1,-1,-1
123,2,936.15,81.77,73.88,62.73,0.56,-1,-1,-1
123,3,1285.85,356.65,230.29,183.19,0.64,-1,-1,-1
124,1,562.54,90.33,97.70,79.36,0.66,-1,-1,-1
124,2,936.67,81.02,73.87,63.14,0.59,-1,-1,-1
124,3,1285.80,356.42,230.28,183.41,0.64,-1,-1,-1
125,1,562.25,95.56,97.39,74.15,0.66,-1,-1,-1
125,2,937.03,80.62,73.21,63.35,0.61,-1,-1,-1
125,3,1286.07,357.28,229.90,182.42,0.65,-1,-1,-1
126,1,563.37,101.32,96.09,68.40,0.59,-1,-1,-1
126,2,937.21,80.64,73.10,63.04,0.60,-1,-1,-1
126,3,1286.41,357.63,229.84,182.04,0.67,-1,-1,-1
127,1,562.60,99.75,97.26,69.99,0.54,-1,-1,-1
127,2,937.44,80.62,72.91,62.98,0.60,-1,-1,-1
127,3,1286.46,357.71,229.53,182.06,0.68,-1,-1,-1
128,1,562.75,100.15,97.06,69.61,0.60,-1,-1,-1
128,2,937.32,80.71,72.88,62.81,0.61,-1,-1,-1
128,3,1286.27,357.61,229.81,182.16,0.68,-1,-1,-1
129,1,561.89,100.79,97.76,69.24,0.54,-1,-1,-1
129,2,937.49,80.56,72.81,63.59,0.62,-1,-1,-1
129,3,1286.29,357.29,230.07,182.41,0.68,-1,-1,-1
130,1,560.40,93.33,101.24,76.01,0.53,-1,-1,-1
130,2,936.63,80.98,73.81,63.49,0.62,-1,-1,-1
130,3,1286.36,357.28,230.19,182.51,0.70,-1,-1,-1
131,1,562.29,100.28,97.39,69.99,0.54,-1,-1,-1
131,2,937.65,82.44,73.09,64.32,0.61,-1,-1,-1
131,3,1286.42,357.60,230.10,182.09,0.71,-1,-1,-1
132,1,562.34,98.99,97.51,70.92,0.55,-1,-1,-1
132,2,937.39,82.81,73.32,63.84,0.59,-1,-1,-1
132,3,1286.36,357.49,230.25,182.29,0.68,-1,-1,-1
133,1,563.11,92.93,96.78,76.73,0.59,-1,-1,-1
133,2,937.27,80.90,72.90,62.46,0.62,-1,-1,-1
133,3,1285.89,357.25,230.32,182.43,0.69,-1,-1,-1
134,1,563.25,91.47,96.40,78.49,0.64,-1,-1,-1
134,2,937.47,80.55,72.83,63.12,0.64,-1,-1,-1
134,3,1285.53,356.78,230.73,182.98,0.67,-1,-1,-1
135,1,563.11,91.15,96.58,78.66,0.64,-1,-1,-1
135,2,937.63,80.84,72.71,62.91,0.63,-1,-1,-1
135,3,1285.49,356.50,230.68,183.27,0.66,-1,-1,-1
136,1,563.43,92.18,96.34,77.83,0.62,-1,-1,-1
136,2,937.54,80.88,72.61,62.96,0.60,-1,-1,-1
136,3,1285.32,356.44,230.74,183.37,0.65,-1,-1,-1
137,1,563.75,92.16,96.01,77.60,0.62,-1,-1,-1
137,2,937.47,80.67,72.79,62.93,0.61,-1,-1,-1
137,3,1285.32,356.52,230.69,183.27,0.65,-1,-1,-1
138,1,563.32,91.11,96.38,78.71,0.63,-1,-1,-1
138,2,938.10,80.53,71.91,62.51,0.62,-1,-1,-1
138,3,1285.30,356.54,230.66,183.30,0.65,-1,-1,-1
139,1,563.52,91.39,96.22,78.56,0.63,-1,-1,-1
139,2,937.09,82.12,72.46,62.33,0.66,-1,-1,-1
139,3,1285.34,356.51,230.67,183.34,0.64,-1,-1,-1
140,1,562.75,93.41,96.92,75.73,0.64,-1,-1,-1
140,2,936.67,81.28,73.26,63.92,0.62,-1,-1,-1
140,3,1284.43,356.12,231.55,183.82,0.62,-1,-1,-1
141,1,563.35,93.42,96.37,75.57,0.67,-1,-1,-1
141,2,937.59,80.46,71.85,64.38,0.62,-1,-1,-1
141,3,1284.61,356.00,231.51,183.86,0.64,-1,-1,-1
142,1,563.16,93.39,96.25,75.48,0.66,-1,-1,-1
142,2,938.17,79.14,72.71,67.62,0.51,-1,-1,-1
142,3,1283.70,355.88,232.01,184.06,0.61,-1,-1,-1
143,1,562.76,94.60,96.87,74.20,0.66,-1,-1,-1
143,3,1284.00,356.05,231.45,184.23,0.60,-1,-1,-1
144,1,562.33,94.91,97.34,73.88,0.65,-1,-1,-1
144,2,936.65,81.73,72.63,63.23,0.53,-1,-1,-1
144,3,1283.86,356.01,231.72,184.09,0.57,-1,-1,-1
145,1,561.75,93.16,98.33,75.82,0.64,-1,-1,-1
145,2,936.47,81.70,73.00,63.46,0.54,-1,-1,-1
145,3,1284.10,356.30,231.39,183.74,0.56,-1,-1,-1
146,1,562.18,97.12,98.08,72.12,0.65,-1,-1,-1
146,2,937.49,80.80,72.29,64.11,0.61,-1,-1,-1
146,3,1284.31,356.26,231.24,183.95,0.54,-1,-1,-1
147,1,561.92,95.42,98.50,74.06,0.69,-1,-1,-1
147,2,938.61,80.47,71.85,63.82,0.62,-1,-1,-1
147,3,1284.18,356.10,231.60,184.13,0.56,-1,-1,-1
148,1,562.44,95.70,97.95,73.64,0.64,-1,-1,-1
148,2,938.25,81.02,71.92,63.68,0.62,-1,-1,-1
148,3,1284.51,357.34,232.01,183.18,0.56,-1,-1,-1
149,1,562.26,93.40,98.17,75.80,0.65,-1,-1,-1
149,2,937.56,80.97,72.63,63.67,0.63,-1,-1,-1
149,3,1284.90,357.18,231.70,183.43,0.55,-1,-1,-1
150,1,562.44,94.13,97.90,75.06,0.66,-1,-1,-1
150,2,937.69,80.62,72.51,64.01,0.62,-1,-1,-1
150,3,1284.82,356.94,231.77,183.67,0.54,-1,-1,-1
151,1,562.49,96.60,97.82,72.44,0.65,-1,-1,-1
151,2,937.82,80.63,72.88,63.61,0.65,-1,-1,-1
151,3,1285.14,357.16,231.11,183.50,0.56,-1,-1,-1
152,1,562.42,95.13,98.01,73.87,0.64,-1,-1,-1
152,2,938.18,80.51,72.57,63.71,0.64,-1,-1,-1
152,3,1285.26,357.36,231.17,183.20,0.56,-1,-1,-1
153,1,562.68,96.48,97.55,72.84,0.61,-1,-1,-1
153,2,938.06,80.49,72.49,64.20,0.63,-1,-1,-1
153,3,1286.04,358.21,232.32,183.11,0.58,-1,-1,-1
154,1,562.56,97.75,97.64,71.54,0.60,-1,-1,-1
154,2,937.60,80.96,73.02,63.76,0.65,-1,-1,-1
154,3,1285.87,358.37,232.53,183.07,0.60,-1,-1,-1
155,1,562.53,97.42,97.78,72.01,0.61,-1,-1,-1
155,2,937.67,80.90,72.93,63.70,0.64,-1,-1,-1
155,3,1285.17,357.40,231.66,183.06,0.60,-1,-1,-1
156,1,562.70,95.68,97.65,73.57,0.61,-1,-1,-1
156,2,937.48,80.78,73.06,63.88,0.65,-1,-1,-1
156,3,1285.92,358.23,232.67,183.20,0.60,-1,-1,-1
157,1,563.25,95.32,96.92,74.06,0.63,-1,-1,-1
157,2,937.24,81.07,72.57,63.14,0.63,-1,-1,-1
157,3,1286.28,358.12,231.98,183.04,0.54,-1,-1,-1
158,1,563.45,96.62,96.80,72.70,0.64,-1,-1,-1
158,2,937.23,80.92,72.63,63.37,0.63,-1,-1,-1
158,3,1285.67,357.23,230.87,183.09,0.54,-1,-1,-1
159,1,563.07,96.76,97.09,72.72,0.64,-1,-1,-1
159,2,937.10,81.02,72.80,63.28,0.63,-1,-1,-1
159,3,1285.68,357.22,230.86,183.14,0.52,-1,-1,-1
160,1,562.82,93.77,97.37,75.82,0.64,-1,-1,-1
160,2,937.61,80.54,72.20,63.49,0.63,-1,-1,-1
160,3,1285.12,356.88,231.45,183.41,0.57,-1,-1,-1
161,1,562.80,92.18,97.64,77.51,0.66,-1,-1,-1
161,2,937.27,80.99,72.59,63.04,0.65,-1,-1,-1
161,3,1284.63,356.87,231.92,183.42,0.53,-1,-1,-1
162,1,562.79,91.80,97.77,77.74,0.66,-1,-1,-1
162,2,937.18,80.82,72.59,63.30,0.65,-1,-1,-1
162,3,1284.69,356.62,231.97,183.63,0.55,-1,-1,-1
163,1,562.49,92.61,97.98,76.87,0.63,-1,-1,-1
163,2,937.18,80.78,72.66,63.33,0.65,-1,-1,-1
163,3,1284.65,356.71,231.89,183.43,0.55,-1,-1,-1
164,1,562.46,93.49,98.01,76.01,0.64,-1,-1,-1
164,2,937.28,80.86,72.57,63.19,0.65,-1,-1,-1
164,3,1284.74,356.65,231.75,183.51,0.54,-1,-1,-1
165,1,562.15,94.55,98.29,75.02,0.64,-1,-1,-1
165,2,937.29,80.50,72.67,63.48,0.65,-1,-1,-1
165,3,1284.73,356.75,231.79,183.43,0.53,-1,-1,-1
166,1,562.75,93.82,97.66,75.50,0.65,-1,-1,-1
166,2,937.54,80.48,72.58,63.50,0.65,-1,-1,-1
166,3,1284.28,356.15,232.24,183.67,0.56,-1,-1,-1
167,1,562.51,92.53,97.91,76.75,0.66,-1,-1,-1
167,2,937.21,80.80,72.80,63.10,0.65,-1,-1,-1
167,3,1284.24,356.09,232.33,183.65,0.58,-1,-1,-1
168,1,562.36,92.07,97.96,77.07,0.65,-1,-1,-1
168,2,937.25,80.84,72.73,62.95,0.64,-1,-1,-1
168,3,1284.23,355.99,232.42,183.82,0.59,-1,-1,-1
169,1,561.92,89.42,98.43,79.39,0.65,-1,-1,-1
169,2,937.22,81.01,72.60,62.81,0.64,-1,-1,-1
169,3,1285.20,355.76,231.01,183.87,0.58,-1,-1,-1
170,1,561.98,89.59,98.38,79.21,0.66,-1,-1,-1
170,2,937.24,80.96,72.53,62.86,0.64,-1,-1,-1
170,3,1285.23,355.75,230.97,183.87,0.58,-1,-1,-1
171,1,562.25,90.89,97.96,78.05,0.66,-1,-1,-1
171,2,936.99,80.76,72.58,63.64,0.64,-1,-1,-1
171,3,1285.13,355.72,231.04,183.91,0.59,-1,-1,-1
172,1,561.96,93.10,98.53,76.22,0.64,-1,-1,-1
172,2,937.39,80.77,72.07,63.22,0.63,-1,-1,-1
172,3,1285.97,356.32,230.26,183.64,0.61,-1,-1,-1
173,1,562.15,92.49,98.24,76.75,0.63,-1,-1,-1
173,2,937.36,80.60,72.21,63.99,0.65,-1,-1,-1
173,3,1286.04,356.54,230.54,183.28,0.59,-1,-1,-1
174,1,561.72,95.12,98.30,74.37,0.59,-1,-1,-1
174,2,937.19,79.61,73.11,64.90,0.64,-1,-1,-1
174,3,1285.79,356.74,230.67,183.44,0.51,-1,-1,-1
175,1,561.76,94.78,98.17,74.79,0.61,-1,-1,-1
175,2,937.40,79.57,72.89,64.98,0.64,-1,-1,-1
175,3,1285.69,356.67,230.78,183.51,0.52,-1,-1,-1
176,1,561.28,94.30,98.62,75.24,0.60,-1,-1,-1
176,2,937.23,79.56,73.06,65.03,0.63,-1,-1,-1
177,1,561.36,93.79,98.50,75.70,0.61,-1,-1,-1
177,2,937.68,79.38,72.62,65.14,0.63,-1,-1,-1
178,1,561.84,94.86,98.09,74.67,0.61,-1,-1,-1
178,2,937.70,79.42,72.37,65.09,0.64,-1,-1,-1
179,1,561.96,95.00,97.95,74.50,0.60,-1,-1,-1
179,2,937.68,79.45,72.45,65.06,0.62,-1,-1,-1
180,1,561.97,93.57,97.98,75.95,0.63,-1,-1,-1
180,2,937.59,79.35,72.43,65.00,0.63,-1,-1,-1
181,1,561.34,91.79,98.89,78.28,0.63,-1,-1,-1
181,2,936.75,79.87,73.47,64.89,0.63,-1,-1,-1
181,3,1286.92,357.35,231.46,184.04,0.51,-1,-1,-1
182,1,560.68,91.66,99.53,78.34,0.63,-1,-1,-1
182,2,936.89,80.03,73.47,64.86,0.62,-1,-1,-1
183,1,560.65,92.67,99.51,77.34,0.61,-1,-1,-1
183,2,936.81,79.98,73.56,64.65,0.61,-1,-1,-1
184,1,560.57,92.70,99.72,77.37,0.64,-1,-1,-1
184,2,936.58,80.02,73.74,64.56,0.62,-1,-1,-1
185,1,560.12,92.30,100.13,77.56,0.63,-1,-1,-1
185,2,936.67,79.97,73.58,64.64,0.61,-1,-1,-1
186,1,560.15,92.38,100.04,77.52,0.62,-1,-1,-1
186,2,936.66,79.94,73.58,64.68,0.61,-1,-1,-1
186,3,1287.16,357.09,231.17,183.67,0.52,-1,-1,-1
187,1,560.70,92.27,99.45,77.72,0.63,-1,-1,-1
187,2,936.08,80.04,73.70,64.85,0.62,-1,-1,-1
187,3,1286.73,357.00,231.58,183.92,0.52,-1,-1,-1
188,1,561.31,92.45,98.90,77.32,0.63,-1,-1,-1
188,2,936.17,79.58,73.90,65.08,0.64,-1,-1,-1
189,1,561.49,92.93,98.67,76.96,0.64,-1,-1,-1
189,2,936.36,79.58,73.59,64.95,0.65,-1,-1,-1
190,1,561.47,93.01,98.67,76.75,0.64,-1,-1,-1
190,2,936.52,79.50,73.52,64.93,0.64,-1,-1,-1
191,1,560.97,92.10,99.13,77.59,0.64,-1,-1,-1
191,2,936.96,79.69,72.86,64.27,0.63,-1,-1,-1
192,1,560.91,92.40,99.24,77.43,0.65,-1,-1,-1
192,2,937.03,79.67,72.88,64.27,0.65,-1,-1,-1
193,1,561.20,94.35,99.10,75.91,0.64,-1,-1,-1
193,2,936.46,79.93,73.03,64.35,0.63,-1,-1,-1
194,1,561.42,93.31,98.87,76.94,0.66,-1,-1,-1
194,2,936.31,79.79,73.23,64.57,0.63,-1,-1,-1
195,1,561.51,93.54,98.79,76.71,0.65,-1,-1,-1
195,2,936.33,79.76,73.19,64.55,0.63,-1,-1,-1
196,1,561.73,94.31,98.54,75.83,0.64,-1,-1,-1
196,2,936.11,79.78,73.35,64.59,0.62,-1,-1,-1
197,1,561.54,94.81,98.94,75.06,0.62,-1,-1,-1
197,2,936.41,79.94,73.21,64.97,0.61,-1,-1,-1
198,1,561.40,94.90,99.15,74.88,0.61,-1,-1,-1
198,2,936.35,79.72,73.09,65.02,0.63,-1,-1,-1
199,1,561.22,93.37,99.03,76.36,0.63,-1,-1,-1
199,2,936.20,79.75,73.19,64.98,0.64,-1,-1,-1
199,3,1287.12,357.35,231.03,184.13,0.50,-1,-1,-1
200,1,561.51,93.50,98.76,76.28,0.63,-1,-1,-1
200,2,936.24,79.76,73.13,64.94,0.65,-1,-1,-1
201,1,561.68,93.28,98.53,76.57,0.62,-1,-1,-1
201,2,936.06,80.11,73.34,64.62,0.64,-1,-1,-1
202,1,561.56,93.27,98.87,76.64,0.62,-1,-1,-1
202,2,936.01,80.10,73.36,64.68,0.63,-1,-1,-1
203,1,561.31,93.26,99.09,76.67,0.62,-1,-1,-1
203,2,935.92,80.10,73.36,64.58,0.63,-1,-1,-1
204,1,561.23,97.10,99.02,72.86,0.58,-1,-1,-1
204,2,936.41,80.55,73.86,63.76,0.62,-1,-1,-1
204,3,1285.33,356.41,231.56,183.56,0.52,-1,-1,-1
205,1,561.48,97.33,98.81,72.56,0.58,-1,-1,-1
205,2,936.92,80.82,73.65,63.34,0.64,-1,-1,-1
205,3,1285.28,356.49,231.65,183.26,0.53,-1,-1,-1
206,1,561.45,97.17,98.74,72.66,0.57,-1,-1,-1
206,2,936.81,80.92,73.83,63.31,0.64,-1,-1,-1
206,3,1285.27,356.45,231.62,183.27,0.54,-1,-1,-1
207,1,561.39,97.07,98.82,72.85,0.57,-1,-1,-1
207,2,936.82,80.78,73.84,63.51,0.65,-1,-1,-1
207,3,1285.26,356.44,231.67,183.28,0.53,-1,-1,-1
208,1,561.51,97.55,98.69,72.67,0.58,-1,-1,-1
208,2,936.84,80.82,73.81,63.43,0.64,-1,-1,-1
208,3,1285.28,356.46,231.66,183.35,0.54,-1,-1,-1
209,1,561.94,98.25,98.39,71.94,0.56,-1,-1,-1
209,2,937.49,81.11,72.98,63.60,0.63,-1,-1,-1
209,3,1285.81,356.50,231.33,183.63,0.51,-1,-1,-1
210,1,561.82,97.96,98.51,72.11,0.55,-1,-1,-1
210,2,937.37,81.16,73.16,63.49,0.60,-1,-1,-1
210,3,1285.79,356.76,231.37,183.27,0.51,-1,-1,-1
211,1,561.45,94.65,98.76,75.20,0.56,-1,-1,-1
211,2,937.27,81.11,72.88,63.20,0.62,-1,-1,-1
211,3,1285.48,356.77,231.44,183.30,0.54,-1,-1,-1
212,1,561.49,95.17,98.71,74.65,0.55,-1,-1,-1
212,2,937.24,81.77,71.89,62.97,0.65,-1,-1,-1
212,3,1285.48,356.74,231.35,183.35,0.53,-1,-1,-1
212,5,1104.56,996.03,404.74,79.73,0.54,-1,-1,-1
213,1,561.52,95.87,98.67,73.97,0.55,-1,-1,-1
213,2,937.08,81.33,72.18,63.67,0.60,-1,-1,-1
213,3,1285.52,356.82,231.44,183.27,0.51,-1,-1,-1
213,5,1106.81,957.31,397.15,121.61,0.60,-1,-1,-1
214,1,561.51,95.48,98.70,74.44,0.54,-1,-1,-1
214,2,937.35,81.56,71.47,63.36,0.65,-1,-1,-1
214,3,1285.58,356.78,231.44,183.32,0.53,-1,-1,-1
214,5,1124.93,913.86,375.31,161.21,0.68,-1,-1,-1
215,1,562.75,97.04,97.39,72.27,0.62,-1,-1,-1
215,2,937.34,82.08,71.94,62.79,0.64,-1,-1,-1
215,3,1285.26,356.17,231.83,183.89,0.56,-1,-1,-1
215,5,1125.22,873.94,368.65,195.29,0.65,-1,-1,-1
216,1,562.42,93.72,97.99,75.63,0.65,-1,-1,-1
216,3,1285.04,355.76,232.06,184.12,0.50,-1,-1,-1
216,5,1130.04,839.45,355.21,235.62,0.79,-1,-1,-1
217,1,562.30,96.56,98.57,72.95,0.63,-1,-1,-1
217,3,1285.09,355.16,232.13,184.72,0.58,-1,-1,-1
217,5,1134.48,805.30,344.44,270.09,0.87,-1,-1,-1
218,1,562.82,96.50,97.88,72.84,0.62,-1,-1,-1
218,2,932.82,80.30,77.54,66.29,0.51,-1,-1,-1
218,3,1284.85,355.10,232.18,184.83,0.60,-1,-1,-1
218,5,1133.68,777.38,337.59,288.86,0.86,-1,-1,-1
219,1,562.71,95.48,97.93,73.93,0.62,-1,-1,-1
219,2,935.10,80.24,74.74,65.21,0.63,-1,-1,-1
219,3,1284.90,354.49,232.13,185.17,0.59,-1,-1,-1
219,5,1123.85,747.36,335.76,283.09,0.82,-1,-1,-1
220,1,562.53,96.13,97.78,73.18,0.64,-1,-1,-1
220,2,934.68,80.97,74.99,64.54,0.68,-1,-1,-1
220,3,1285.04,354.82,231.87,184.58,0.55,-1,-1,-1
220,5,1133.52,714.26,319.05,277.84,0.80,-1,-1,-1
221,1,561.74,95.99,98.63,72.87,0.59,-1,-1,-1
221,2,935.31,81.58,74.31,63.70,0.66,-1,-1,-1
221,5,1118.58,689.37,324.27,267.36,0.77,-1,-1,-1
222,1,561.38,95.37,99.24,73.60,0.60,-1,-1,-1
222,2,936.08,80.85,73.83,63.85,0.60,-1,-1,-1
222,5,1117.56,663.40,314.47,258.86,0.80,-1,-1,-1
223,1,562.49,96.44,98.15,72.42,0.60,-1,-1,-1
223,2,937.02,81.01,73.52,66.19,0.55,-1,-1,-1
223,5,1107.74,639.27,314.39,251.58,0.75,-1,-1,-1
224,1,563.22,98.35,97.35,70.91,0.59,-1,-1,-1
224,2,936.06,79.27,74.52,65.07,0.59,-1,-1,-1
224,3,1284.64,354.59,232.58,185.81,0.51,-1,-1,-1
224,5,1102.24,615.44,306.46,250.16,0.84,-1,-1,-1
225,1,563.01,92.46,98.34,76.03,0.52,-1,-1,-1
225,2,937.32,80.31,73.62,63.80,0.57,-1,-1,-1
225,5,1095.09,595.09,294.23,238.61,0.80,-1,-1,-1
226,1,562.99,92.82,98.37,75.70,0.53,-1,-1,-1
226,2,937.25,80.23,73.60,63.97,0.58,-1,-1,-1
226,5,1082.93,576.60,294.04,231.27,0.71,-1,-1,-1
227,1,562.83,91.89,98.60,76.60,0.53,-1,-1,-1
227,2,937.32,80.19,73.53,63.94,0.57,-1,-1,-1
227,5,1069.80,555.45,289.97,228.26,0.80,-1,-1,-1
228,1,563.38,96.46,96.60,73.41,0.55,-1,-1,-1
228,2,937.43,79.96,73.24,64.22,0.62,-1,-1,-1
228,3,1287.05,357.42,229.18,182.77,0.60,-1,-1,-1
228,5,1056.33,538.25,287.56,220.52,0.86,-1,-1,-1
229,1,562.51,95.37,97.44,74.54,0.60,-1,-1,-1
229,2,937.01,81.30,73.36,62.95,0.61,-1,-1,-1
229,3,1287.48,357.69,230.36,183.64,0.54,-1,-1,-1
229,5,1048.06,520.94,278.23,215.85,0.81,-1,-1,-1
230,1,562.70,94.51,97.22,75.32,0.61,-1,-1,-1
230,2,936.99,81.25,73.48,62.95,0.62,-1,-1,-1
230,3,1287.92,358.50,229.77,182.97,0.56,-1,-1,-1
230,5,1040.63,503.71,270.17,214.03,0.76,-1,-1,-1
231,1,562.55,93.62,97.50,76.03,0.60,-1,-1,-1
231,2,936.90,81.35,73.73,62.69,0.63,-1,-1,-1
231,3,1288.10,358.82,229.55,182.76,0.52,-1,-1,-1
231,5,1029.38,487.24,266.10,208.66,0.82,-1,-1,-1
232,1,562.75,94.12,97.20,75.58,0.57,-1,-1,-1
232,2,937.08,81.40,73.51,62.60,0.61,-1,-1,-1
232,5,1019.55,474.47,259.57,199.70,0.76,-1,-1,-1
233,1,562.57,94.55,97.33,75.16,0.57,-1,-1,-1
233,2,936.95,81.45,73.58,62.59,0.62,-1,-1,-1
233,3,1287.21,358.73,230.46,182.14,0.53,-1,-1,-1
233,5,1010.12,457.54,254.73,199.05,0.68,-1,-1,-1
234,1,562.57,95.36,97.35,74.33,0.57,-1,-1,-1
234,2,936.98,81.42,73.55,62.57,0.63,-1,-1,-1
234,3,1286.91,358.97,230.73,181.89,0.57,-1,-1,-1
234,5,999.56,446.39,249.42,191.24,0.79,-1,-1,-1
234,6,733.18,53.03,73.89,32.00,0.54,-1,-1,-1
235,1,562.36,98.10,97.79,71.43,0.59,-1,-1,-1
235,2,936.79,81.18,74.32,63.26,0.61,-1,-1,-1
235,5,990.36,432.04,246.89,190.51,0.64,-1,-1,-1
235,6,730.40,51.83,68.59,32.38,0.51,-1,-1,-1
236,1,562.09,96.80,97.87,72.73,0.61,-1,-1,-1
236,2,936.47,81.18,74.67,63.27,0.61,-1,-1,-1
236,3,1286.27,358.60,232.43,182.43,0.51,-1,-1,-1
236,5,986.64,416.52,233.94,186.77,0.80,-1,-1,-1
237,1,561.90,96.60,98.14,73.01,0.60,-1,-1,-1
237,2,936.71,80.78,74.27,64.03,0.63,-1,-1,-1
237,3,1286.04,358.16,232.55,182.71,0.53,-1,-1,-1
237,5,977.82,405.14,233.08,181.87,0.76,-1,-1,-1
237,6,712.39,51.40,70.60,32.43,0.52,-1,-1,-1
238,1,561.78,95.30,98.24,74.23,0.61,-1,-1,-1
238,2,936.73,80.67,74.20,64.02,0.60,-1,-1,-1
238,5,969.10,393.80,230.21,181.22,0.70,-1,-1,-1
238,6,713.66,50.60,63.42,32.70,0.56,-1,-1,-1
239,1,561.23,94.75,98.52,74.90,0.61,-1,-1,-1
239,2,937.09,80.44,73.72,64.25,0.63,-1,-1,-1
239,3,1286.09,358.42,232.79,182.24,0.57,-1,-1,-1
239,5,962.12,383.29,226.54,174.41,0.79,-1,-1,-1
239,6,707.46,49.81,63.75,33.64,0.61,-1,-1,-1
240,1,560.80,94.11,98.61,75.80,0.65,-1,-1,-1
240,2,936.78,80.14,73.69,64.36,0.63,-1,-1,-1
240,3,1285.48,358.97,233.77,181.68,0.52,-1,-1,-1
240,5,959.57,369.76,220.64,174.25,0.63,-1,-1,-1
241,1,560.69,93.52,98.97,76.96,0.69,-1,-1,-1
241,2,936.36,80.48,73.68,64.50,0.61,-1,-1,-1
241,3,1285.19,358.00,232.10,181.38,0.57,-1,-1,-1
241,5,952.54,359.18,218.66,170.34,0.75,-1,-1,-1
241,6,692.00,51.03,65.29,32.49,0.56,-1,-1,-1
242,1,560.06,95.22,99.62,75.42,0.67,-1,-1,-1
242,2,937.33,79.68,72.93,64.73,0.63,-1,-1,-1
242,3,1285.79,357.98,233.39,182.35,0.64,-1,-1,-1
242,5,949.14,350.45,213.54,167.46,0.84,-1,-1,-1
242,6,692.62,49.25,59.39,34.41,0.58,-1,-1,-1
243,1,560.34,95.21,99.34,75.60,0.70,-1,-1,-1
243,2,937.52,79.15,72.73,65.46,0.63,-1,-1,-1
243,3,1285.47,357.49,231.80,181.74,0.63,-1,-1,-1
243,5,947.59,341.71,206.40,162.36,0.84,-1,-1,-1
243,6,700.79,49.84,45.97,33.23,0.60,-1,-1,-1
244,1,560.25,97.24,99.21,73.26,0.67,-1,-1,-1
244,2,937.42,79.25,72.68,65.44,0.64,-1,-1,-1
244,3,1284.91,357.56,232.44,181.52,0.60,-1,-1,-1
244,5,946.74,335.28,200.64,157.64,0.83,-1,-1,-1
244,6,703.03,51.24,40.28,32.10,0.54,-1,-1,-1
245,1,560.12,96.11,99.51,74.22,0.62,-1,-1,-1
245,2,937.67,79.30,72.36,65.65,0.64,-1,-1,-1
245,3,1285.18,357.62,232.52,181.52,0.63,-1,-1,-1
245,5,943.60,322.97,198.31,158.27,0.78,-1,-1,-1
246,1,560.18,97.89,99.45,72.55,0.58,-1,-1,-1
246,2,937.09,79.68,72.97,64.84,0.63,-1,-1,-1
246,3,1285.27,357.63,232.15,181.61,0.57,-1,-1,-1
246,5,939.57,316.09,194.87,156.76,0.73,-1,-1,-1
247,1,560.37,96.81,99.29,73.38,0.58,-1,-1,-1
247,2,937.10,79.71,72.78,64.55,0.63,-1,-1,-1
247,3,1285.74,357.34,231.78,181.85,0.61,-1,-1,-1
247,5,936.71,308.97,192.44,151.64,0.81,-1,-1,-1
248,1,559.93,97.97,99.63,72.14,0.54,-1,-1,-1
248,2,936.68,79.78,73.58,64.53,0.63,-1,-1,-1
248,3,1285.48,357.59,232.09,181.69,0.63,-1,-1,-1
248,5,932.57,302.16,189.56,148.00,0.82,-1,-1,-1
249,1,560.18,99.01,99.49,71.28,0.56,-1,-1,-1
249,2,936.55,79.79,73.84,64.15,0.62,-1,-1,-1
249,3,1285.71,357.77,231.88,181.63,0.62,-1,-1,-1
249,5,932.47,295.72,183.70,147.66,0.79,-1,-1,-1
250,1,560.23,98.90,99.58,71.81,0.59,-1,-1,-1
250,2,936.14,80.15,74.42,63.72,0.62,-1,-1,-1
250,3,1286.31,358.47,233.05,181.68,0.64,-1,-1,-1
250,5,929.81,289.36,181.64,145.30,0.72,-1,-1,-1
251,1,559.88,98.84,100.15,72.01,0.57,-1,-1,-1
251,2,935.83,80.99,74.86,63.53,0.60,-1,-1,-1
251,3,1286.78,358.75,233.24,181.67,0.51,-1,-1,-1
251,5,928.29,283.00,180.85,144.68,0.76,-1,-1,-1
252,1,559.74,99.46,100.06,71.29,0.59,-1,-1,-1
252,2,935.43,81.06,75.61,63.41,0.59,-1,-1,-1
252,3,1286.80,358.02,233.27,182.26,0.58,-1,-1,-1
252,5,928.37,278.40,176.96,139.33,0.82,-1,-1,-1
253,1,560.52,98.89,99.27,71.45,0.60,-1,-1,-1
253,2,935.16,81.67,75.65,63.03,0.62,-1,-1,-1
253,3,1286.53,357.66,233.56,182.78,0.58,-1,-1,-1
253,5,926.67,273.19,176.04,135.65,0.79,-1,-1,-1
254,1,561.50,99.91,98.07,70.42,0.58,-1,-1,-1
254,2,935.43,81.51,75.33,63.24,0.61,-1,-1,-1
254,3,1286.45,357.47,233.64,183.18,0.56,-1,-1,-1
254,5,924.20,267.99,174.12,134.67,0.71,-1,-1,-1
255,1,560.95,99.79,98.28,70.08,0.53,-1,-1,-1
255,2,934.33,81.41,76.25,63.13,0.62,-1,-1,-1
255,3,1287.09,358.48,232.09,182.43,0.57,-1,-1,-1
255,5,925.08,263.50,168.19,131.73,0.81,-1,-1,-1
256,1,560.85,101.62,98.64,68.52,0.53,-1,-1,-1
256,2,935.27,82.59,75.04,62.25,0.64,-1,-1,-1
256,3,1287.12,358.56,232.46,183.15,0.63,-1,-1,-1
256,5,922.94,258.83,165.59,129.03,0.77,-1,-1,-1
257,1,561.21,99.59,98.54,70.42,0.57,-1,-1,-1
257,2,934.51,82.73,75.71,61.84,0.64,-1,-1,-1
257,3,1286.74,358.40,232.77,183.45,0.64,-1,-1,-1
257,5,922.54,255.38,160.94,126.25,0.78,-1,-1,-1
258,1,561.32,99.49,98.49,70.44,0.57,-1,-1,-1
258,2,934.43,82.95,75.77,61.67,0.65,-1,-1,-1
258,3,1286.80,358.39,232.79,183.57,0.66,-1,-1,-1
258,5,918.13,245.94,162.26,131.89,0.78,-1,-1,-1
259,1,561.21,100.48,98.58,69.26,0.52,-1,-1,-1
259,2,934.44,83.00,75.70,61.60,0.65,-1,-1,-1
259,3,1286.71,358.42,232.66,183.46,0.63,-1,-1,-1
259,5,912.50,242.92,163.39,126.02,0.78,-1,-1,-1
260,1,560.75,99.96,98.75,69.90,0.54,-1,-1,-1
260,2,934.50,82.83,75.71,61.47,0.65,-1,-1,-1
260,3,1286.61,358.46,232.75,183.50,0.62,-1,-1,-1
260,5,911.18,239.54,160.25,122.45,0.80,-1,-1,-1
261,1,560.36,96.77,99.40,72.72,0.59,-1,-1,-1
261,2,934.45,82.05,76.01,62.54,0.66,-1,-1,-1
261,3,1286.66,358.53,232.79,183.04,0.59,-1,-1,-1
261,5,907.90,233.85,160.82,123.66,0.79,-1,-1,-1
261,7,636.85,49.03,65.62,34.04,0.52,-1,-1,-1
262,1,560.96,97.16,98.76,72.23,0.61,-1,-1,-1
262,2,934.86,81.88,75.45,62.24,0.65,-1,-1,-1
262,3,1286.70,358.43,232.66,182.63,0.66,-1,-1,-1
262,5,907.45,230.09,157.22,121.13,0.81,-1,-1,-1
263,1,561.73,97.76,98.25,71.90,0.60,-1,-1,-1
263,2,935.66,81.73,74.57,61.96,0.64,-1,-1,-1
263,3,1286.36,358.28,232.89,182.77,0.63,-1,-1,-1
263,5,906.79,225.60,153.33,119.93,0.84,-1,-1,-1
264,1,561.58,97.72,98.20,71.95,0.62,-1,-1,-1
264,2,936.05,81.40,74.17,62.19,0.65,-1,-1,-1
264,3,1286.52,358.00,232.53,182.70,0.61,-1,-1,-1
264,5,905.48,220.08,149.98,117.18,0.84,-1,-1,-1
265,1,558.64,97.29,101.52,73.16,0.62,-1,-1,-1
265,2,935.36,81.35,74.71,61.79,0.63,-1,-1,-1
265,3,1286.46,357.99,232.75,183.08,0.60,-1,-1,-1
265,5,904.02,217.23,147.31,115.69,0.86,-1,-1,-1
266,1,558.73,99.31,101.19,71.04,0.60,-1,-1,-1
266,2,935.79,80.72,74.08,62.12,0.65,-1,-1,-1
266,3,1286.37,358.39,232.50,182.45,0.60,-1,-1,-1
266,5,900.99,214.67,148.04,113.76,0.80,-1,-1,-1
267,1,558.82,97.59,101.21,72.77,0.60,-1,-1,-1
267,2,935.97,80.59,73.43,62.08,0.64,-1,-1,-1
267,3,1286.59,358.18,232.35,182.54,0.55,-1,-1,-1
267,5,902.26,207.57,141.14,114.79,0.88,-1,-1,-1
268,1,557.96,96.57,102.36,73.65,0.64,-1,-1,-1
268,2,935.99,80.48,73.38,62.37,0.64,-1,-1,-1
268,3,1286.80,358.26,232.15,182.43,0.55,-1,-1,-1
268,5,896.83,204.57,141.82,111.41,0.82,-1,-1,-1
269,1,557.54,96.02,102.82,74.41,0.66,-1,-1,-1
269,2,936.06,80.43,73.39,62.46,0.64,-1,-1,-1
269,3,1286.81,358.26,232.10,182.30,0.58,-1,-1,-1
269,5,893.17,199.84,143.52,111.28,0.84,-1,-1,-1
270,1,557.67,96.87,102.54,73.55,0.65,-1,-1,-1
270,2,936.15,80.41,73.26,62.77,0.64,-1,-1,-1
270,3,1286.95,358.10,231.98,182.59,0.61,-1,-1,-1
270,5,894.43,197.36,141.09,108.63,0.85,-1,-1,-1
271,1,558.51,98.69,101.64,71.74,0.62,-1,-1,-1
271,2,936.58,79.89,73.42,63.36,0.64,-1,-1,-1
271,3,1287.11,357.96,231.78,182.87,0.59,-1,-1,-1
271,5,893.02,193.96,137.61,106.36,0.78,-1,-1,-1
272,1,558.01,97.16,102.08,73.22,0.64,-1,-1,-1
272,2,936.73,79.82,73.44,63.70,0.65,-1,-1,-1
272,3,1287.11,357.92,231.73,182.91,0.56,-1,-1,-1
272,5,893.11,191.06,135.73,106.15,0.83,-1,-1,-1
273,1,560.02,98.20,100.12,72.58,0.64,-1,-1,-1
273,2,936.29,80.67,73.72,63.13,0.66,-1,-1,-1
273,3,1286.95,357.27,232.11,183.77,0.62,-1,-1,-1
273,5,893.38,187.15,132.63,101.87,0.85,-1,-1,-1
274,1,559.95,95.83,100.30,74.67,0.66,-1,-1,-1
274,2,935.35,81.30,74.26,63.24,0.65,-1,-1,-1
274,3,1286.98,357.03,232.27,184.01,0.58,-1,-1,-1
274,5,891.29,182.91,132.33,102.33,0.84,-1,-1,-1
275,1,558.07,93.63,102.12,76.71,0.69,-1,-1,-1
275,2,936.57,81.48,73.91,63.16,0.64,-1,-1,-1
275,3,1286.72,357.36,232.72,183.69,0.64,-1,-1,-1
275,5,891.38,179.07,130.26,104.49,0.79,-1,-1,-1
276,1,558.92,93.34,101.42,77.11,0.68,-1,-1,-1
276,2,936.49,81.50,73.94,63.34,0.64,-1,-1,-1
276,3,1286.52,356.99,232.82,184.05,0.65,-1,-1,-1
276,5,889.86,173.81,128.13,102.53,0.88,-1,-1,-1
277,1,560.32,97.65,99.68,72.40,0.64,-1,-1,-1
277,2,936.19,82.41,73.57,61.27,0.61,-1,-1,-1
277,3,1286.70,356.88,232.50,184.02,0.63,-1,-1,-1
277,5,888.75,172.62,127.35,100.83,0.88,-1,-1,-1
278,1,560.60,97.65,99.46,72.44,0.66,-1,-1,-1
278,2,935.93,83.63,73.32,61.86,0.64,-1,-1,-1
278,3,1286.64,356.46,232.80,185.02,0.65,-1,-1,-1
278,5,889.43,171.93,126.86,97.04,0.87,-1,-1,-1
279,1,560.77,99.82,98.99,70.12,0.65,-1,-1,-1
279,2,934.89,83.15,74.58,62.59,0.66,-1,-1,-1
279,3,1286.57,356.44,233.02,185.05,0.64,-1,-1,-1
279,5,887.57,170.26,125.58,94.74,0.85,-1,-1,-1
280,1,560.60,100.69,99.07,69.17,0.62,-1,-1,-1
280,2,935.17,82.44,74.55,63.38,0.62,-1,-1,-1
280,3,1286.59,356.55,232.95,184.85,0.66,-1,-1,-1
280,5,887.87,166.67,121.38,96.13,0.88,-1,-1,-1
281,1,560.32,100.64,99.29,69.08,0.61,-1,-1,-1
281,2,935.13,81.80,74.69,64.03,0.66,-1,-1,-1
281,3,1286.41,356.67,233.12,184.84,0.66,-1,-1,-1
281,5,888.70,163.46,119.59,96.57,0.88,-1,-1,-1
282,1,560.82,101.26,98.69,68.36,0.61,-1,-1,-1
282,3,1286.53,356.79,233.00,184.66,0.66,-1,-1,-1
282,5,886.13,161.80,121.58,96.49,0.86,-1,-1,-1
283,1,560.74,100.42,98.86,69.32,0.64,-1,-1,-1
283,3,1286.35,356.79,233.14,184.68,0.68,-1,-1,-1
283,5,886.98,159.59,119.80,95.28,0.85,-1,-1,-1
284,1,560.30,98.50,99.41,71.13,0.63,-1,-1,-1
284,2,934.20,81.05,77.89,63.14,0.66,-1,-1,-1
284,3,1286.43,356.89,233.04,184.64,0.69,-1,-1,-1
284,5,883.43,152.95,121.10,97.52,0.88,-1,-1,-1
285,1,560.16,96.58,100.01,73.07,0.62,-1,-1,-1
285,2,935.87,83.91,73.79,61.62,0.58,-1,-1,-1
285,3,1287.10,357.82,230.64,183.02,0.60,-1,-1,-1
285,5,885.99,150.32,113.98,93.90,0.88,-1,-1,-1
286,1,560.29,95.39,99.42,73.88,0.60,-1,-1,-1
286,2,936.67,83.88,76.45,60.89,0.53,-1,-1,-1
286,3,1286.58,356.89,231.19,184.08,0.61,-1,-1,-1
286,5,886.51,148.01,112.82,92.48,0.86,-1,-1,-1
287,1,559.50,91.83,100.41,77.43,0.60,-1,-1,-1
287,2,936.65,82.31,74.97,62.04,0.68,-1,-1,-1
287,3,1286.38,356.84,231.18,183.49,0.61,-1,-1,-1
287,5,883.16,147.27,112.23,91.06,0.84,-1,-1,-1
288,1,559.67,91.91,100.68,77.52,0.61,-1,-1,-1
288,2,936.93,80.89,74.08,62.75,0.72,-1,-1,-1
288,3,1286.18,356.64,231.19,183.66,0.62,-1,-1,-1
288,5,884.73,146.62,108.46,88.97,0.83,-1,-1,-1
289,1,560.32,91.43,99.73,78.12,0.61,-1,-1,-1
289,2,936.63,81.00,74.24,63.20,0.71,-1,-1,-1
289,3,1286.56,357.08,230.84,183.34,0.63,-1,-1,-1
289,5,883.67,146.23,108.31,86.93,0.83,-1,-1,-1
290,1,560.35,91.63,99.82,77.65,0.63,-1,-1,-1
290,2,936.92,80.58,74.39,63.45,0.69,-1,-1,-1
290,3,1286.27,357.32,230.89,183.18,0.61,-1,-1,-1
290,5,880.66,144.25,105.50,84.00,0.85,-1,-1,-1
291,1,560.23,91.51,99.79,77.92,0.61,-1,-1,-1
291,2,936.62,80.16,74.58,63.54,0.68,-1,-1,-1
291,3,1285.81,357.01,231.30,183.40,0.60,-1,-1,-1
291,5,878.69,143.28,109.93,82.86,0.85,-1,-1,-1
292,1,559.98,92.33,99.91,77.08,0.61,-1,-1,-1
292,2,936.90,80.40,74.34,63.67,0.68,-1,-1,-1
292,3,1285.82,357.02,231.32,183.36,0.60,-1,-1,-1
292,5,878.49,140.46,108.59,84.72,0.85,-1,-1,-1
293,1,559.94,93.33,99.94,76.00,0.60,-1,-1,-1
293,2,936.32,80.84,74.71,62.84,0.67,-1,-1,-1
293,3,1285.88,356.99,231.30,183.43,0.58,-1,-1,-1
293,5,876.92,138.67,105.64,82.88,0.89,-1,-1,-1
294,1,560.01,94.52,99.85,75.02,0.60,-1,-1,-1
294,2,936.88,80.49,74.30,63.37,0.67,-1,-1,-1
294,3,1285.88,356.97,231.55,183.52,0.56,-1,-1,-1
294,5,877.75,136.81,104.41,80.19,0.86,-1,-1,-1
295,1,560.47,96.77,99.42,72.91,0.59,-1,-1,-1
295,2,937.48,80.94,74.29,63.51,0.65,-1,-1,-1
295,3,1286.34,356.81,231.28,183.29,0.60,-1,-1,-1
295,5,876.08,135.55,104.84,78.35,0.82,-1,-1,-1
296,1,560.81,96.93,99.07,72.94,0.57,-1,-1,-1
296,2,937.76,81.64,73.99,62.91,0.64,-1,-1,-1
296,3,1286.60,356.28,231.11,183.74,0.60,-1,-1,-1
296,5,874.93,132.21,103.98,80.47,0.83,-1,-1,-1
297,1,560.53,96.86,99.26,72.94,0.54,-1,-1,-1
297,2,938.19,81.34,73.62,63.33,0.66,-1,-1,-1
297,3,1286.52,356.65,231.25,183.40,0.61,-1,-1,-1
297,5,874.80,129.18,101.86,79.78,0.85,-1,-1,-1
298,1,560.30,95.91,99.55,74.00,0.55,-1,-1,-1
298,2,937.60,81.30,74.12,64.52,0.68,-1,-1,-1
298,3,1286.39,356.53,231.49,183.58,0.62,-1,-1,-1
298,5,873.17,126.83,100.36,80.16,0.82,-1,-1,-1
299,1,560.58,97.33,99.31,72.72,0.54,-1,-1,-1
299,2,938.05,81.58,73.51,63.62,0.65,-1,-1,-1
299,3,1286.54,356.49,231.24,183.56,0.63,-1,-1,-1
299,5,873.05,121.62,98.50,81.96,0.84,-1,-1,-1
300,1,560.80,99.05,99.05,71.04,0.59,-1,-1,-1
300,2,937.84,82.65,73.58,62.85,0.64,-1,-1,-1
300,3,1287.42,357.28,231.92,184.21,0.65,-1,-1,-1
300,5,872.59,119.09,97.81,83.09,0.88,-1,-1,-1
301,1,560.01,100.38,99.57,69.98,0.58,-1,-1,-1
301,2,938.86,83.10,72.04,62.96,0.52,-1,-1,-1
301,3,1286.80,357.63,232.34,184.11,0.62,-1,-1,-1
301,5,872.61,117.34,95.78,83.58,0.85,-1,-1,-1
302,1,560.29,100.16,99.23,70.12,0.62,-1,-1,-1
302,2,938.37,83.15,72.99,63.34,0.53,-1,-1,-1
302,3,1286.72,357.56,232.43,184.22,0.60,-1,-1,-1
302,5,871.32,116.96,96.34,80.34,0.86,-1,-1,-1
303,1,560.31,98.76,99.29,71.58,0.65,-1,-1,-1
303,2,937.96,83.26,73.48,63.23,0.53,-1,-1,-1
303,3,1286.84,357.66,232.27,184.19,0.58,-1,-1,-1
303,5,870.42,114.00,95.95,80.49,0.87,-1,-1,-1
304,1,560.21,98.54,99.41,71.82,0.66,-1,-1,-1
304,2,937.52,83.01,73.63,63.04,0.56,-1,-1,-1
304,3,1286.87,357.44,232.24,184.37,0.59,-1,-1,-1
304,5,870.07,114.14,91.98,78.66,0.79,-1,-1,-1
305,1,560.15,99.13,99.41,71.12,0.65,-1,-1,-1
305,2,936.92,83.01,74.29,62.93,0.56,-1,-1,-1
305,3,1286.84,357.38,232.35,184.33,0.59,-1,-1,-1
305,5,867.80,114.67,93.11,75.87,0.77,-1,-1,-1
306,1,560.07,98.95,99.57,71.25,0.65,-1,-1,-1
306,2,937.03,83.10,74.13,62.77,0.54,-1,-1,-1
306,3,1286.88,357.22,232.24,184.56,0.61,-1,-1,-1
306,5,867.11,112.91,93.27,76.31,0.76,-1,-1,-1
307,1,560.24,98.62,99.51,71.60,0.62,-1,-1,-1
307,2,937.34,82.05,74.46,63.05,0.61,-1,-1,-1
307,3,1286.86,357.35,232.24,184.28,0.64,-1,-1,-1
307,5,865.06,109.14,93.30,77.40,0.80,-1,-1,-1
308,1,559.63,97.74,99.97,72.20,0.65,-1,-1,-1
308,2,938.62,82.40,72.73,62.63,0.65,-1,-1,-1
308,3,1286.71,356.60,232.41,184.78,0.64,-1,-1,-1
308,5,863.86,110.00,95.11,71.95,0.76,-1,-1,-1
309,1,559.97,97.32,99.39,72.64,0.66,-1,-1,-1
309,2,939.10,82.56,72.25,60.91,0.63,-1,-1,-1
309,3,1287.08,357.29,231.72,183.76,0.64,-1,-1,-1
309,5,862.34,107.46,92.48,71.99,0.74,-1,-1,-1
310,1,560.67,99.23,98.77,70.66,0.66,-1,-1,-1
310,2,938.35,82.36,73.07,62.36,0.64,-1,-1,-1
310,3,1285.84,356.91,231.43,183.08,0.61,-1,-1,-1
310,5,861.51,104.41,92.99,73.36,0.80,-1,-1,-1
311,1,560.71,99.86,98.79,70.16,0.67,-1,-1,-1
311,2,938.55,82.28,74.12,62.52,0.62,-1,-1,-1
311,3,1285.83,356.92,231.25,183.03,0.56,-1,-1,-1
311,5,860.74,108.09,93.53,67.89,0.73,-1,-1,-1
312,1,560.10,100.14,99.49,69.64,0.67,-1,-1,-1
312,2,937.83,80.12,76.14,63.83,0.61,-1,-1,-1
312,3,1285.79,356.72,231.25,183.32,0.56,-1,-1,-1
312,5,860.10,104.36,92.28,69.50,0.72,-1,-1,-1
313,1,560.66,99.97,98.88,69.99,0.65,-1,-1,-1
313,2,938.64,79.50,75.69,64.11,0.58,-1,-1,-1
313,3,1285.41,356.96,232.37,183.05,0.54,-1,-1,-1
313,5,858.43,103.50,90.99,67.86,0.78,-1,-1,-1
314,1,561.10,100.02,98.45,69.99,0.67,-1,-1,-1
314,2,938.25,80.65,75.74,62.38,0.66,-1,-1,-1
314,3,1285.49,357.16,231.82,183.06,0.51,-1,-1,-1
314,5,858.45,108.01,88.72,61.59,0.65,-1,-1,-1
315,1,561.20,100.43,98.22,69.46,0.64,-1,-1,-1
315,2,938.66,80.31,74.27,61.55,0.61,-1,-1,-1
315,3,1285.65,357.23,231.65,183.01,0.51,-1,-1,-1
315,5,857.30,101.96,88.09,66.29,0.71,-1,-1,-1
316,1,561.27,100.65,98.15,69.15,0.66,-1,-1,-1
316,2,938.05,80.22,75.93,62.01,0.58,-1,-1,-1
316,3,1285.44,357.19,231.84,182.94,0.52,-1,-1,-1
316,5,853.62,99.14,91.46,66.17,0.75,-1,-1,-1
317,1,562.00,100.53,97.44,69.48,0.66,-1,-1,-1
317,2,938.88,79.33,75.63,63.58,0.57,-1,-1,-1
317,3,1285.54,357.14,231.82,183.06,0.53,-1,-1,-1
317,5,853.43,95.29,88.73,68.39,0.72,-1,-1,-1
318,1,562.46,99.50,96.94,70.41,0.67,-1,-1,-1
318,2,938.14,81.13,75.65,59.43,0.61,-1,-1,-1
318,3,1285.78,357.33,231.62,182.96,0.53,-1,-1,-1
318,5,855.60,93.07,86.03,67.74,0.52,-1,-1,-1
318,8,853.77,117.93,85.92,45.23,0.51,-1,-1,-1
319,1,562.10,98.03,97.33,71.96,0.66,-1,-1,-1
319,2,938.87,80.77,72.32,63.37,0.66,-1,-1,-1
319,3,1285.90,357.38,231.65,182.80,0.54,-1,-1,-1
319,5,853.75,93.55,86.00,65.68,0.56,-1,-1,-1
320,1,562.26,98.49,97.04,71.63,0.64,-1,-1,-1
320,2,938.21,80.75,73.02,63.68,0.68,-1,-1,-1
320,3,1286.03,357.60,231.67,182.83,0.54,-1,-1,-1
320,5,852.06,94.00,87.34,65.63,0.70,-1,-1,-1
321,1,561.70,97.95,97.75,72.40,0.64,-1,-1,-1
321,2,938.88,80.96,72.07,63.35,0.65,-1,-1,-1
321,3,1286.09,357.23,231.33,183.21,0.57,-1,-1,-1
321,5,851.29,92.15,91.20,65.94,0.73,-1,-1,-1
322,1,561.44,97.34,98.08,72.80,0.66,-1,-1,-1
322,2,939.50,80.96,71.50,63.65,0.63,-1,-1,-1
322,3,1286.44,357.01,230.98,183.27,0.58,-1,-1,-1
322,5,852.27,92.73,89.98,63.67,0.69,-1,-1,-1
323,1,561.40,96.55,98.51,74.03,0.67,-1,-1,-1
323,2,938.88,81.43,71.75,63.52,0.62,-1,-1,-1
323,3,1286.21,357.20,231.54,182.97,0.60,-1,-1,-1
323,5,852.17,91.37,90.06,63.41,0.69,-1,-1,-1
324,1,561.28,97.10,98.54,73.33,0.61,-1,-1,-1
324,2,939.32,81.16,71.44,64.13,0.65,-1,-1,-1
324,3,1286.72,357.46,232.56,184.18,0.59,-1,-1,-1
324,5,851.51,91.11,90.13,62.65,0.71,-1,-1,-1
325,1,560.16,95.49,100.07,74.74,0.60,-1,-1,-1
325,2,938.65,82.13,71.93,63.48,0.63,-1,-1,-1
325,3,1286.28,357.85,231.40,182.16,0.64,-1,-1,-1
325,5,851.32,90.43,89.46,62.68,0.75,-1,-1,-1
326,1,560.25,95.53,100.02,74.74,0.59,-1,-1,-1
326,2,938.03,82.67,72.26,63.03,0.65,-1,-1,-1
326,3,1286.98,358.14,232.16,183.08,0.64,-1,-1,-1
326,5,850.60,87.73,87.84,65.28,0.75,-1,-1,-1
327,1,560.24,94.81,100.08,75.42,0.60,-1,-1,-1
327,2,938.88,82.76,71.57,62.45,0.67,-1,-1,-1
327,3,1286.97,358.11,232.16,183.17,0.63,-1,-1,-1
327,5,850.13,87.50,90.88,66.11,0.70,-1,-1,-1
328,1,559.74,94.39,100.63,75.72,0.61,-1,-1,-1
328,2,937.77,82.84,72.94,61.71,0.69,-1,-1,-1
328,3,1286.02,357.67,231.71,182.46,0.64,-1,-1,-1
328,5,846.20,87.28,90.87,65.43,0.69,-1,-1,-1
329,1,559.50,94.12,100.81,76.01,0.61,-1,-1,-1
329,2,938.09,82.91,72.56,61.48,0.68,-1,-1,-1
329,3,1286.88,358.23,232.35,183.21,0.64,-1,-1,-1
329,5,844.57,87.10,93.71,65.02,0.62,-1,-1,-1
330,1,559.51,94.28,100.77,75.90,0.61,-1,-1,-1
330,2,937.64,82.81,72.81,61.48,0.65,-1,-1,-1
330,3,1286.19,357.90,231.63,182.03,0.64,-1,-1,-1
330,5,844.75,86.60,89.89,62.68,0.59,-1,-1,-1
331,1,559.17,94.94,101.07,75.33,0.61,-1,-1,-1
331,2,937.22,82.98,73.08,61.62,0.63,-1,-1,-1
331,3,1286.34,358.01,231.41,181.90,0.64,-1,-1,-1
331,5,842.32,85.56,91.27,62.31,0.52,-1,-1,-1
332,1,559.33,93.92,100.93,76.28,0.61,-1,-1,-1
332,2,936.85,82.57,73.52,62.05,0.67,-1,-1,-1
332,3,1286.23,358.01,231.48,181.79,0.65,-1,-1,-1
332,5,841.91,86.49,90.77,61.24,0.60,-1,-1,-1
333,1,559.95,95.43,100.20,74.64,0.62,-1,-1,-1
333,2,936.53,82.56,73.96,61.41,0.66,-1,-1,-1
333,3,1286.17,358.04,231.56,181.77,0.63,-1,-1,-1
333,5,840.90,84.38,91.59,62.59,0.60,-1,-1,-1
334,1,561.17,96.75,99.12,73.17,0.60,-1,-1,-1
334,2,935.96,82.85,74.03,61.36,0.65,-1,-1,-1
334,3,1286.16,357.32,231.39,182.27,0.62,-1,-1,-1
334,5,839.82,84.11,92.63,61.96,0.58,-1,-1,-1
335,1,561.46,96.67,98.71,73.47,0.64,-1,-1,-1
335,2,935.12,82.51,75.13,65.32,0.66,-1,-1,-1
335,3,1286.32,357.19,231.02,182.73,0.61,-1,-1,-1
335,5,840.25,84.10,90.63,61.80,0.58,-1,-1,-1
336,1,561.42,95.14,98.73,74.93,0.65,-1,-1,-1
336,2,935.29,81.03,74.61,63.59,0.68,-1,-1,-1
336,3,1286.39,357.35,230.95,182.42,0.63,-1,-1,-1
336,5,839.75,86.17,87.76,60.31,0.58,-1,-1,-1
337,1,561.76,92.91,98.13,77.15,0.63,-1,-1,-1
337,2,934.94,82.29,75.82,64.98,0.65,-1,-1,-1
337,3,1286.53,357.87,231.04,182.21,0.63,-1,-1,-1
337,5,836.40,86.45,90.79,59.50,0.59,-1,-1,-1
338,1,561.76,92.90,98.12,77.17,0.64,-1,-1,-1
338,2,935.25,82.37,75.61,64.82,0.65,-1,-1,-1
338,3,1286.47,357.87,231.04,182.32,0.63,-1,-1,-1
338,5,835.28,85.61,91.28,59.49,0.65,-1,-1,-1
339,1,561.55,93.14,98.58,76.83,0.63,-1,-1,-1
339,2,934.86,82.40,75.94,64.66,0.65,-1,-1,-1
339,3,1286.48,357.85,231.14,182.30,0.63,-1,-1,-1
339,5,834.26,85.47,92.88,59.92,0.64,-1,-1,-1
340,1,561.94,94.14,100.33,75.72,0.62,-1,-1,-1
340,2,935.53,81.85,75.76,65.59,0.64,-1,-1,-1
340,3,1286.52,357.90,231.07,182.19,0.60,-1,-1,-1
340,5,831.24,86.20,96.94,58.82,0.69,-1,-1,-1
341,1,562.38,94.91,98.77,75.20,0.60,-1,-1,-1
341,2,936.25,80.40,74.41,64.24,0.64,-1,-1,-1
341,3,1286.49,358.00,230.94,181.99,0.60,-1,-1,-1
341,5,828.90,87.56,98.18,57.73,0.58,-1,-1,-1
342,1,561.48,95.40,98.15,74.54,0.56,-1,-1,-1
342,2,936.59,80.41,74.17,64.54,0.65,-1,-1,-1
342,3,1286.40,358.03,231.05,181.89,0.60,-1,-1,-1
343,1,561.32,94.78,98.29,75.43,0.52,-1,-1,-1
343,2,936.25,80.94,74.41,64.07,0.62,-1,-1,-1
343,3,1287.12,358.21,231.66,182.77,0.59,-1,-1,-1
343,5,819.53,93.71,77.44,50.25,0.51,-1,-1,-1
344,1,561.56,93.59,98.21,76.19,0.51,-1,-1,-1
344,2,936.02,81.11,74.65,63.86,0.62,-1,-1,-1
344,3,1286.63,358.15,230.94,181.57,0.62,-1,-1,-1
344,5,807.00,97.50,85.28,46.55,0.55,-1,-1,-1
345,1,561.51,93.34,98.32,76.48,0.50,-1,-1,-1
345,2,936.08,81.43,74.29,64.02,0.62,-1,-1,-1
345,3,1287.22,358.50,231.69,182.36,0.64,-1,-1,-1
345,5,802.52,101.62,86.49,42.36,0.55,-1,-1,-1
346,1,561.97,91.45,97.98,78.09,0.52,-1,-1,-1
346,2,936.17,82.49,74.34,63.38,0.56,-1,-1,-1
346,3,1285.42,357.77,231.09,182.33,0.64,-1,-1,-1
346,5,795.20,103.36,92.94,41.04,0.55,-1,-1,-1
347,1,561.76,91.20,97.90,78.52,0.52,-1,-1,-1
347,2,933.94,84.39,75.37,61.03,0.53,-1,-1,-1
347,3,1285.42,357.72,231.13,182.38,0.63,-1,-1,-1
347,5,791.90,100.86,96.08,43.31,0.57,-1,-1,-1
348,1,561.85,92.04,97.90,77.60,0.52,-1,-1,-1
348,3,1285.33,357.85,231.19,182.24,0.63,-1,-1,-1
348,5,792.73,102.40,94.10,41.69,0.52,-1,-1,-1
348,9,652.80,112.78,52.27,31.23,0.55,-1,-1,-1
349,1,560.91,92.07,98.92,77.77,0.56,-1,-1,-1
349,3,1284.93,357.48,231.45,182.39,0.61,-1,-1,-1
349,9,652.99,111.82,53.85,32.23,0.56,-1,-1,-1
350,1,561.19,92.63,98.69,77.06,0.56,-1,-1,-1
350,3,1284.97,357.21,231.35,182.70,0.60,-1,-1,-1
350,9,653.57,110.92,54.88,32.90,0.56,-1,-1,-1
351,1,561.94,92.41,97.93,77.55,0.55,-1,-1,-1
351,2,937.43,81.78,73.81,63.75,0.54,-1,-1,-1
351,3,1285.07,357.08,231.20,182.78,0.58,-1,-1,-1
351,5,774.17,103.89,105.51,40.74,0.53,-1,-1,-1
351,9,654.10,107.20,55.15,36.21,0.54,-1,-1,-1
352,1,561.82,93.01,97.92,76.72,0.53,-1,-1,-1
352,2,938.22,82.19,72.21,63.39,0.54,-1,-1,-1
352,3,1285.29,356.92,231.54,183.45,0.51,-1,-1,-1
352,5,761.34,103.69,87.12,41.01,0.54,-1,-1,-1
353,1,560.73,89.78,100.09,79.59,0.54,-1,-1,-1
353,2,937.39,83.15,72.76,63.23,0.56,-1,-1,-1
353,3,1285.18,357.03,231.53,183.33,0.50,-1,-1,-1
353,5,757.35,105.78,62.13,38.82,0.55,-1,-1,-1
353,9,656.06,108.18,56.04,34.92,0.57,-1,-1,-1
354,1,560.89,89.97,99.97,79.32,0.51,-1,-1,-1
354,5,751.65,106.61,62.94,38.52,0.51,-1,-1,-1
354,9,656.36,109.50,57.59,33.91,0.61,-1,-1,-1
355,1,560.83,90.68,100.41,78.56,0.54,-1,-1,-1
355,2,937.08,82.85,73.60,64.58,0.50,-1,-1,-1
355,9,656.34,106.85,58.60,36.56,0.68,-1,-1,-1
356,1,561.86,93.53,99.34,75.78,0.54,-1,-1,-1
356,2,937.35,82.79,73.27,64.46,0.53,-1,-1,-1
356,3,1285.22,356.97,231.49,183.43,0.51,-1,-1,-1
356,5,741.01,105.92,78.07,40.13,0.54,-1,-1,-1
356,9,656.63,106.95,60.42,37.24,0.75,-1,-1,-1
357,1,561.48,93.28,99.71,75.97,0.53,-1,-1,-1
357,2,937.47,82.61,73.25,64.69,0.52,-1,-1,-1
357,3,1285.17,357.10,231.44,183.22,0.52,-1,-1,-1
357,5,734.18,106.38,79.72,38.88,0.60,-1,-1,-1
357,9,658.17,106.97,56.62,35.99,0.73,-1,-1,-1
358,1,561.49,91.13,99.86,78.20,0.52,-1,-1,-1
358,2,937.63,82.57,73.24,64.74,0.52,-1,-1,-1
358,3,1285.23,356.86,231.26,183.36,0.55,-1,-1,-1
358,5,730.73,104.69,85.53,40.07,0.58,-1,-1,-1
358,9,660.42,107.95,55.14,34.93,0.72,-1,-1,-1
359,1,561.38,88.25,100.69,81.26,0.52,-1,-1,-1
359,2,937.49,82.79,73.55,64.38,0.52,-1,-1,-1
359,3,1285.17,357.43,231.73,182.58,0.57,-1,-1,-1
359,9,663.08,108.57,54.21,33.90,0.68,-1,-1,-1
360,1,561.04,90.72,101.91,78.99,0.53,-1,-1,-1
360,2,937.88,82.72,72.72,64.38,0.53,-1,-1,-1
360,3,1285.08,357.13,231.93,183.15,0.59,-1,-1,-1
360,5,725.94,107.94,75.90,35.51,0.53,-1,-1,-1
360,9,665.80,108.26,55.80,33.44,0.62,-1,-1,-1
360,10,799.23,106.41,69.96,37.87,0.57,-1,-1,-1
361,1,562.92,95.55,98.87,74.01,0.55,-1,-1,-1
361,3,1284.76,357.40,232.59,182.40,0.60,-1,-1,-1
361,5,724.65,107.57,75.54,36.42,0.55,-1,-1,-1
361,9,667.32,108.98,53.74,32.03,0.51,-1,-1,-1
362,1,562.35,96.98,99.41,72.54,0.52,-1,-1,-1
362,3,1284.76,357.34,232.65,182.63,0.60,-1,-1,-1
362,5,721.37,106.70,73.52,37.96,0.68,-1,-1,-1
362,9,667.11,108.66,56.57,32.85,0.57,-1,-1,-1
362,10,797.87,106.63,67.16,37.53,0.52,-1,-1,-1
363,1,562.70,98.83,98.45,70.69,0.59,-1,-1,-1
363,3,1284.75,357.40,232.70,182.64,0.60,-1,-1,-1
363,5,720.57,108.07,66.54,36.21,0.66,-1,-1,-1
363,10,797.50,107.15,65.24,36.54,0.56,-1,-1,-1
364,1,563.11,96.62,97.46,72.67,0.53,-1,-1,-1
364,3,1284.86,357.58,232.70,182.47,0.61,-1,-1,-1
364,5,720.03,107.43,60.83,35.50,0.61,-1,-1,-1
364,10,797.45,108.70,60.21,34.08,0.53,-1,-1,-1
365,1,562.88,101.09,96.95,68.35,0.51,-1,-1,-1
365,3,1284.81,357.65,232.85,182.37,0.62,-1,-1,-1
365,10,798.55,108.54,57.28,35.37,0.54,-1,-1,-1
366,1,563.08,97.29,96.11,72.02,0.50,-1,-1,-1
366,2,935.66,81.96,74.54,63.53,0.50,-1,-1,-1
366,3,1284.83,357.62,232.89,182.44,0.61,-1,-1,-1
366,10,797.19,107.76,55.87,36.10,0.51,-1,-1,-1
367,2,935.62,81.45,74.79,63.81,0.54,-1,-1,-1
367,3,1284.93,357.70,232.64,182.33,0.63,-1,-1,-1
367,9,671.12,103.10,74.76,40.50,0.52,-1,-1,-1
367,10,794.52,110.03,58.83,32.87,0.51,-1,-1,-1
368,2,935.22,82.68,75.22,63.27,0.56,-1,-1,-1
368,3,1284.78,357.76,232.72,182.03,0.61,-1,-1,-1
368,9,671.57,104.62,75.09,38.82,0.58,-1,-1,-1
369,2,934.88,83.00,75.62,61.65,0.54,-1,-1,-1
369,3,1284.89,357.12,232.61,182.71,0.63,-1,-1,-1
369,9,671.57,104.16,78.57,39.28,0.64,-1,-1,-1
369,10,793.55,104.47,56.83,36.86,0.53,-1,-1,-1
370,1,562.42,95.43,98.09,74.09,0.51,-1,-1,-1
370,2,934.95,81.94,75.50,62.31,0.54,-1,-1,-1
370,3,1284.58,356.32,232.85,183.66,0.61,-1,-1,-1
370,9,672.04,105.51,74.35,38.23,0.67,-1,-1,-1
371,1,562.55,95.77,97.63,73.98,0.52,-1,-1,-1
371,2,935.56,81.62,74.64,62.68,0.55,-1,-1,-1
371,3,1284.88,356.36,232.52,183.65,0.60,-1,-1,-1
371,9,673.57,105.90,71.07,39.33,0.66,-1,-1,-1
372,1,562.30,92.50,97.87,77.29,0.56,-1,-1,-1
372,2,936.35,80.90,73.77,63.11,0.59,-1,-1,-1
372,3,1284.79,356.41,232.54,183.66,0.60,-1,-1,-1
372,9,674.17,104.59,66.43,40.21,0.66,-1,-1,-1
373,1,561.87,91.66,98.67,78.05,0.58,-1,-1,-1
373,2,936.46,82.05,73.99,62.06,0.54,-1,-1,-1
373,3,1284.84,356.45,232.25,183.08,0.58,-1,-1,-1
373,9,673.58,103.78,62.85,39.65,0.63,-1,-1,-1
374,1,561.61,92.35,99.04,77.71,0.60,-1,-1,-1
374,2,936.30,81.74,74.12,62.19,0.57,-1,-1,-1
374,3,1285.04,356.80,231.95,182.73,0.60,-1,-1,-1
374,9,673.39,102.69,61.63,40.20,0.60,-1,-1,-1
374,10,789.32,104.79,57.81,36.65,0.53,-1,-1,-1
375,1,561.38,92.36,99.77,77.76,0.61,-1,-1,-1
375,2,936.13,81.78,74.24,62.10,0.56,-1,-1,-1
375,3,1285.02,356.77,231.88,182.76,0.59,-1,-1,-1
375,9,672.44,102.33,63.22,40.54,0.58,-1,-1,-1
375,10,789.44,105.19,57.48,37.28,0.61,-1,-1,-1
376,1,561.34,91.24,99.58,78.73,0.62,-1,-1,-1
376,2,936.33,81.73,73.99,62.15,0.57,-1,-1,-1
376,3,1284.93,356.75,231.78,182.95,0.59,-1,-1,-1
376,9,671.90,103.99,65.15,39.61,0.55,-1,-1,-1
376,10,787.02,103.53,59.36,40.05,0.58,-1,-1,-1
377,1,561.06,90.08,99.82,79.91,0.62,-1,-1,-1
377,2,936.32,82.02,73.92,61.95,0.55,-1,-1,-1
377,3,1284.99,356.77,231.85,182.78,0.59,-1,-1,-1
377,9,673.84,102.96,65.54,41.01,0.64,-1,-1,-1
377,10,785.69,104.65,60.96,39.52,0.61,-1,-1,-1
378,1,561.43,95.93,99.63,73.86,0.57,-1,-1,-1
378,2,936.15,82.05,74.11,62.09,0.54,-1,-1,-1
378,3,1285.03,356.74,231.75,182.78,0.59,-1,-1,-1
378,9,674.84,102.29,65.67,41.79,0.64,-1,-1,-1
378,10,785.48,107.39,60.83,37.05,0.64,-1,-1,-1
379,1,560.04,94.88,101.14,74.96,0.59,-1,-1,-1
379,2,935.89,82.30,74.44,61.99,0.53,-1,-1,-1
379,3,1285.20,356.80,231.55,182.67,0.58,-1,-1,-1
379,9,674.24,101.21,68.29,42.84,0.70,-1,-1,-1
379,10,785.43,107.00,59.90,37.14,0.59,-1,-1,-1
380,1,560.79,98.44,99.10,71.47,0.58,-1,-1,-1
380,2,935.86,82.38,74.53,61.88,0.53,-1,-1,-1
380,3,1285.12,356.87,231.64,182.60,0.58,-1,-1,-1
380,9,675.36,101.42,68.11,42.62,0.71,-1,-1,-1
380,10,785.05,107.24,58.97,34.99,0.54,-1,-1,-1
381,1,560.91,99.31,98.75,70.22,0.54,-1,-1,-1
381,2,935.84,82.04,74.51,62.00,0.53,-1,-1,-1
381,3,1285.06,356.72,231.64,182.77,0.58,-1,-1,-1
381,9,675.90,101.66,67.57,42.40,0.69,-1,-1,-1
381,10,783.39,108.37,57.94,35.34,0.57,-1,-1,-1
382,1,560.55,96.89,99.32,72.62,0.56,-1,-1,-1
382,2,935.67,82.19,74.61,61.96,0.53,-1,-1,-1
382,3,1284.90,356.66,231.77,182.69,0.58,-1,-1,-1
382,9,676.94,102.82,65.56,40.33,0.68,-1,-1,-1
382,10,783.97,108.46,53.75,32.14,0.53,-1,-1,-1
383,1,561.39,96.43,98.32,73.09,0.55,-1,-1,-1
383,2,935.86,81.77,74.36,62.38,0.55,-1,-1,-1
383,3,1284.67,356.86,232.16,182.60,0.58,-1,-1,-1
383,9,679.65,102.18,63.80,41.39,0.70,-1,-1,-1
383,10,782.40,108.40,53.63,31.38,0.54,-1,-1,-1
384,1,562.19,95.66,97.48,74.01,0.51,-1,-1,-1
384,2,935.87,81.76,74.22,62.37,0.54,-1,-1,-1
384,3,1284.61,356.95,232.29,182.47,0.58,-1,-1,-1
384,9,681.87,102.23,61.33,41.15,0.70,-1,-1,-1
384,10,781.88,108.25,54.04,31.64,0.54,-1,-1,-1
385,2,936.02,81.36,74.25,62.64,0.55,-1,-1,-1
385,3,1284.92,357.14,231.98,182.17,0.61,-1,-1,-1
385,9,685.20,101.74,59.64,41.84,0.72,-1,-1,-1
385,10,779.53,108.54,55.01,30.93,0.61,-1,-1,-1
386,2,935.88,81.51,74.61,62.46,0.56,-1,-1,-1
386,3,1284.89,356.97,232.02,182.44,0.60,-1,-1,-1
386,9,687.87,101.36,58.51,42.06,0.71,-1,-1,-1
386,10,779.42,109.46,53.47,29.70,0.60,-1,-1,-1
387,2,935.93,81.59,74.59,62.48,0.56,-1,-1,-1
387,3,1284.73,356.97,232.19,182.58,0.58,-1,-1,-1
387,9,687.87,101.62,59.18,41.64,0.71,-1,-1,-1
387,10,777.74,111.11,58.28,28.30,0.53,-1,-1,-1
388,1,561.28,95.69,98.38,74.08,0.51,-1,-1,-1
388,2,936.62,81.10,74.00,62.93,0.55,-1,-1,-1
388,3,1284.17,356.56,232.59,182.83,0.64,-1,-1,-1
388,9,689.09,99.02,62.04,43.91,0.68,-1,-1,-1
389,2,936.65,80.49,73.90,63.51,0.55,-1,-1,-1
389,3,1284.38,357.01,232.24,182.53,0.65,-1,-1,-1
389,9,692.51,95.13,64.95,48.19,0.62,-1,-1,-1
390,1,561.28,95.05,98.27,74.75,0.51,-1,-1,-1
390,2,936.57,80.69,73.89,63.27,0.56,-1,-1,-1
390,3,1284.38,357.00,232.15,182.49,0.65,-1,-1,-1
390,9,699.80,96.37,63.61,45.35,0.52,-1,-1,-1
391,1,561.49,96.60,97.79,72.96,0.52,-1,-1,-1
391,2,935.66,80.43,73.82,64.26,0.53,-1,-1,-1
391,3,1284.32,356.83,232.18,182.61,0.66,-1,-1,-1
391,9,701.15,93.45,63.98,46.61,0.57,-1,-1,-1
391,11,656.79,106.49,48.65,34.76,0.59,-1,-1,-1
392,2,935.34,78.85,73.36,65.27,0.53,-1,-1,-1
392,3,1284.59,356.67,232.16,182.96,0.64,-1,-1,-1
392,9,704.52,92.88,67.68,46.43,0.62,-1,-1,-1
392,11,657.69,105.72,51.11,35.97,0.64,-1,-1,-1
393,1,562.52,96.30,97.24,73.36,0.51,-1,-1,-1
393,2,936.48,80.95,73.15,63.94,0.58,-1,-1,-1
393,3,1284.73,356.56,232.04,183.02,0.65,-1,-1,-1
393,9,704.91,94.08,68.92,45.57,0.61,-1,-1,-1
393,11,657.14,105.85,53.45,35.91,0.62,-1,-1,-1
394,1,561.45,90.58,99.99,78.80,0.55,-1,-1,-1
394,2,935.58,81.94,74.21,63.01,0.57,-1,-1,-1
394,3,1285.24,356.79,231.70,182.70,0.63,-1,-1,-1
394,9,704.71,93.00,68.93,47.20,0.61,-1,-1,-1
394,11,660.45,106.17,50.49,35.82,0.59,-1,-1,-1
395,1,563.46,95.33,96.61,74.32,0.54,-1,-1,-1
395,2,935.47,80.88,74.17,64.24,0.64,-1,-1,-1
395,3,1285.38,356.51,231.79,183.19,0.60,-1,-1,-1
395,9,707.32,93.62,66.54,47.33,0.55,-1,-1,-1
395,11,661.78,105.87,50.28,36.07,0.57,-1,-1,-1
396,1,563.58,93.88,97.22,75.70,0.54,-1,-1,-1
396,2,936.21,81.34,73.50,63.15,0.63,-1,-1,-1
396,3,1285.19,356.28,232.04,183.46,0.61,-1,-1,-1
396,9,713.66,90.85,67.31,50.35,0.59,-1,-1,-1
396,11,665.62,105.79,50.56,35.59,0.55,-1,-1,-1
397,1,562.98,95.63,97.67,74.59,0.59,-1,-1,-1
397,2,935.39,82.23,74.24,62.28,0.62,-1,-1,-1
397,3,1285.33,356.07,231.76,183.32,0.58,-1,-1,-1
397,9,717.94,90.42,67.58,50.89,0.58,-1,-1,-1
397,11,667.41,104.79,54.09,36.60,0.56,-1,-1,-1
398,1,563.06,95.34,97.59,74.68,0.57,-1,-1,-1
398,2,935.56,82.06,73.80,62.48,0.61,-1,-1,-1
398,3,1285.19,356.45,231.37,182.98,0.59,-1,-1,-1
398,9,720.74,86.83,66.86,54.64,0.58,-1,-1,-1
398,11,668.60,100.77,56.20,40.42,0.51,-1,-1,-1
399,1,562.90,95.56,97.74,74.50,0.57,-1,-1,-1
399,2,936.34,81.99,73.12,62.50,0.62,-1,-1,-1
399,3,1285.25,356.89,231.21,182.48,0.62,-1,-1,-1
399,9,719.71,83.70,69.58,57.50,0.60,-1,-1,-1
399,11,669.20,104.01,54.25,37.32,0.50,-1,-1,-1
400,1,562.83,95.92,98.07,74.48,0.61,-1,-1,-1
400,2,935.87,81.69,73.50,62.82,0.62,-1,-1,-1
400,3,1285.16,356.96,231.25,182.58,0.61,-1,-1,-1
400,9,717.99,85.95,70.80,56.00,0.62,-1,-1,-1
401,1,562.80,95.58,98.41,74.31,0.57,-1,-1,-1
401,2,935.86,81.31,73.25,63.03,0.63,-1,-1,-1
401,3,1284.95,357.23,231.63,182.23,0.63,-1,-1,-1
401,9,721.61,86.23,68.34,54.55,0.63,-1,-1,-1
401,11,668.94,100.57,56.32,40.97,0.54,-1,-1,-1
402,1,563.23,94.41,99.31,75.79,0.56,-1,-1,-1
402,2,937.56,79.50,71.82,64.73,0.60,-1,-1,-1
402,3,1284.46,357.13,232.12,182.77,0.52,-1,-1,-1
402,9,721.60,86.44,69.51,54.46,0.62,-1,-1,-1
403,1,563.66,94.31,99.74,75.83,0.59,-1,-1,-1
403,2,937.60,79.43,71.79,64.81,0.61,-1,-1,-1
403,3,1284.51,357.14,232.05,182.67,0.52,-1,-1,-1
403,9,722.87,86.59,68.82,54.51,0.63,-1,-1,-1
403,12,1533.77,135.83,46.90,70.84,0.60,-1,-1,-1
404,1,563.67,95.36,99.11,74.71,0.60,-1,-1,-1
404,2,937.55,79.47,71.85,64.74,0.61,-1,-1,-1
404,3,1284.53,357.14,232.00,182.65,0.52,-1,-1,-1
404,9,722.63,86.53,69.94,54.37,0.62,-1,-1,-1
404,12,1518.85,136.93,60.54,77.23,0.62,-1,-1,-1
405,1,563.55,93.69,98.63,76.34,0.61,-1,-1,-1
405,2,937.67,79.45,71.73,64.77,0.60,-1,-1,-1
405,3,1284.53,357.16,231.94,182.63,0.53,-1,-1,-1
405,9,721.82,85.98,71.04,54.43,0.60,-1,-1,-1
405,11,674.16,100.83,51.86,39.99,0.52,-1,-1,-1
405,12,1506.59,154.17,72.72,64.40,0.52,-1,-1,-1
406,1,563.21,91.53,99.19,78.20,0.60,-1,-1,-1
406,2,937.68,79.40,71.69,64.89,0.60,-1,-1,-1
406,3,1284.46,356.79,232.17,183.17,0.55,-1,-1,-1
406,9,720.79,85.24,71.98,54.29,0.53,-1,-1,-1
407,1,563.74,92.64,98.39,77.26,0.63,-1,-1,-1
407,2,937.80,79.41,71.50,64.83,0.61,-1,-1,-1
407,3,1284.48,356.80,232.07,182.97,0.55,-1,-1,-1
407,9,721.31,85.23,71.45,54.57,0.54,-1,-1,-1
407,11,675.07,100.44,50.97,40.92,0.52,-1,-1,-1
408,1,563.47,92.39,98.51,77.43,0.60,-1,-1,-1
408,2,938.12,79.32,71.17,65.05,0.62,-1,-1,-1
408,3,1284.08,356.62,232.28,183.15,0.54,-1,-1,-1
408,9,721.96,86.04,71.23,54.17,0.55,-1,-1,-1
408,11,674.94,97.81,52.38,43.62,0.52,-1,-1,-1
408,12,1466.73,110.39,113.24,124.33,0.55,-1,-1,-1
409,1,562.95,90.74,98.38,78.98,0.61,-1,-1,-1
409,2,937.89,79.75,72.07,64.37,0.57,-1,-1,-1
409,3,1284.39,356.77,232.28,183.47,0.54,-1,-1,-1
409,9,723.15,88.08,71.17,53.35,0.51,-1,-1,-1
409,11,675.34,97.68,53.08,43.71,0.55,-1,-1,-1
409,12,1456.77,114.65,125.00,124.58,0.67,-1,-1,-1
410,1,563.08,90.21,98.43,79.52,0.60,-1,-1,-1
410,2,937.60,79.89,72.42,64.04,0.57,-1,-1,-1
410,3,1284.78,357.06,231.82,183.27,0.58,-1,-1,-1
410,11,676.22,98.71,51.80,42.68,0.50,-1,-1,-1
411,1,563.57,90.51,98.48,79.04,0.57,-1,-1,-1
411,2,938.09,80.85,71.92,66.45,0.56,-1,-1,-1
411,3,1285.02,357.59,231.84,182.68,0.61,-1,-1,-1
411,12,1432.73,120.05,145.79,125.41,0.56,-1,-1,-1
412,1,564.02,91.19,97.87,78.74,0.59,-1,-1,-1
412,2,937.23,80.56,72.78,64.15,0.56,-1,-1,-1
412,3,1284.95,357.93,231.76,182.51,0.60,-1,-1,-1
413,1,563.96,90.07,98.59,79.97,0.60,-1,-1,-1
413,2,937.45,80.54,72.17,63.77,0.58,-1,-1,-1
413,3,1285.24,358.08,231.81,182.26,0.65,-1,-1,-1
413,12,1408.40,131.53,165.08,117.81,0.52,-1,-1,-1
414,1,563.67,90.85,98.44,78.99,0.59,-1,-1,-1
414,2,937.31,80.54,72.32,63.74,0.57,-1,-1,-1
414,3,1285.04,357.70,231.85,182.54,0.65,-1,-1,-1
415,1,563.53,90.88,98.55,78.98,0.58,-1,-1,-1
415,2,937.23,80.68,72.32,63.54,0.60,-1,-1,-1
415,3,1285.17,357.33,231.76,182.96,0.66,-1,-1,-1
415,12,1386.14,126.66,192.76,123.46,0.73,-1,-1,-1
416,1,563.39,91.47,98.12,78.45,0.58,-1,-1,-1
416,2,937.13,80.66,72.46,63.65,0.59,-1,-1,-1
416,3,1285.40,357.48,231.79,182.83,0.63,-1,-1,-1
416,12,1379.52,133.63,199.72,118.26,0.59,-1,-1,-1
417,1,563.91,92.56,97.54,77.41,0.57,-1,-1,-1
417,2,937.12,80.76,72.50,63.40,0.59,-1,-1,-1
417,3,1285.56,357.49,231.51,182.89,0.65,-1,-1,-1
417,12,1368.80,136.67,211.24,117.11,0.70,-1,-1,-1
418,1,563.66,92.53,97.69,77.45,0.57,-1,-1,-1
418,2,936.57,80.79,73.09,63.78,0.60,-1,-1,-1
418,3,1285.10,357.13,231.79,183.39,0.60,-1,-1,-1
418,9,719.59,83.19,74.91,62.52,0.52,-1,-1,-1
418,12,1362.73,136.71,219.59,119.24,0.78,-1,-1,-1
419,1,563.34,92.65,97.42,77.38,0.60,-1,-1,-1
419,2,936.35,81.07,73.45,63.47,0.60,-1,-1,-1
419,3,1285.69,357.45,232.99,183.99,0.59,-1,-1,-1
419,9,719.72,82.23,75.28,64.46,0.58,-1,-1,-1
419,12,1361.80,137.97,220.54,118.89,0.72,-1,-1,-1
420,1,563.68,92.86,96.72,77.16,0.58,-1,-1,-1
420,2,936.64,81.09,73.18,63.43,0.59,-1,-1,-1
420,3,1285.14,357.09,231.77,183.50,0.59,-1,-1,-1
420,9,720.19,82.67,76.92,64.27,0.56,-1,-1,-1
420,12,1360.14,138.84,221.74,119.21,0.74,-1,-1,-1
421,1,563.49,93.25,97.04,76.43,0.58,-1,-1,-1
421,2,936.59,81.26,73.30,63.24,0.59,-1,-1,-1
421,3,1284.36,356.53,232.23,183.65,0.52,-1,-1,-1
421,9,718.81,82.34,81.30,65.72,0.69,-1,-1,-1
421,12,1359.70,138.65,219.88,118.05,0.80,-1,-1,-1
422,1,563.49,93.57,96.97,76.17,0.60,-1,-1,-1
422,2,936.66,81.28,73.20,63.16,0.59,-1,-1,-1
422,3,1284.32,356.64,232.30,183.45,0.56,-1,-1,-1
422,9,717.77,82.48,83.46,66.55,0.73,-1,-1,-1
422,12,1357.47,139.67,220.59,118.78,0.80,-1,-1,-1
423,1,563.51,94.72,97.22,75.17,0.61,-1,-1,-1
423,2,936.74,81.34,73.10,63.05,0.58,-1,-1,-1
423,3,1284.40,356.65,232.25,183.40,0.59,-1,-1,-1
423,9,717.87,82.97,82.86,65.70,0.61,-1,-1,-1
423,11,681.47,97.56,45.49,45.45,0.51,-1,-1,-1
423,12,1357.14,140.53,216.88,118.75,0.76,-1,-1,-1
424,1,563.09,94.65,97.67,75.22,0.63,-1,-1,-1
424,2,938.28,81.71,71.34,65.29,0.59,-1,-1,-1
424,3,1284.43,356.70,232.13,183.08,0.57,-1,-1,-1
424,9,714.00,88.07,85.34,62.80,0.64,-1,-1,-1
424,12,1357.24,142.05,209.68,116.53,0.71,-1,-1,-1
425,1,563.30,95.10,97.38,74.55,0.59,-1,-1,-1
425,2,937.79,81.68,71.60,65.11,0.65,-1,-1,-1
425,3,1284.08,356.59,232.33,183.76,0.57,-1,-1,-1
425,9,713.51,85.07,87.37,64.51,0.67,-1,-1,-1
425,12,1321.83,142.26,244.55,117.24,0.68,-1,-1,-1
426,1,563.50,96.54,96.60,72.76,0.59,-1,-1,-1
426,2,937.29,81.79,72.16,65.05,0.65,-1,-1,-1
426,3,1283.92,356.79,232.54,183.45,0.62,-1,-1,-1
426,9,712.97,84.02,88.08,66.02,0.60,-1,-1,-1
426,12,1316.85,143.92,244.47,116.04,0.76,-1,-1,-1
427,1,563.59,97.30,96.68,72.30,0.58,-1,-1,-1
427,2,937.53,81.46,71.86,65.30,0.60,-1,-1,-1
427,3,1284.10,356.85,232.53,183.17,0.60,-1,-1,-1
427,9,713.78,85.56,88.48,69.29,0.64,-1,-1,-1
427,12,1315.92,144.01,242.76,118.47,0.71,-1,-1,-1
428,1,563.75,97.76,96.25,72.05,0.58,-1,-1,-1
428,2,938.23,81.61,71.18,64.98,0.61,-1,-1,-1
428,3,1284.12,357.04,232.59,183.09,0.59,-1,-1,-1
428,9,718.04,89.40,84.36,65.09,0.62,-1,-1,-1
428,12,1314.08,145.86,242.74,116.55,0.73,-1,-1,-1
429,1,563.74,97.88,96.11,71.71,0.59,-1,-1,-1
429,2,937.83,83.02,71.22,63.88,0.63,-1,-1,-1
429,3,1284.13,357.01,232.64,183.09,0.58,-1,-1,-1
429,9,719.29,88.91,83.51,66.67,0.63,-1,-1,-1
429,12,1312.00,145.52,242.88,116.33,0.68,-1,-1,-1
430,1,563.58,96.76,96.64,72.85,0.60,-1,-1,-1
430,2,936.65,81.71,72.94,63.13,0.65,-1,-1,-1
430,3,1284.38,357.14,232.43,182.96,0.57,-1,-1,-1
430,9,716.42,87.78,86.81,69.30,0.63,-1,-1,-1
430,12,1355.72,145.06,200.01,111.45,0.66,-1,-1,-1
431,1,563.24,95.70,96.49,73.82,0.60,-1,-1,-1
431,2,935.47,81.16,74.18,63.56,0.66,-1,-1,-1
431,3,1284.37,357.37,232.41,182.97,0.56,-1,-1,-1
431,9,716.98,87.25,86.04,70.46,0.65,-1,-1,-1
431,12,1308.14,145.76,245.86,117.05,0.70,-1,-1,-1
432,1,563.65,96.04,96.60,73.77,0.61,-1,-1,-1
432,2,938.92,80.52,70.35,63.94,0.62,-1,-1,-1
432,3,1284.21,357.01,232.88,183.26,0.59,-1,-1,-1
432,9,718.73,89.57,85.64,72.77,0.66,-1,-1,-1
432,12,1308.07,145.70,245.62,118.32,0.74,-1,-1,-1
433,1,561.95,97.30,98.42,72.19,0.64,-1,-1,-1
433,2,935.37,80.73,74.46,64.25,0.52,-1,-1,-1
433,3,1284.49,357.11,232.67,183.09,0.53,-1,-1,-1
433,9,718.17,89.88,85.86,73.77,0.65,-1,-1,-1
433,12,1308.38,145.64,245.68,118.44,0.72,-1,-1,-1
434,1,562.77,97.14,97.72,72.27,0.62,-1,-1,-1
434,2,937.28,79.56,74.73,67.04,0.53,-1,-1,-1
434,3,1284.70,357.24,232.50,182.98,0.53,-1,-1,-1
434,9,715.77,90.07,88.26,74.76,0.68,-1,-1,-1
434,12,1308.07,145.66,245.69,117.63,0.71,-1,-1,-1
435,1,562.63,96.90,97.59,72.67,0.62,-1,-1,-1
435,2,934.03,80.61,77.11,64.13,0.51,-1,-1,-1
435,3,1284.67,357.10,232.43,183.13,0.57,-1,-1,-1
435,9,713.57,89.74,90.25,76.26,0.74,-1,-1,-1
435,12,1314.56,145.80,239.51,113.81,0.69,-1,-1,-1
436,1,562.19,94.90,98.08,74.78,0.60,-1,-1,-1
436,2,937.23,81.37,72.18,63.88,0.53,-1,-1,-1
436,3,1284.80,357.47,232.39,182.94,0.56,-1,-1,-1
436,9,714.74,94.79,88.20,73.33,0.75,-1,-1,-1
436,12,1308.58,146.62,245.25,115.97,0.70,-1,-1,-1
437,1,562.86,97.89,97.15,71.92,0.57,-1,-1,-1
437,2,936.04,82.60,73.05,62.50,0.52,-1,-1,-1
437,3,1284.70,356.04,232.76,184.40,0.53,-1,-1,-1
437,9,713.76,94.86,89.81,73.51,0.78,-1,-1,-1
437,12,1310.01,146.71,243.79,116.19,0.68,-1,-1,-1
438,1,562.93,98.20,97.36,71.90,0.57,-1,-1,-1
438,2,936.96,84.95,72.35,61.95,0.54,-1,-1,-1
438,3,1285.80,356.70,233.40,184.52,0.53,-1,-1,-1
438,9,711.06,92.57,91.64,78.48,0.80,-1,-1,-1
438,12,1310.00,146.85,243.75,115.89,0.68,-1,-1,-1
439,1,562.97,98.17,97.82,71.96,0.56,-1,-1,-1
439,2,935.69,81.83,73.98,63.32,0.58,-1,-1,-1
439,3,1285.78,356.83,233.41,184.34,0.53,-1,-1,-1
439,9,709.17,92.73,93.92,78.49,0.73,-1,-1,-1
439,12,1309.76,146.73,244.19,116.17,0.70,-1,-1,-1
440,1,562.88,96.50,97.72,73.35,0.58,-1,-1,-1
440,2,935.64,82.41,73.85,62.66,0.64,-1,-1,-1
440,3,1285.85,356.84,233.44,184.31,0.55,-1,-1,-1
440,9,706.80,93.64,96.20,80.10,0.75,-1,-1,-1
440,12,1309.72,146.90,244.10,115.70,0.69,-1,-1,-1
441,1,562.79,96.58,97.87,73.60,0.57,-1,-1,-1
441,2,935.74,82.40,72.96,63.06,0.61,-1,-1,-1
441,3,1285.30,356.49,232.56,184.01,0.55,-1,-1,-1
441,9,705.40,92.77,95.94,82.26,0.74,-1,-1,-1
441,12,1308.73,146.52,245.64,115.34,0.69,-1,-1,-1
442,1,562.25,101.00,98.45,68.74,0.53,-1,-1,-1
442,2,935.72,81.90,73.76,63.74,0.58,-1,-1,-1
442,3,1285.58,356.07,232.49,183.28,0.57,-1,-1,-1
442,9,705.46,93.73,94.60,83.46,0.78,-1,-1,-1
442,12,1328.09,146.57,226.04,113.32,0.68,-1,-1,-1
443,1,562.68,99.84,97.90,70.13,0.53,-1,-1,-1
443,2,934.48,81.90,75.68,63.50,0.58,-1,-1,-1
443,3,1285.48,356.14,232.62,183.18,0.58,-1,-1,-1
443,9,701.90,93.83,96.53,84.09,0.68,-1,-1,-1
443,12,1331.35,146.55,222.77,113.21,0.68,-1,-1,-1
444,1,562.23,95.35,98.15,74.27,0.54,-1,-1,-1
444,2,936.33,80.60,73.83,65.20,0.62,-1,-1,-1
444,3,1285.49,356.76,232.65,182.78,0.53,-1,-1,-1
444,9,703.48,92.49,94.33,85.93,0.72,-1,-1,-1
444,12,1341.28,145.75,213.34,114.23,0.67,-1,-1,-1
445,1,562.22,93.57,98.19,76.06,0.55,-1,-1,-1
445,2,936.40,81.06,73.27,65.04,0.67,-1,-1,-1
445,3,1285.04,356.25,232.97,183.10,0.55,-1,-1,-1
445,9,701.89,92.38,94.24,86.02,0.69,-1,-1,-1
445,12,1331.22,145.67,223.17,114.27,0.71,-1,-1,-1
446,1,562.09,92.83,98.24,76.87,0.57,-1,-1,-1
446,2,934.77,81.19,75.17,64.60,0.62,-1,-1,-1
446,3,1284.96,356.16,233.07,183.28,0.54,-1,-1,-1
446,9,703.17,88.85,93.27,93.87,0.71,-1,-1,-1
446,12,1329.48,146.26,224.69,113.13,0.70,-1,-1,-1
447,1,562.23,93.21,98.41,76.24,0.58,-1,-1,-1
447,2,937.01,80.80,73.02,64.79,0.61,-1,-1,-1
447,3,1284.94,355.99,232.82,183.78,0.52,-1,-1,-1
447,9,701.38,89.80,92.50,96.31,0.66,-1,-1,-1
447,12,1324.07,146.40,230.10,113.18,0.69,-1,-1,-1
448,1,561.68,93.85,98.89,75.36,0.54,-1,-1,-1
448,2,938.15,81.72,72.04,66.23,0.58,-1,-1,-1
448,3,1285.15,357.02,232.88,182.51,0.53,-1,-1,-1
448,9,700.02,90.50,94.40,96.40,0.61,-1,-1,-1
448,12,1308.80,146.09,245.21,116.43,0.71,-1,-1,-1
449,1,561.13,93.46,99.76,75.88,0.55,-1,-1,-1
449,2,937.74,80.03,72.05,64.29,0.59,-1,-1,-1
449,9,696.68,87.90,96.56,101.26,0.53,-1,-1,-1
449,12,1315.76,145.60,239.11,113.95,0.68,-1,-1,-1
450,1,561.25,94.74,99.45,74.89,0.55,-1,-1,-1
450,2,938.47,81.62,70.78,66.11,0.57,-1,-1,-1
450,12,1308.35,145.62,245.29,116.79,0.69,-1,-1,-1
451,1,561.69,93.86,99.14,75.22,0.54,-1,-1,-1
451,2,937.30,80.64,71.97,64.51,0.60,-1,-1,-1
451,9,694.00,87.54,98.68,103.71,0.51,-1,-1,-1
451,12,1356.17,145.17,197.46,112.85,0.66,-1,-1,-1
452,1,561.60,96.07,98.98,72.68,0.56,-1,-1,-1
452,2,938.40,81.73,71.06,65.80,0.62,-1,-1,-1
452,9,692.84,84.86,97.78,107.34,0.59,-1,-1,-1
452,12,1308.16,145.61,245.49,117.17,0.67,-1,-1,-1
453,1,561.28,95.99,99.17,72.98,0.57,-1,-1,-1
453,2,938.60,81.85,71.07,65.51,0.61,-1,-1,-1
453,12,1307.79,145.61,245.93,117.24,0.66,-1,-1,-1
454,1,560.98,96.28,99.08,72.68,0.56,-1,-1,-1
454,2,938.55,81.84,71.06,65.55,0.62,-1,-1,-1
454,9,690.87,103.53,98.64,97.41,0.63,-1,-1,-1
454,12,1356.18,145.32,197.39,113.33,0.66,-1,-1,-1
455,1,560.80,99.34,98.47,70.09,0.57,-1,-1,-1
455,2,937.37,80.51,72.32,64.19,0.62,-1,-1,-1
455,9,688.98,116.62,102.01,85.11,0.72,-1,-1,-1
455,12,1356.21,145.34,197.32,113.33,0.66,-1,-1,-1
456,1,561.64,99.79,98.08,69.21,0.57,-1,-1,-1
456,2,938.47,81.86,71.34,65.56,0.62,-1,-1,-1
456,9,688.97,117.67,100.97,85.20,0.76,-1,-1,-1
456,12,1355.79,145.23,197.99,113.77,0.66,-1,-1,-1
457,1,560.58,94.65,100.07,74.52,0.60,-1,-1,-1
457,2,936.60,80.11,73.07,64.41,0.63,-1,-1,-1
457,9,687.72,122.23,102.36,84.07,0.82,-1,-1,-1
457,12,1355.48,145.49,197.79,113.63,0.64,-1,-1,-1
458,1,562.02,97.35,98.75,72.58,0.51,-1,-1,-1
458,2,936.77,80.00,72.77,64.45,0.62,-1,-1,-1
458,3,1285.10,357.01,232.20,182.34,0.51,-1,-1,-1
458,9,687.24,125.31,101.69,84.41,0.75,-1,-1,-1
458,12,1319.38,145.41,235.52,114.35,0.66,-1,-1,-1
459,1,562.13,99.03,99.26,71.01,0.56,-1,-1,-1
459,2,936.42,81.45,72.64,63.55,0.66,-1,-1,-1
459,3,1284.97,356.79,232.84,182.64,0.55,-1,-1,-1
459,9,685.61,122.06,103.82,90.39,0.71,-1,-1,-1
459,12,1322.31,144.94,232.55,115.59,0.67,-1,-1,-1
460,1,562.74,95.94,99.41,74.46,0.58,-1,-1,-1
460,2,936.16,81.55,72.67,63.98,0.67,-1,-1,-1
460,3,1284.93,356.80,233.03,182.56,0.61,-1,-1,-1
460,9,685.71,125.38,103.69,88.30,0.79,-1,-1,-1
460,12,1309.29,146.67,244.86,115.86,0.69,-1,-1,-1
461,1,562.03,95.94,99.92,74.00,0.55,-1,-1,-1
461,2,936.60,81.33,72.56,64.20,0.67,-1,-1,-1
461,3,1284.91,356.35,233.00,182.84,0.60,-1,-1,-1
461,9,685.65,126.02,104.51,88.11,0.82,-1,-1,-1
461,12,1309.36,146.98,244.64,115.68,0.68,-1,-1,-1
462,1,561.87,94.03,99.39,75.64,0.62,-1,-1,-1
462,2,936.87,80.09,71.98,65.73,0.63,-1,-1,-1
462,3,1284.93,356.29,232.97,182.88,0.61,-1,-1,-1
462,9,684.64,127.27,105.44,89.27,0.80,-1,-1,-1
462,12,1309.51,147.00,244.46,115.57,0.70,-1,-1,-1
463,1,562.47,97.72,98.15,71.42,0.55,-1,-1,-1
463,2,937.43,81.20,71.17,64.60,0.57,-1,-1,-1
463,3,1284.82,356.42,233.20,182.81,0.61,-1,-1,-1
463,9,683.70,128.81,106.87,90.21,0.80,-1,-1,-1
463,12,1309.62,147.00,244.44,115.12,0.68,-1,-1,-1
464,1,563.21,98.29,97.97,71.39,0.56,-1,-1,-1
464,2,935.12,80.98,74.35,64.19,0.67,-1,-1,-1
464,3,1284.84,356.25,233.19,183.00,0.62,-1,-1,-1
464,9,683.15,130.85,108.66,91.63,0.77,-1,-1,-1
464,12,1325.96,146.39,228.46,112.97,0.68,-1,-1,-1
465,1,559.03,86.51,103.75,82.52,0.55,-1,-1,-1
465,2,934.88,81.67,75.59,63.94,0.63,-1,-1,-1
465,3,1284.80,355.79,233.42,183.44,0.62,-1,-1,-1
465,9,681.98,133.12,109.79,90.81,0.74,-1,-1,-1
465,12,1309.63,147.09,244.54,115.31,0.69,-1,-1,-1
466,1,557.93,86.72,104.74,82.46,0.53,-1,-1,-1
466,2,934.41,82.37,76.20,63.26,0.64,-1,-1,-1
466,3,1284.85,356.08,233.43,183.24,0.64,-1,-1,-1
466,9,683.34,135.73,106.98,89.62,0.77,-1,-1,-1
466,12,1321.99,146.48,232.44,112.85,0.69,-1,-1,-1
467,1,562.72,97.43,98.38,71.93,0.52,-1,-1,-1
467,2,934.63,81.94,75.47,63.28,0.63,-1,-1,-1
467,3,1284.99,356.52,233.18,182.95,0.62,-1,-1,-1
467,9,683.46,136.24,107.26,91.14,0.73,-1,-1,-1
467,12,1335.18,146.42,219.31,112.15,0.68,-1,-1,-1
468,1,562.58,98.26,98.03,71.13,0.53,-1,-1,-1
468,2,935.57,84.18,73.87,62.43,0.62,-1,-1,-1
468,3,1285.26,356.78,232.68,182.74,0.62,-1,-1,-1
468,9,682.53,137.88,110.35,93.69,0.73,-1,-1,-1
468,12,1333.05,146.26,221.62,112.47,0.70,-1,-1,-1
469,1,561.29,96.09,98.93,73.41,0.52,-1,-1,-1
469,2,937.12,84.36,73.12,62.90,0.61,-1,-1,-1
469,3,1285.62,357.86,232.21,182.27,0.58,-1,-1,-1
469,9,681.70,138.68,110.38,95.23,0.76,-1,-1,-1
469,11,707.81,82.61,79.02,55.74,0.52,-1,-1,-1
469,12,1325.02,145.98,229.80,113.16,0.70,-1,-1,-1
470,2,936.10,82.38,73.48,62.52,0.58,-1,-1,-1
470,3,1286.13,357.99,232.63,183.17,0.57,-1,-1,-1
470,9,680.23,141.45,111.73,93.72,0.79,-1,-1,-1
470,11,708.08,82.36,80.62,60.15,0.56,-1,-1,-1
470,12,1355.35,145.81,199.35,112.73,0.68,-1,-1,-1
471,2,936.40,82.54,74.05,64.20,0.60,-1,-1,-1
471,3,1285.46,356.94,232.05,182.96,0.56,-1,-1,-1
471,9,679.22,143.41,112.85,93.66,0.77,-1,-1,-1
471,11,708.25,82.16,82.94,62.81,0.54,-1,-1,-1
471,12,1355.71,145.75,198.85,113.42,0.67,-1,-1,-1
472,1,560.83,94.67,98.75,74.71,0.53,-1,-1,-1
472,2,937.19,80.60,71.99,63.92,0.60,-1,-1,-1
472,3,1285.30,356.70,232.04,183.25,0.61,-1,-1,-1
472,9,676.98,143.61,114.28,95.92,0.77,-1,-1,-1
472,11,707.65,80.99,84.04,63.48,0.65,-1,-1,-1
472,12,1308.55,145.98,245.74,115.65,0.70,-1,-1,-1
473,1,560.39,94.52,99.53,75.24,0.55,-1,-1,-1
473,3,1286.13,357.27,232.39,183.33,0.61,-1,-1,-1
473,9,676.24,146.81,116.61,96.53,0.75,-1,-1,-1
473,11,706.15,80.63,85.85,69.38,0.61,-1,-1,-1
473,12,1308.23,146.14,245.94,115.99,0.74,-1,-1,-1
474,1,554.99,84.04,106.64,84.59,0.55,-1,-1,-1
474,2,936.29,78.94,73.75,65.46,0.53,-1,-1,-1
474,3,1286.32,357.60,232.14,182.99,0.64,-1,-1,-1
474,9,673.95,147.17,116.63,100.40,0.80,-1,-1,-1
474,11,706.70,80.67,85.41,68.83,0.58,-1,-1,-1
474,12,1308.07,146.05,246.17,116.38,0.73,-1,-1,-1
475,1,554.41,84.01,107.04,84.20,0.52,-1,-1,-1
475,2,937.63,80.43,71.01,64.04,0.61,-1,-1,-1
475,3,1285.44,357.11,231.87,182.18,0.60,-1,-1,-1
475,9,674.21,147.92,116.63,102.19,0.75,-1,-1,-1
475,11,705.97,81.45,85.99,66.44,0.64,-1,-1,-1
475,12,1308.14,145.79,246.10,116.29,0.71,-1,-1,-1
476,1,560.95,92.47,99.83,76.32,0.51,-1,-1,-1
476,2,937.63,79.94,72.58,64.37,0.54,-1,-1,-1
476,3,1284.49,356.44,232.81,183.66,0.61,-1,-1,-1
476,9,677.45,150.52,113.89,104.24,0.79,-1,-1,-1
476,11,705.30,80.46,87.44,70.79,0.67,-1,-1,-1
476,12,1309.19,145.47,245.39,114.54,0.66,-1,-1,-1
477,1,560.40,95.13,100.44,73.71,0.51,-1,-1,-1
477,2,937.56,79.62,72.59,64.05,0.55,-1,-1,-1
477,3,1284.33,356.47,232.95,183.58,0.61,-1,-1,-1
477,9,675.55,152.14,117.20,105.36,0.84,-1,-1,-1
477,11,704.66,82.39,88.89,69.96,0.71,-1,-1,-1
477,12,1355.10,145.31,199.00,113.14,0.66,-1,-1,-1
478,1,561.04,93.97,100.59,75.59,0.56,-1,-1,-1
478,2,938.54,79.28,71.57,64.39,0.55,-1,-1,-1
478,3,1284.41,356.98,232.92,183.65,0.55,-1,-1,-1
478,9,674.51,154.33,119.66,106.62,0.86,-1,-1,-1
478,11,704.74,83.74,89.36,69.39,0.72,-1,-1,-1
478,12,1355.83,145.69,197.77,113.28,0.66,-1,-1,-1
479,1,561.53,97.22,100.41,71.71,0.51,-1,-1,-1
479,2,938.58,79.27,71.50,64.38,0.55,-1,-1,-1
479,3,1284.33,356.36,232.87,184.09,0.56,-1,-1,-1
479,9,670.77,155.97,124.64,106.44,0.81,-1,-1,-1
479,11,705.32,85.30,91.73,68.25,0.74,-1,-1,-1
479,12,1355.65,145.67,197.79,113.23,0.67,-1,-1,-1
480,2,938.69,79.09,71.76,64.25,0.55,-1,-1,-1
480,3,1284.87,356.30,232.32,183.97,0.59,-1,-1,-1
480,9,672.47,158.47,122.57,105.44,0.85,-1,-1,-1
480,11,704.30,86.02,92.28,69.20,0.74,-1,-1,-1
480,12,1356.08,145.70,197.48,112.84,0.69,-1,-1,-1
481,1,561.49,93.27,100.73,75.30,0.53,-1,-1,-1
481,2,937.61,79.52,72.79,64.42,0.59,-1,-1,-1
481,3,1284.46,356.60,233.35,183.76,0.61,-1,-1,-1
481,9,671.91,162.29,124.21,105.96,0.78,-1,-1,-1
481,11,703.32,85.45,90.19,69.45,0.71,-1,-1,-1
481,12,1355.99,145.89,197.30,112.71,0.68,-1,-1,-1
482,2,936.19,81.29,74.22,63.06,0.58,-1,-1,-1
482,3,1284.41,357.04,234.00,183.52,0.64,-1,-1,-1
482,9,666.84,164.59,129.28,108.24,0.75,-1,-1,-1
482,11,704.01,88.37,91.06,70.77,0.66,-1,-1,-1
482,12,1355.81,146.78,197.20,112.19,0.66,-1,-1,-1
483,2,935.53,81.84,75.23,62.60,0.56,-1,-1,-1
483,3,1284.82,357.11,233.39,183.57,0.63,-1,-1,-1
483,9,671.05,167.65,124.65,108.27,0.75,-1,-1,-1
483,11,705.19,90.41,88.25,69.15,0.64,-1,-1,-1
483,12,1355.82,146.73,197.32,112.83,0.67,-1,-1,-1
484,2,935.83,81.45,75.01,62.94,0.56,-1,-1,-1
484,3,1285.00,357.42,233.08,183.17,0.62,-1,-1,-1
484,9,668.84,172.50,127.21,106.33,0.72,-1,-1,-1
484,11,704.93,89.12,89.44,71.17,0.66,-1,-1,-1
484,12,1356.05,147.01,196.61,113.58,0.67,-1,-1,-1
485,2,935.89,81.55,75.05,62.80,0.58,-1,-1,-1
485,3,1285.43,357.39,232.70,183.17,0.62,-1,-1,-1
485,9,670.14,174.01,125.81,108.43,0.76,-1,-1,-1
485,11,705.53,91.39,91.12,71.49,0.68,-1,-1,-1
485,12,1356.08,146.98,196.97,113.44,0.66,-1,-1,-1
486,2,935.73,81.73,75.15,62.67,0.59,-1,-1,-1
486,3,1285.27,357.45,232.99,183.14,0.63,-1,-1,-1
486,9,669.68,176.29,126.48,109.13,0.77,-1,-1,-1
486,11,705.50,92.38,93.19,71.98,0.71,-1,-1,-1
486,12,1355.60,147.23,198.04,113.54,0.66,-1,-1,-1
487,2,935.27,81.56,75.52,63.03,0.58,-1,-1,-1
487,3,1285.38,356.85,233.26,183.99,0.63,-1,-1,-1
487,9,668.68,177.29,130.00,110.87,0.81,-1,-1,-1
487,11,703.83,92.02,93.54,75.27,0.72,-1,-1,-1
487,12,1355.60,147.12,197.99,113.14,0.66,-1,-1,-1
488,2,935.46,81.42,75.12,63.22,0.60,-1,-1,-1
488,3,1285.31,356.80,233.22,183.96,0.63,-1,-1,-1
488,9,666.63,178.22,131.84,111.88,0.82,-1,-1,-1
488,11,704.50,94.49,92.64,74.66,0.75,-1,-1,-1
488,12,1355.65,147.50,197.79,112.40,0.65,-1,-1,-1
489,2,935.90,81.18,74.71,63.32,0.61,-1,-1,-1
489,3,1284.98,356.96,232.79,183.41,0.64,-1,-1,-1
489,9,664.89,180.75,133.20,114.73,0.84,-1,-1,-1
489,11,703.23,92.99,94.63,77.03,0.77,-1,-1,-1
489,12,1335.72,146.58,218.48,112.66,0.67,-1,-1,-1
490,2,936.31,80.74,74.04,63.78,0.61,-1,-1,-1
490,3,1285.10,357.02,232.82,183.46,0.65,-1,-1,-1
490,9,663.20,184.27,133.86,114.21,0.83,-1,-1,-1
490,11,702.52,91.61,96.76,83.20,0.78,-1,-1,-1
490,12,1326.72,146.28,227.50,113.14,0.69,-1,-1,-1
491,2,936.51,80.40,73.77,63.93,0.63,-1,-1,-1
491,3,1284.58,356.71,233.41,183.89,0.65,-1,-1,-1
491,9,662.60,187.63,134.61,116.28,0.83,-1,-1,-1
491,11,701.45,95.64,98.50,81.02,0.76,-1,-1,-1
491,12,1328.89,146.24,225.25,113.23,0.69,-1,-1,-1
492,2,936.57,80.39,73.57,63.89,0.63,-1,-1,-1
492,3,1284.62,356.70,233.33,183.84,0.64,-1,-1,-1
492,9,660.69,188.93,137.22,120.23,0.84,-1,-1,-1
492,11,700.64,94.64,98.67,82.92,0.79,-1,-1,-1
492,12,1332.20,146.34,221.92,113.19,0.69,-1,-1,-1
493,2,936.23,80.50,73.86,62.84,0.64,-1,-1,-1
493,3,1285.17,357.29,232.33,183.10,0.61,-1,-1,-1
493,9,660.57,190.17,140.61,121.28,0.78,-1,-1,-1
493,11,698.02,100.25,100.39,77.73,0.78,-1,-1,-1
493,12,1347.34,145.89,206.60,113.42,0.67,-1,-1,-1
494,2,936.14,80.19,74.00,62.96,0.64,-1,-1,-1
494,3,1284.97,357.21,232.42,182.96,0.60,-1,-1,-1
494,9,661.50,193.70,139.06,120.85,0.80,-1,-1,-1
494,11,697.81,98.22,100.65,79.47,0.81,-1,-1,-1
494,12,1355.62,145.23,198.53,113.50,0.66,-1,-1,-1
495,2,936.61,79.80,73.17,62.73,0.65,-1,-1,-1
495,3,1284.79,356.75,232.48,183.01,0.60,-1,-1,-1
495,9,660.70,197.93,140.03,122.01,0.79,-1,-1,-1
495,11,696.47,100.98,99.15,78.46,0.77,-1,-1,-1
495,12,1324.14,144.96,230.22,113.84,0.68,-1,-1,-1
496,2,936.61,79.70,73.04,62.80,0.65,-1,-1,-1
496,3,1285.05,356.82,232.12,182.91,0.59,-1,-1,-1
496,9,659.88,199.19,141.25,124.00,0.80,-1,-1,-1
496,11,696.76,101.42,99.04,81.11,0.82,-1,-1,-1
496,12,1323.75,144.99,230.83,113.85,0.67,-1,-1,-1
497,1,562.55,98.14,98.16,71.03,0.50,-1,-1,-1
497,2,936.55,79.69,73.23,63.01,0.65,-1,-1,-1
497,3,1284.57,356.64,232.42,183.25,0.62,-1,-1,-1
497,9,654.24,203.61,146.92,126.13,0.80,-1,-1,-1
497,11,694.80,103.71,101.09,81.11,0.74,-1,-1,-1
497,12,1316.16,144.79,237.92,114.53,0.67,-1,-1,-1
498,1,563.59,97.62,96.98,71.40,0.50,-1,-1,-1
498,2,937.11,79.43,73.05,63.53,0.65,-1,-1,-1
498,3,1284.56,356.57,232.07,183.10,0.63,-1,-1,-1
498,9,653.08,211.18,146.71,122.48,0.83,-1,-1,-1
498,11,693.68,102.02,102.34,85.10,0.80,-1,-1,-1
498,12,1315.10,144.57,239.06,115.04,0.67,-1,-1,-1
499,2,936.74,79.60,73.39,63.63,0.66,-1,-1,-1
499,3,1284.60,356.61,232.02,183.39,0.61,-1,-1,-1
499,9,654.58,212.71,147.45,123.60,0.78,-1,-1,-1
499,11,693.12,107.96,103.93,82.63,0.79,-1,-1,-1
499,12,1305.99,145.21,248.47,115.55,0.64,-1,-1,-1
500,2,936.85,79.52,73.21,63.59,0.66,-1,-1,-1
500,3,1284.73,356.65,231.86,183.35,0.59,-1,-1,-1
500,9,649.25,213.77,153.63,127.00,0.72,-1,-1,-1
500,11,692.61,107.59,102.20,85.25,0.79,-1,-1,-1
500,12,1306.10,145.29,248.40,115.32,0.63,-1,-1,-1
501,1,561.53,97.89,98.96,71.38,0.52,-1,-1,-1
501,2,936.88,79.37,73.35,63.99,0.64,-1,-1,-1
501,3,1284.81,356.95,231.86,183.31,0.57,-1,-1,-1
501,9,651.32,218.99,152.64,126.77,0.81,-1,-1,-1
501,11,692.62,113.22,99.27,80.94,0.75,-1,-1,-1
501,12,1355.42,145.39,198.93,113.25,0.62,-1,-1,-1
502,1,561.80,97.95,98.57,71.56,0.52,-1,-1,-1
502,2,937.16,79.62,73.15,63.74,0.64,-1,-1,-1
502,3,1284.90,356.79,231.85,183.52,0.54,-1,-1,-1
502,9,649.27,222.78,155.76,129.56,0.83,-1,-1,-1
502,11,691.74,116.81,98.49,79.70,0.75,-1,-1,-1
502,12,1355.73,145.21,198.32,113.58,0.64,-1,-1,-1
503,1,561.37,98.35,99.13,71.25,0.52,-1,-1,-1
503,2,937.16,79.63,72.98,63.64,0.64,-1,-1,-1
503,3,1284.83,357.13,232.26,183.07,0.59,-1,-1,-1
503,9,648.59,226.27,155.62,132.47,0.83,-1,-1,-1
503,11,688.55,115.39,101.25,83.69,0.72,-1,-1,-1
503,12,1322.06,145.29,232.01,114.34,0.64,-1,-1,-1
504,1,561.36,97.71,98.68,72.27,0.52,-1,-1,-1
504,2,936.40,79.89,74.18,63.49,0.64,-1,-1,-1
504,3,1285.40,356.71,231.83,183.37,0.61,-1,-1,-1
504,9,648.81,229.55,155.45,131.04,0.83,-1,-1,-1
504,11,685.91,121.04,104.55,81.29,0.75,-1,-1,-1
504,12,1327.89,145.38,226.91,114.31,0.64,-1,-1,-1
505,1,562.39,97.91,98.30,72.00,0.51,-1,-1,-1
505,2,935.56,80.39,74.52,64.00,0.65,-1,-1,-1
505,3,1284.99,357.15,232.99,183.37,0.60,-1,-1,-1
505,9,646.77,235.64,158.34,132.24,0.80,-1,-1,-1
505,11,686.55,124.14,102.14,79.73,0.75,-1,-1,-1
505,12,1315.09,145.95,239.47,114.43,0.64,-1,-1,-1
506,2,936.42,80.84,74.32,63.57,0.65,-1,-1,-1
506,3,1284.52,356.26,233.22,184.27,0.59,-1,-1,-1
506,9,645.38,238.54,162.22,132.44,0.79,-1,-1,-1
506,11,684.91,125.47,101.83,83.11,0.77,-1,-1,-1
506,12,1335.61,146.24,219.03,112.95,0.66,-1,-1,-1
507,2,936.42,80.85,74.32,63.54,0.65,-1,-1,-1
507,3,1284.49,356.31,233.15,184.29,0.60,-1,-1,-1
507,9,644.50,239.66,162.93,135.49,0.79,-1,-1,-1
507,11,681.95,126.70,105.93,85.53,0.79,-1,-1,-1
507,12,1333.74,146.35,220.92,112.99,0.66,-1,-1,-1
508,2,936.53,80.85,74.23,63.56,0.66,-1,-1,-1
508,3,1284.50,356.25,233.08,184.34,0.60,-1,-1,-1
508,9,639.84,243.72,167.27,136.64,0.79,-1,-1,-1
508,11,681.04,127.31,107.62,85.33,0.79,-1,-1,-1
508,12,1336.41,146.37,218.29,112.78,0.66,-1,-1,-1
509,2,936.46,80.83,74.29,63.62,0.66,-1,-1,-1
509,3,1284.70,356.58,232.74,183.99,0.60,-1,-1,-1
509,9,640.49,247.72,165.12,135.31,0.74,-1,-1,-1
509,11,682.23,127.30,106.28,88.54,0.74,-1,-1,-1
509,12,1331.69,146.43,222.91,112.86,0.65,-1,-1,-1
510,2,936.48,80.69,74.32,63.83,0.67,-1,-1,-1
510,3,1284.92,355.82,232.48,184.59,0.59,-1,-1,-1
510,9,641.48,249.89,163.41,136.24,0.71,-1,-1,-1
510,11,681.39,130.68,106.81,87.31,0.77,-1,-1,-1
510,12,1330.74,146.30,223.94,112.58,0.66,-1,-1,-1
511,2,937.00,79.52,73.43,64.61,0.65,-1,-1,-1
511,3,1284.36,356.11,232.67,184.19,0.50,-1,-1,-1
511,9,639.73,248.69,166.58,144.49,0.78,-1,-1,-1
511,11,682.37,132.00,104.84,87.27,0.78,-1,-1,-1
511,12,1323.22,145.08,231.57,115.45,0.66,-1,-1,-1
512,1,560.94,94.78,99.11,75.07,0.50,-1,-1,-1
512,2,937.07,79.05,73.36,65.21,0.65,-1,-1,-1
512,3,1284.35,355.65,232.18,184.33,0.51,-1,-1,-1
512,9,638.49,250.32,169.78,146.46,0.84,-1,-1,-1
512,11,678.16,134.53,108.15,88.85,0.73,-1,-1,-1
512,12,1306.10,145.91,248.79,115.82,0.66,-1,-1,-1
513,2,936.80,79.25,73.54,65.36,0.63,-1,-1,-1
513,3,1284.60,356.29,231.91,183.54,0.55,-1,-1,-1
513,9,635.75,254.09,174.82,150.20,0.82,-1,-1,-1
513,11,677.33,137.88,110.63,87.23,0.80,-1,-1,-1
513,12,1306.36,146.06,248.58,115.33,0.67,-1,-1,-1
514,2,936.88,79.44,73.43,65.31,0.64,-1,-1,-1
514,3,1284.55,356.66,232.05,182.92,0.56,-1,-1,-1
514,9,634.00,257.83,181.27,152.09,0.84,-1,-1,-1
514,11,676.91,138.29,110.41,89.96,0.83,-1,-1,-1
514,12,1306.41,145.97,248.27,116.17,0.67,-1,-1,-1
515,2,936.47,79.45,73.80,65.37,0.63,-1,-1,-1
515,3,1284.20,356.45,232.17,182.89,0.52,-1,-1,-1
515,9,634.53,260.67,181.01,154.27,0.79,-1,-1,-1
515,11,676.65,139.91,110.81,91.84,0.80,-1,-1,-1
515,12,1307.66,145.67,246.61,117.20,0.66,-1,-1,-1
516,2,937.17,79.06,72.68,65.17,0.59,-1,-1,-1
516,3,1283.73,356.53,232.70,183.40,0.51,-1,-1,-1
516,9,634.59,267.68,182.09,152.35,0.80,-1,-1,-1
516,11,675.64,142.97,111.77,91.05,0.78,-1,-1,-1
516,12,1305.32,145.65,249.40,116.05,0.65,-1,-1,-1
517,2,936.90,79.44,73.35,65.00,0.63,-1,-1,-1
517,3,1283.39,356.53,233.57,183.27,0.54,-1,-1,-1
517,9,631.70,270.68,187.79,158.42,0.72,-1,-1,-1
517,11,673.73,144.16,113.67,91.91,0.78,-1,-1,-1
517,12,1305.05,145.92,249.44,115.10,0.67,-1,-1,-1
518,2,937.01,79.36,73.08,65.06,0.62,-1,-1,-1
518,3,1283.48,356.38,233.52,183.47,0.51,-1,-1,-1
518,9,631.58,274.09,189.73,158.83,0.82,-1,-1,-1
518,11,673.64,145.28,114.70,93.83,0.86,-1,-1,-1
518,12,1305.05,145.81,249.47,115.12,0.66,-1,-1,-1
519,2,936.69,79.41,73.27,65.03,0.65,-1,-1,-1
519,3,1283.60,356.29,233.49,183.46,0.54,-1,-1,-1
519,9,628.38,281.33,196.10,159.64,0.72,-1,-1,-1
519,11,673.67,146.54,115.58,95.18,0.82,-1,-1,-1
519,12,1305.23,145.83,249.18,115.11,0.67,-1,-1,-1
520,2,936.76,79.42,73.08,64.94,0.65,-1,-1,-1
520,3,1283.83,356.35,233.19,183.21,0.56,-1,-1,-1
520,9,630.99,286.32,193.16,159.46,0.73,-1,-1,-1
520,11,672.23,147.88,117.24,97.13,0.84,-1,-1,-1
520,12,1305.39,145.89,248.97,115.03,0.67,-1,-1,-1
521,2,936.74,79.25,72.94,64.79,0.63,-1,-1,-1
521,3,1283.71,356.65,233.08,182.99,0.54,-1,-1,-1
521,9,622.15,291.27,203.79,165.00,0.76,-1,-1,-1
521,11,668.91,149.03,121.66,101.05,0.82,-1,-1,-1
521,12,1304.70,145.11,249.74,115.79,0.66,-1,-1,-1
522,2,936.78,79.32,72.97,64.72,0.64,-1,-1,-1
522,3,1283.67,356.08,233.26,183.54,0.56,-1,-1,-1
522,9,619.71,298.70,203.65,167.97,0.81,-1,-1,-1
522,11,671.92,152.90,116.45,100.47,0.85,-1,-1,-1
522,12,1304.46,145.01,249.69,115.85,0.65,-1,-1,-1
523,2,937.18,79.12,72.61,64.92,0.63,-1,-1,-1
523,3,1283.70,356.02,233.17,183.80,0.53,-1,-1,-1
523,9,618.05,304.25,209.43,172.33,0.81,-1,-1,-1
523,11,671.40,156.54,117.57,100.90,0.83,-1,-1,-1
523,12,1304.20,144.86,249.95,115.92,0.66,-1,-1,-1
524,2,936.94,79.43,73.64,65.17,0.61,-1,-1,-1
524,3,1284.29,355.75,232.64,183.98,0.54,-1,-1,-1
524,9,617.25,309.69,205.79,173.09,0.81,-1,-1,-1
524,11,668.43,159.82,123.12,100.88,0.85,-1,-1,-1
524,12,1304.20,145.55,249.61,115.60,0.69,-1,-1,-1
525,2,937.04,79.39,73.38,65.19,0.62,-1,-1,-1
525,9,613.55,319.65,210.13,174.17,0.76,-1,-1,-1
525,11,671.53,161.86,119.55,101.59,0.88,-1,-1,-1
525,12,1304.70,145.50,249.13,115.48,0.63,-1,-1,-1
526,1,561.72,92.03,99.67,77.03,0.50,-1,-1,-1
526,2,936.62,79.64,74.02,64.89,0.61,-1,-1,-1
526,9,612.25,328.24,215.72,176.82,0.75,-1,-1,-1
526,11,670.91,166.72,120.26,98.43,0.84,-1,-1,-1
526,12,1305.54,145.91,247.46,114.42,0.61,-1,-1,-1
527,2,936.66,79.67,73.87,64.62,0.60,-1,-1,-1
527,9,609.81,335.25,218.79,180.08,0.79,-1,-1,-1
527,11,668.01,168.93,124.00,98.98,0.74,-1,-1,-1
527,12,1330.20,145.26,222.40,114.52,0.61,-1,-1,-1
528,2,936.44,79.73,74.05,64.47,0.62,-1,-1,-1
528,9,605.85,344.08,222.68,182.54,0.74,-1,-1,-1
528,11,667.82,171.11,124.19,103.09,0.72,-1,-1,-1
528,12,1342.22,146.11,210.87,112.31,0.65,-1,-1,-1
529,2,936.38,80.00,74.04,64.04,0.62,-1,-1,-1
529,3,1283.95,358.46,232.83,181.30,0.51,-1,-1,-1
529,9,604.59,352.47,226.35,185.33,0.74,-1,-1,-1
529,11,667.51,173.33,126.03,104.05,0.77,-1,-1,-1
529,12,1347.30,146.06,205.78,112.97,0.67,-1,-1,-1
530,2,936.14,79.99,74.82,63.87,0.63,-1,-1,-1
530,3,1283.91,357.90,232.90,181.64,0.53,-1,-1,-1
530,9,603.76,357.73,223.52,193.19,0.77,-1,-1,-1
530,11,666.05,176.75,128.32,104.81,0.76,-1,-1,-1
530,12,1349.49,146.16,202.09,112.58,0.68,-1,-1,-1
531,1,560.74,93.92,101.73,74.80,0.50,-1,-1,-1
531,2,936.08,79.79,74.96,64.51,0.62,-1,-1,-1
531,3,1284.79,357.69,232.72,182.02,0.54,-1,-1,-1
531,9,599.02,370.53,227.98,190.73,0.59,-1,-1,-1
531,11,665.64,178.46,130.85,106.25,0.75,-1,-1,-1
531,12,1356.73,146.29,193.34,114.76,0.68,-1,-1,-1
532,1,560.37,93.66,102.31,74.99,0.51,-1,-1,-1
532,2,936.16,79.78,74.96,64.62,0.64,-1,-1,-1
532,3,1285.00,357.81,232.87,182.14,0.54,-1,-1,-1
532,9,598.29,380.69,231.94,192.27,0.77,-1,-1,-1
532,11,666.88,182.66,131.31,105.72,0.79,-1,-1,-1
532,12,1357.25,147.76,192.71,111.40,0.66,-1,-1,-1
533,2,935.49,80.11,75.99,64.41,0.65,-1,-1,-1
533,3,1285.58,357.71,231.84,182.19,0.57,-1,-1,-1
533,9,592.44,389.07,235.03,193.80,0.77,-1,-1,-1
533,11,665.73,183.93,133.67,106.71,0.75,-1,-1,-1
533,12,1300.68,150.03,247.66,111.92,0.63,-1,-1,-1
534,1,560.02,94.42,102.50,75.06,0.51,-1,-1,-1
534,2,935.47,80.30,75.90,64.16,0.65,-1,-1,-1
534,3,1285.66,357.67,231.83,182.10,0.59,-1,-1,-1
534,9,589.22,397.28,241.68,198.91,0.77,-1,-1,-1
534,11,667.18,189.01,133.06,106.19,0.76,-1,-1,-1
534,12,1296.51,150.49,247.64,111.47,0.72,-1,-1,-1
535,1,560.52,95.63,102.12,73.54,0.50,-1,-1,-1
535,2,935.56,80.23,75.79,64.19,0.65,-1,-1,-1
535,3,1285.70,357.46,231.72,182.55,0.58,-1,-1,-1
535,9,586.35,406.10,240.35,204.51,0.67,-1,-1,-1
535,11,664.11,190.55,138.42,108.69,0.73,-1,-1,-1
535,12,1292.17,151.20,249.40,110.58,0.60,-1,-1,-1
536,2,935.77,80.63,75.54,63.50,0.65,-1,-1,-1
536,3,1285.01,358.13,232.32,181.94,0.63,-1,-1,-1
536,9,584.26,417.56,248.08,206.33,0.80,-1,-1,-1
536,11,664.11,193.92,137.66,111.72,0.77,-1,-1,-1
536,12,1291.93,151.35,245.80,111.79,0.68,-1,-1,-1
537,2,935.84,80.53,75.46,63.62,0.65,-1,-1,-1
537,3,1285.00,358.32,232.38,181.68,0.63,-1,-1,-1
537,9,578.43,427.07,251.30,209.69,0.77,-1,-1,-1
537,11,665.32,196.24,138.69,113.29,0.76,-1,-1,-1
537,12,1284.46,152.36,250.27,111.54,0.68,-1,-1,-1
538,2,935.98,80.41,75.33,63.41,0.63,-1,-1,-1
538,3,1285.09,357.97,231.73,181.61,0.62,-1,-1,-1
538,9,574.98,437.87,256.28,211.88,0.82,-1,-1,-1
538,11,666.07,197.59,138.25,114.55,0.79,-1,-1,-1
539,2,936.21,79.74,75.17,64.25,0.66,-1,-1,-1
539,3,1284.42,357.74,232.42,181.53,0.59,-1,-1,-1
539,9,568.49,448.81,259.50,215.28,0.81,-1,-1,-1
539,11,665.21,199.79,141.52,116.12,0.79,-1,-1,-1
539,12,1271.31,152.96,250.46,114.21,0.60,-1,-1,-1
540,2,936.18,79.44,74.72,64.42,0.65,-1,-1,-1
540,3,1284.59,357.29,232.31,182.26,0.53,-1,-1,-1
540,9,565.23,459.57,263.16,219.63,0.83,-1,-1,-1
540,11,664.55,203.10,144.24,119.32,0.79,-1,-1,-1
540,12,1267.93,154.98,247.37,110.47,0.59,-1,-1,-1
541,2,936.74,79.89,74.03,64.46,0.63,-1,-1,-1
541,3,1284.58,357.30,232.15,182.26,0.56,-1,-1,-1
541,9,560.74,473.63,268.74,223.76,0.79,-1,-1,-1
541,11,663.77,205.90,144.27,120.82,0.78,-1,-1,-1
541,12,1258.79,154.79,245.75,113.21,0.75,-1,-1,-1
542,2,936.10,80.05,74.65,64.31,0.63,-1,-1,-1
542,3,1284.27,357.15,232.39,182.60,0.59,-1,-1,-1
542,9,556.25,483.68,270.05,232.30,0.82,-1,-1,-1
542,11,663.95,209.89,147.63,122.81,0.79,-1,-1,-1
542,12,1256.01,157.08,241.61,107.61,0.65,-1,-1,-1
543,2,935.98,80.04,74.76,64.38,0.62,-1,-1,-1
543,3,1284.39,357.05,232.51,182.73,0.57,-1,-1,-1
543,9,547.11,497.91,275.42,232.89,0.74,-1,-1,-1
543,11,664.24,215.36,150.19,119.05,0.75,-1,-1,-1
543,12,1240.51,158.75,248.62,109.12,0.57,-1,-1,-1
544,2,936.78,79.51,73.85,64.58,0.63,-1,-1,-1
544,3,1284.23,356.99,232.61,182.90,0.53,-1,-1,-1
544,9,542.94,511.72,278.81,236.93,0.76,-1,-1,-1
544,11,663.89,218.80,150.73,122.59,0.80,-1,-1,-1
544,12,1225.25,159.47,250.92,112.74,0.67,-1,-1,-1
545,2,936.79,79.54,73.95,64.58,0.64,-1,-1,-1
545,3,1284.14,357.17,232.65,182.63,0.55,-1,-1,-1
545,9,533.45,522.56,282.64,246.21,0.86,-1,-1,-1
545,11,665.11,219.95,152.02,127.70,0.78,-1,-1,-1
545,12,1213.87,162.18,254.46,109.31,0.75,-1,-1,-1
546,2,937.29,79.55,73.18,63.81,0.61,-1,-1,-1
546,3,1283.91,356.81,232.39,183.09,0.54,-1,-1,-1
546,9,525.23,539.37,294.64,252.14,0.82,-1,-1,-1
546,11,666.14,223.21,150.80,128.72,0.78,-1,-1,-1
546,12,1206.80,161.22,243.43,110.81,0.68,-1,-1,-1
547,2,936.98,79.63,73.44,63.61,0.61,-1,-1,-1
547,3,1283.96,356.76,232.31,183.08,0.54,-1,-1,-1
547,9,516.51,556.43,299.47,255.36,0.87,-1,-1,-1
547,11,665.42,228.29,153.35,128.85,0.76,-1,-1,-1
547,12,1194.89,161.71,244.29,111.66,0.66,-1,-1,-1
548,2,937.08,79.60,73.29,63.54,0.60,-1,-1,-1
548,3,1284.18,356.66,232.08,183.23,0.52,-1,-1,-1
548,9,504.73,572.40,302.62,261.80,0.78,-1,-1,-1
548,11,663.31,234.41,154.81,128.15,0.82,-1,-1,-1
548,12,1172.42,165.91,252.52,109.39,0.70,-1,-1,-1
549,2,937.15,79.68,73.35,63.42,0.60,-1,-1,-1
549,3,1284.06,356.68,232.29,183.22,0.55,-1,-1,-1
549,9,493.86,590.60,310.29,265.79,0.79,-1,-1,-1
549,11,664.03,237.89,156.42,130.51,0.81,-1,-1,-1
549,12,1162.59,168.50,241.48,106.96,0.60,-1,-1,-1
550,2,936.51,79.51,73.72,64.09,0.60,-1,-1,-1
550,3,1284.19,357.21,231.77,182.74,0.56,-1,-1,-1
550,9,480.10,610.06,317.57,270.96,0.83,-1,-1,-1
550,11,663.89,240.49,157.17,132.57,0.79,-1,-1,-1
550,12,1145.80,169.43,245.40,108.71,0.74,-1,-1,-1
551,2,936.41,79.30,74.33,64.19,0.63,-1,-1,-1
551,3,1284.62,357.58,231.64,182.58,0.55,-1,-1,-1
551,9,467.97,628.27,324.61,278.20,0.86,-1,-1,-1
551,11,663.72,242.54,157.18,134.06,0.79,-1,-1,-1
551,12,1131.79,171.56,214.91,109.89,0.65,-1,-1,-1
552,2,936.07,79.49,74.64,63.96,0.62,-1,-1,-1
552,3,1284.28,357.39,232.06,182.51,0.54,-1,-1,-1
552,9,455.39,648.29,331.57,288.73,0.89,-1,-1,-1
552,11,661.90,245.71,161.59,136.05,0.77,-1,-1,-1
552,12,1119.73,171.55,223.13,111.14,0.80,-1,-1,-1
553,2,936.66,79.75,74.28,63.36,0.61,-1,-1,-1
553,3,1285.05,357.62,231.59,182.06,0.61,-1,-1,-1
553,9,435.64,667.26,338.77,293.48,0.92,-1,-1,-1
553,11,657.74,249.86,167.31,136.10,0.79,-1,-1,-1
553,12,1101.44,170.79,237.37,112.87,0.87,-1,-1,-1
554,1,562.06,98.82,97.88,71.10,0.50,-1,-1,-1
554,2,935.35,79.87,75.51,63.25,0.62,-1,-1,-1
554,3,1285.10,357.35,231.46,182.20,0.62,-1,-1,-1
554,9,420.85,694.76,347.51,294.66,0.91,-1,-1,-1
554,11,658.39,251.94,171.18,141.33,0.75,-1,-1,-1
554,12,1085.33,172.82,239.80,112.28,0.85,-1,-1,-1
555,2,934.97,80.35,75.80,63.09,0.54,-1,-1,-1
555,3,1285.14,356.75,231.79,183.39,0.67,-1,-1,-1
555,9,404.09,717.54,352.67,302.52,0.90,-1,-1,-1
555,11,658.64,257.18,168.76,142.97,0.80,-1,-1,-1
555,12,1070.15,174.76,237.30,111.03,0.78,-1,-1,-1
556,2,934.13,81.42,76.68,62.51,0.62,-1,-1,-1
556,3,1283.96,357.02,233.78,183.09,0.66,-1,-1,-1
556,9,381.41,739.36,365.55,308.28,0.88,-1,-1,-1
556,11,656.65,256.96,173.04,148.29,0.74,-1,-1,-1
556,12,1054.04,175.72,238.94,110.80,0.85,-1,-1,-1
557,2,934.19,81.36,76.55,62.65,0.60,-1,-1,-1
557,3,1284.20,356.90,233.51,183.17,0.65,-1,-1,-1
557,9,364.84,764.15,368.85,306.87,0.88,-1,-1,-1
557,11,656.84,259.24,176.44,152.00,0.78,-1,-1,-1
557,12,1039.13,174.91,234.07,113.34,0.82,-1,-1,-1
558,2,933.99,81.30,76.93,62.96,0.60,-1,-1,-1
558,3,1284.42,356.85,233.20,183.34,0.64,-1,-1,-1
558,9,336.32,791.67,384.97,281.35,0.91,-1,-1,-1
558,11,657.63,260.09,175.02,157.07,0.82,-1,-1,-1
558,12,1022.24,178.53,229.33,110.41,0.81,-1,-1,-1
559,2,934.31,81.53,76.36,62.56,0.60,-1,-1,-1
559,3,1284.45,356.33,233.19,183.74,0.65,-1,-1,-1
559,9,316.57,815.75,389.20,260.30,0.86,-1,-1,-1
559,11,654.19,267.59,187.77,156.65,0.77,-1,-1,-1
559,12,1004.78,179.75,231.83,114.00,0.84,-1,-1,-1
560,2,934.42,81.67,76.62,62.29,0.56,-1,-1,-1
560,3,1284.55,356.41,233.11,183.72,0.67,-1,-1,-1
560,9,285.74,843.71,407.60,230.90,0.76,-1,-1,-1
560,11,654.26,277.60,179.43,154.79,0.74,-1,-1,-1
560,12,988.95,181.50,230.60,111.38,0.82,-1,-1,-1
561,2,934.64,81.46,76.62,62.63,0.58,-1,-1,-1
561,3,1284.81,356.42,232.80,183.62,0.70,-1,-1,-1
561,9,256.14,873.09,417.44,205.05,0.83,-1,-1,-1
561,11,646.96,281.90,196.35,158.17,0.74,-1,-1,-1
561,12,970.96,183.12,230.45,112.24,0.85,-1,-1,-1
562,2,934.42,81.33,76.98,62.90,0.58,-1,-1,-1
562,3,1284.77,356.32,232.71,183.76,0.66,-1,-1,-1
562,9,228.84,901.26,425.89,175.88,0.79,-1,-1,-1
562,11,648.63,287.73,192.00,159.61,0.80,-1,-1,-1
562,12,956.11,182.21,224.59,115.47,0.78,-1,-1,-1
563,2,934.38,81.14,76.66,62.98,0.61,-1,-1,-1
563,3,1284.79,356.66,232.69,183.44,0.65,-1,-1,-1
563,9,223.86,934.24,399.82,145.76,0.70,-1,-1,-1
563,11,639.63,294.09,199.81,162.81,0.81,-1,-1,-1
563,12,939.35,183.10,223.46,115.16,0.85,-1,-1,-1
564,2,935.42,80.70,75.61,62.83,0.63,-1,-1,-1
564,3,1285.12,356.81,232.46,183.28,0.67,-1,-1,-1
564,9,214.03,972.36,372.46,106.00,0.74,-1,-1,-1
564,11,638.84,302.16,200.92,167.21,0.82,-1,-1,-1
564,12,921.61,187.06,218.60,112.90,0.73,-1,-1,-1
565,2,934.15,81.29,76.58,62.32,0.62,-1,-1,-1
565,3,1285.05,356.42,232.31,183.26,0.67,-1,-1,-1
565,11,642.76,309.55,199.83,168.47,0.83,-1,-1,-1
565,12,905.55,190.20,219.38,112.10,0.78,-1,-1,-1
566,1,561.14,97.54,98.58,72.97,0.57,-1,-1,-1
566,2,935.54,80.93,75.15,62.47,0.62,-1,-1,-1
566,3,1285.55,356.72,230.91,182.59,0.62,-1,-1,-1
566,11,641.80,314.23,204.08,173.30,0.80,-1,-1,-1
566,12,892.07,189.03,214.23,118.16,0.79,-1,-1,-1
567,1,561.17,97.40,98.54,72.81,0.58,-1,-1,-1
567,2,935.56,80.75,75.28,63.09,0.61,-1,-1,-1
567,3,1285.42,356.88,231.21,182.64,0.60,-1,-1,-1
567,11,633.55,324.23,213.15,175.80,0.81,-1,-1,-1
567,12,876.37,190.51,214.09,118.23,0.78,-1,-1,-1
568,1,560.85,96.59,98.94,73.89,0.59,-1,-1,-1
568,2,935.77,80.22,75.01,63.68,0.60,-1,-1,-1
568,3,1285.08,356.80,231.51,182.46,0.64,-1,-1,-1
568,11,633.25,334.91,216.40,175.67,0.83,-1,-1,-1
568,12,858.67,192.50,212.51,117.49,0.86,-1,-1,-1
569,1,560.86,99.64,98.92,70.84,0.54,-1,-1,-1
569,2,935.75,80.18,74.60,63.85,0.57,-1,-1,-1
569,3,1284.97,357.13,231.53,182.15,0.62,-1,-1,-1
569,11,629.82,342.04,214.63,182.43,0.84,-1,-1,-1
569,12,845.62,193.58,208.73,118.80,0.75,-1,-1,-1
570,1,560.72,96.52,99.05,73.11,0.58,-1,-1,-1
570,2,935.55,79.54,75.10,64.06,0.60,-1,-1,-1
570,3,1284.77,357.01,231.42,182.00,0.63,-1,-1,-1
570,11,632.56,350.96,215.94,183.73,0.78,-1,-1,-1
570,12,830.63,195.52,206.64,119.32,0.77,-1,-1,-1
571,1,561.07,96.23,98.47,73.36,0.58,-1,-1,-1
571,2,935.56,79.78,74.86,64.60,0.60,-1,-1,-1
571,3,1284.48,356.97,231.71,182.23,0.59,-1,-1,-1
571,11,630.26,358.89,220.14,191.40,0.83,-1,-1,-1
571,12,815.18,196.92,204.83,122.22,0.75,-1,-1,-1
572,1,561.46,99.13,98.19,70.78,0.55,-1,-1,-1
572,2,935.25,79.78,75.13,64.31,0.61,-1,-1,-1
572,3,1284.35,356.96,231.84,182.28,0.59,-1,-1,-1
572,11,623.25,373.97,230.07,188.42,0.83,-1,-1,-1
572,12,800.83,199.34,205.93,123.67,0.83,-1,-1,-1
573,1,561.68,101.02,98.06,68.95,0.53,-1,-1,-1
573,2,935.74,79.55,74.81,64.08,0.57,-1,-1,-1
573,3,1284.73,357.22,231.69,181.90,0.56,-1,-1,-1
573,11,619.97,384.11,233.33,190.98,0.84,-1,-1,-1
573,12,788.34,198.27,200.18,126.44,0.82,-1,-1,-1
574,1,561.63,100.79,97.95,69.19,0.52,-1,-1,-1
574,2,936.29,79.55,74.40,64.24,0.58,-1,-1,-1
574,3,1284.84,357.35,231.69,181.92,0.61,-1,-1,-1
574,11,617.90,394.05,231.21,197.87,0.83,-1,-1,-1
574,12,775.68,203.12,197.59,125.63,0.71,-1,-1,-1
575,1,561.71,100.77,97.89,69.15,0.51,-1,-1,-1
575,2,936.51,79.60,74.06,64.13,0.57,-1,-1,-1
575,3,1285.04,357.25,231.59,181.83,0.62,-1,-1,-1
575,11,616.25,402.55,233.64,202.40,0.82,-1,-1,-1
575,12,762.15,205.86,196.71,126.57,0.82,-1,-1,-1
576,2,936.50,81.04,74.34,62.87,0.54,-1,-1,-1
576,3,1285.19,357.27,230.66,182.04,0.57,-1,-1,-1
576,11,605.64,413.37,246.76,206.96,0.84,-1,-1,-1
576,12,750.05,207.72,197.11,127.10,0.75,-1,-1,-1
577,2,936.59,81.36,74.01,62.74,0.54,-1,-1,-1
577,3,1286.00,357.00,230.14,182.18,0.56,-1,-1,-1
577,11,597.87,426.56,258.28,208.75,0.85,-1,-1,-1
577,12,737.88,208.99,191.10,128.61,0.67,-1,-1,-1
578,2,936.88,81.27,73.65,62.86,0.58,-1,-1,-1
578,3,1285.90,356.88,230.23,182.30,0.55,-1,-1,-1
578,11,590.63,438.06,262.06,212.55,0.83,-1,-1,-1
578,12,726.83,213.48,189.95,130.78,0.83,-1,-1,-1
579,2,937.43,81.25,72.75,62.47,0.57,-1,-1,-1
579,3,1286.07,357.16,230.27,182.33,0.56,-1,-1,-1
579,11,586.18,451.29,268.11,215.58,0.83,-1,-1,-1
579,12,717.53,216.94,186.74,130.46,0.79,-1,-1,-1
580,2,937.16,81.58,72.95,62.25,0.62,-1,-1,-1
580,3,1286.24,357.50,230.25,182.18,0.57,-1,-1,-1
580,11,579.98,464.14,274.37,217.14,0.87,-1,-1,-1
580,12,705.51,216.33,191.10,135.20,0.84,-1,-1,-1
581,2,936.57,81.66,73.48,62.24,0.62,-1,-1,-1
581,3,1286.16,357.64,230.70,182.13,0.57,-1,-1,-1
581,11,571.95,473.38,278.61,228.81,0.86,-1,-1,-1
581,12,698.33,220.35,187.38,133.73,0.80,-1,-1,-1
582,2,936.47,81.69,73.69,62.37,0.59,-1,-1,-1
582,3,1286.22,357.65,230.63,182.04,0.58,-1,-1,-1
582,11,561.70,489.34,284.13,231.27,0.81,-1,-1,-1
582,12,690.20,226.32,185.11,132.34,0.83,-1,-1,-1
583,2,936.46,81.63,73.57,62.32,0.61,-1,-1,-1
583,3,1286.13,357.48,230.76,182.13,0.59,-1,-1,-1
583,11,555.19,502.33,289.36,240.11,0.77,-1,-1,-1
583,12,682.49,229.57,185.15,133.80,0.83,-1,-1,-1
584,2,936.43,81.59,73.60,62.38,0.61,-1,-1,-1
584,3,1285.85,357.32,231.16,182.35,0.62,-1,-1,-1
584,11,540.64,523.13,301.49,238.54,0.83,-1,-1,-1
584,12,670.47,232.90,190.01,137.32,0.82,-1,-1,-1
585,2,936.37,81.79,73.65,62.23,0.61,-1,-1,-1
585,3,1285.82,357.21,231.13,182.40,0.63,-1,-1,-1
585,11,534.79,537.55,298.11,246.25,0.86,-1,-1,-1
585,12,665.01,236.51,181.67,136.35,0.82,-1,-1,-1
586,2,937.71,81.13,73.78,63.30,0.63,-1,-1,-1
586,3,1285.08,357.27,232.19,183.12,0.62,-1,-1,-1
586,11,522.71,552.97,307.02,254.32,0.85,-1,-1,-1
586,12,658.86,238.61,182.03,139.29,0.84,-1,-1,-1
587,2,937.84,81.01,73.55,63.63,0.63,-1,-1,-1
587,3,1284.62,357.56,232.49,182.80,0.62,-1,-1,-1
587,11,510.18,573.43,313.05,257.02,0.86,-1,-1,-1
587,12,651.52,239.35,183.14,141.12,0.79,-1,-1,-1
588,1,555.06,86.36,107.31,81.97,0.50,-1,-1,-1
588,2,937.52,80.81,74.44,63.71,0.63,-1,-1,-1
588,3,1284.43,357.93,232.55,181.88,0.59,-1,-1,-1
588,11,491.86,590.20,326.24,263.30,0.84,-1,-1,-1
588,12,645.78,241.01,186.27,142.02,0.84,-1,-1,-1
589,1,561.19,97.54,98.76,72.10,0.52,-1,-1,-1
589,2,937.27,81.03,74.00,63.85,0.58,-1,-1,-1
589,3,1284.03,358.11,233.13,181.82,0.58,-1,-1,-1
589,11,483.43,613.90,329.01,262.12,0.88,-1,-1,-1
589,12,643.33,245.51,181.43,140.74,0.82,-1,-1,-1
590,1,560.74,98.97,99.14,70.77,0.54,-1,-1,-1
590,2,937.63,81.15,73.49,63.62,0.58,-1,-1,-1
590,3,1283.95,357.94,233.12,181.99,0.58,-1,-1,-1
590,11,466.74,631.99,336.93,277.92,0.89,-1,-1,-1
590,12,637.52,250.25,183.27,143.15,0.80,-1,-1,-1
591,1,560.69,98.08,99.25,71.77,0.55,-1,-1,-1
591,2,937.47,81.11,73.64,63.65,0.59,-1,-1,-1
591,3,1284.07,358.02,233.01,181.89,0.57,-1,-1,-1
591,11,446.01,655.58,346.51,284.57,0.90,-1,-1,-1
591,12,631.67,251.78,185.77,145.70,0.78,-1,-1,-1
592,1,560.53,98.58,99.41,71.24,0.54,-1,-1,-1
592,2,937.37,81.21,73.65,63.52,0.59,-1,-1,-1
592,3,1284.21,358.00,232.67,181.90,0.56,-1,-1,-1
592,11,430.12,677.83,352.24,288.21,0.89,-1,-1,-1
592,12,627.75,254.76,188.55,146.02,0.81,-1,-1,-1
593,1,559.38,97.51,100.54,72.09,0.53,-1,-1,-1
593,2,936.75,81.24,74.58,63.00,0.62,-1,-1,-1
593,3,1284.25,358.25,232.55,181.80,0.56,-1,-1,-1
593,11,412.65,703.03,359.42,297.01,0.91,-1,-1,-1
593,12,622.30,256.32,191.20,151.58,0.78,-1,-1,-1
594,1,560.11,96.92,99.83,72.79,0.55,-1,-1,-1
594,2,936.81,81.09,74.44,63.05,0.63,-1,-1,-1
594,3,1283.75,358.63,232.84,181.13,0.55,-1,-1,-1
594,11,389.45,729.07,372.20,305.75,0.89,-1,-1,-1
594,12,620.18,259.10,189.34,154.74,0.77,-1,-1,-1
595,1,560.19,97.17,99.73,72.72,0.54,-1,-1,-1
595,2,936.70,81.17,74.51,63.03,0.63,-1,-1,-1
595,3,1283.62,358.77,233.00,180.99,0.57,-1,-1,-1
595,11,371.05,753.92,377.63,308.71,0.90,-1,-1,-1
595,12,617.52,262.97,192.82,157.87,0.80,-1,-1,-1
596,1,561.83,98.38,97.87,71.67,0.53,-1,-1,-1
596,2,937.79,80.81,72.71,63.19,0.58,-1,-1,-1
596,3,1285.15,357.80,231.32,181.71,0.62,-1,-1,-1
596,11,338.82,780.17,390.71,292.41,0.91,-1,-1,-1
596,12,616.17,268.01,190.50,161.69,0.77,-1,-1,-1
597,1,561.37,99.87,98.43,70.13,0.53,-1,-1,-1
597,2,937.58,80.94,72.92,62.93,0.57,-1,-1,-1
597,3,1285.22,357.75,231.10,181.59,0.59,-1,-1,-1
597,11,315.04,807.47,400.46,267.11,0.87,-1,-1,-1
597,12,614.48,271.85,195.47,162.95,0.71,-1,-1,-1
598,1,556.69,89.03,105.26,80.15,0.53,-1,-1,-1
598,2,937.39,81.00,73.11,62.55,0.57,-1,-1,-1
598,3,1285.19,357.46,231.28,182.00,0.59,-1,-1,-1
598,11,285.87,836.77,412.60,239.22,0.85,-1,-1,-1
598,12,609.21,278.87,198.99,163.60,0.71,-1,-1,-1
599,1,558.52,92.04,103.23,77.03,0.51,-1,-1,-1
599,2,938.16,82.30,72.79,64.40,0.57,-1,-1,-1
599,3,1285.28,357.32,231.44,182.22,0.60,-1,-1,-1
599,11,257.23,865.99,422.59,210.19,0.88,-1,-1,-1
599,12,607.85,285.68,198.65,164.12,0.82,-1,-1,-1
600,1,559.07,92.50,102.74,76.73,0.53,-1,-1,-1
600,2,936.31,81.29,73.68,62.92,0.61,-1,-1,-1
600,3,1285.04,357.83,231.58,181.50,0.59,-1,-1,-1
600,11,238.99,899.89,416.27,179.54,0.84,-1,-1,-1
600,12,602.63,290.60,203.53,168.47,0.84,-1,-1,-1
601,1,558.67,97.70,102.98,72.73,0.51,-1,-1,-1
601,2,936.51,81.13,73.79,63.01,0.58,-1,-1,-1
601,3,1285.99,357.71,230.46,181.77,0.58,-1,-1,-1
601,11,199.79,930.98,433.41,146.92,0.74,-1,-1,-1
601,12,601.59,298.85,202.63,172.97,0.82,-1,-1,-1
602,1,561.62,100.17,97.95,69.34,0.52,-1,-1,-1
602,2,936.45,80.92,73.95,63.09,0.57,-1,-1,-1
602,3,1286.83,358.23,231.48,181.77,0.59,-1,-1,-1
602,9,201.46,966.88,396.75,111.79,0.80,-1,-1,-1
602,12,596.68,303.56,205.87,173.99,0.75,-1,-1,-1
603,1,561.54,102.87,98.04,66.64,0.57,-1,-1,-1
603,2,937.21,80.92,73.21,62.82,0.57,-1,-1,-1
603,3,1286.75,358.12,231.68,181.88,0.56,-1,-1,-1
603,9,188.93,1002.20,370.02,76.76,0.52,-1,-1,-1
603,12,594.22,309.14,207.89,177.66,0.74,-1,-1,-1
604,1,561.78,101.83,98.21,67.84,0.57,-1,-1,-1
604,2,936.88,81.10,73.66,62.58,0.58,-1,-1,-1
604,3,1287.11,358.10,231.34,182.07,0.55,-1,-1,-1
604,12,590.03,320.66,212.25,177.29,0.61,-1,-1,-1
605,1,560.81,100.15,99.74,69.78,0.57,-1,-1,-1
605,2,936.45,81.33,73.77,63.32,0.57,-1,-1,-1
605,3,1286.02,357.31,230.93,182.39,0.57,-1,-1,-1
605,12,587.70,327.66,214.33,182.12,0.75,-1,-1,-1
606,1,561.01,97.76,98.19,71.46,0.57,-1,-1,-1
606,2,936.62,81.39,73.65,63.34,0.59,-1,-1,-1
606,3,1285.18,357.39,231.74,182.61,0.58,-1,-1,-1
606,12,583.06,336.54,220.47,186.66,0.82,-1,-1,-1
607,1,561.41,96.85,97.93,72.68,0.58,-1,-1,-1
607,2,937.06,81.25,73.19,63.27,0.60,-1,-1,-1
607,3,1285.15,357.95,231.42,181.89,0.60,-1,-1,-1
607,12,577.04,345.46,225.36,187.25,0.72,-1,-1,-1
608,1,560.71,97.05,98.51,72.43,0.56,-1,-1,-1
608,2,936.80,81.40,73.30,63.41,0.61,-1,-1,-1
608,3,1285.09,358.49,231.78,181.62,0.60,-1,-1,-1
608,12,574.13,352.16,227.01,192.46,0.82,-1,-1,-1
609,1,560.82,94.47,98.27,75.01,0.59,-1,-1,-1
609,2,937.23,81.07,72.71,63.41,0.63,-1,-1,-1
609,3,1285.29,358.39,231.83,181.75,0.60,-1,-1,-1
609,12,567.83,363.02,231.08,193.33,0.76,-1,-1,-1
610,1,561.27,93.17,97.78,76.42,0.59,-1,-1,-1
610,2,936.95,81.12,73.16,63.37,0.64,-1,-1,-1
610,3,1286.02,358.89,232.65,181.92,0.61,-1,-1,-1
610,12,560.55,374.06,240.83,196.18,0.81,-1,-1,-1
611,1,557.30,88.78,103.48,79.78,0.53,-1,-1,-1
611,2,937.10,81.05,72.91,63.41,0.63,-1,-1,-1
611,3,1285.88,358.78,232.76,182.12,0.61,-1,-1,-1
611,12,561.21,384.51,238.85,198.04,0.82,-1,-1,-1
612,1,556.71,86.71,103.99,81.74,0.56,-1,-1,-1
612,2,936.81,81.00,73.41,63.34,0.62,-1,-1,-1
612,3,1284.68,358.37,232.06,182.04,0.63,-1,-1,-1
612,12,556.49,394.27,241.37,203.52,0.82,-1,-1,-1
613,1,557.67,86.42,103.25,82.21,0.54,-1,-1,-1
613,2,937.01,81.13,73.53,63.17,0.64,-1,-1,-1
613,3,1284.84,357.55,231.90,182.46,0.60,-1,-1,-1
613,12,549.96,402.91,247.81,205.49,0.81,-1,-1,-1
614,1,561.57,94.73,97.26,74.85,0.55,-1,-1,-1
614,2,937.12,81.50,73.42,62.89,0.65,-1,-1,-1
614,3,1284.60,357.51,232.38,182.48,0.62,-1,-1,-1
614,12,542.27,412.38,253.97,214.74,0.61,-1,-1,-1
615,1,557.44,85.33,103.70,83.54,0.52,-1,-1,-1
615,2,936.22,81.78,74.33,62.54,0.63,-1,-1,-1
615,3,1284.55,356.88,232.86,183.38,0.58,-1,-1,-1
615,12,534.55,425.30,262.28,212.83,0.66,-1,-1,-1
616,2,936.38,81.61,74.80,62.63,0.64,-1,-1,-1
616,3,1284.04,356.26,232.96,183.27,0.69,-1,-1,-1
616,12,533.08,435.28,261.71,217.18,0.80,-1,-1,-1
617,1,561.82,97.62,97.77,72.46,0.51,-1,-1,-1
617,2,936.16,81.56,75.01,62.76,0.66,-1,-1,-1
617,3,1283.88,356.14,233.12,183.28,0.69,-1,-1,-1
617,12,526.67,447.92,266.57,222.05,0.75,-1,-1,-1
618,2,936.31,81.51,74.82,62.74,0.64,-1,-1,-1
618,3,1283.96,356.32,233.11,183.03,0.69,-1,-1,-1
618,12,518.28,459.02,272.21,226.67,0.85,-1,-1,-1
619,2,935.93,82.43,74.84,61.87,0.66,-1,-1,-1
619,3,1284.01,356.46,233.07,182.91,0.68,-1,-1,-1
619,12,509.21,473.50,278.91,228.74,0.77,-1,-1,-1
620,2,935.56,82.44,74.96,62.68,0.62,-1,-1,-1
620,3,1284.05,356.16,232.92,183.46,0.66,-1,-1,-1
620,12,505.99,485.43,278.96,237.12,0.69,-1,-1,-1
621,1,561.79,96.40,98.08,73.59,0.52,-1,-1,-1
621,2,934.54,83.14,75.87,61.95,0.61,-1,-1,-1
621,3,1284.09,356.40,232.85,183.37,0.67,-1,-1,-1
621,12,495.17,497.92,287.61,243.26,0.54,-1,-1,-1
622,1,561.58,95.23,98.29,74.51,0.56,-1,-1,-1
622,2,934.91,82.06,75.77,63.13,0.62,-1,-1,-1
622,3,1284.11,356.34,232.80,183.42,0.67,-1,-1,-1
622,12,484.05,512.82,294.81,245.50,0.61,-1,-1,-1
623,1,561.28,101.06,98.29,68.67,0.57,-1,-1,-1
623,2,936.33,83.03,74.37,63.26,0.51,-1,-1,-1
623,3,1284.12,356.37,232.83,183.38,0.67,-1,-1,-1
623,12,476.95,527.05,298.81,254.68,0.79,-1,-1,-1
624,1,561.61,99.99,98.12,69.69,0.53,-1,-1,-1
624,3,1284.15,356.35,232.78,183.38,0.66,-1,-1,-1
624,12,465.26,543.94,306.80,260.84,0.65,-1,-1,-1
625,2,931.93,83.84,78.27,61.23,0.58,-1,-1,-1
625,3,1284.53,356.80,233.00,183.25,0.64,-1,-1,-1
625,12,456.92,561.53,308.69,267.74,0.56,-1,-1,-1
626,1,563.94,100.07,95.68,69.43,0.57,-1,-1,-1
626,2,935.13,82.61,74.63,62.23,0.54,-1,-1,-1
626,3,1284.38,356.98,233.10,183.59,0.61,-1,-1,-1
627,1,563.09,97.80,96.32,71.72,0.52,-1,-1,-1
627,2,932.12,82.71,79.30,62.29,0.54,-1,-1,-1
627,3,1284.22,356.85,233.21,183.70,0.62,-1,-1,-1
627,12,431.31,596.89,328.02,279.72,0.70,-1,-1,-1
628,1,563.11,99.49,96.52,70.30,0.58,-1,-1,-1
628,2,935.81,83.10,74.42,63.13,0.58,-1,-1,-1
628,3,1284.26,356.33,233.33,184.22,0.62,-1,-1,-1
628,12,419.48,617.46,332.85,284.96,0.85,-1,-1,-1
629,1,563.15,96.39,96.32,73.47,0.59,-1,-1,-1
629,2,935.06,81.68,75.23,62.72,0.62,-1,-1,-1
629,3,1284.74,356.31,232.79,184.39,0.62,-1,-1,-1
629,12,405.19,637.46,338.75,294.21,0.85,-1,-1,-1
630,1,563.08,98.18,96.35,71.19,0.55,-1,-1,-1
630,2,934.61,81.46,75.69,63.06,0.64,-1,-1,-1
630,3,1284.74,356.70,232.83,183.89,0.62,-1,-1,-1
630,12,388.72,661.91,348.78,296.58,0.87,-1,-1,-1
631,1,562.77,97.07,96.54,72.22,0.57,-1,-1,-1
631,2,934.30,81.55,75.92,63.08,0.63,-1,-1,-1
631,3,1284.60,356.76,233.21,183.72,0.64,-1,-1,-1
631,12,372.57,682.15,357.03,306.94,0.89,-1,-1,-1
632,1,562.89,96.22,96.46,73.06,0.57,-1,-1,-1
632,2,934.47,81.10,75.82,63.45,0.64,-1,-1,-1
632,3,1284.60,356.72,233.29,183.97,0.65,-1,-1,-1
632,12,357.42,707.94,365.52,310.52,0.87,-1,-1,-1
633,1,562.88,95.64,96.41,73.73,0.57,-1,-1,-1
633,2,934.47,81.19,75.83,63.17,0.64,-1,-1,-1
633,3,1284.57,356.61,233.35,184.12,0.64,-1,-1,-1
633,12,334.95,731.66,377.66,315.23,0.88,-1,-1,-1
634,1,562.51,95.70,96.76,73.70,0.58,-1,-1,-1
634,2,934.44,81.16,75.72,63.19,0.63,-1,-1,-1
634,3,1284.54,356.56,233.44,184.18,0.63,-1,-1,-1
634,12,314.38,757.09,388.72,314.91,0.87,-1,-1,-1
635,1,562.01,97.31,97.20,72.13,0.61,-1,-1,-1
635,2,935.19,81.25,74.60,63.16,0.62,-1,-1,-1
635,3,1284.37,356.57,233.37,184.08,0.62,-1,-1,-1
635,12,286.01,782.89,401.23,291.57,0.89,-1,-1,-1
636,1,562.44,96.16,97.75,73.26,0.60,-1,-1,-1
636,2,936.77,80.33,74.86,64.76,0.65,-1,-1,-1
636,3,1284.32,356.79,232.42,183.19,0.63,-1,-1,-1
636,12,260.77,809.67,414.22,263.02,0.86,-1,-1,-1
637,1,562.52,94.27,97.87,75.17,0.62,-1,-1,-1
637,2,936.80,80.83,74.26,64.07,0.62,-1,-1,-1
637,3,1284.58,356.95,231.73,183.09,0.65,-1,-1,-1
637,12,227.98,835.51,430.54,239.65,0.77,-1,-1,-1
638,1,562.96,95.20,97.49,74.36,0.61,-1,-1,-1
638,2,936.57,82.46,73.44,62.95,0.64,-1,-1,-1
638,3,1285.41,356.80,232.87,184.06,0.65,-1,-1,-1
638,12,202.35,866.35,435.90,209.45,0.83,-1,-1,-1
639,1,562.83,96.27,97.60,73.20,0.60,-1,-1,-1
639,2,936.61,81.87,73.63,64.00,0.64,-1,-1,-1
639,3,1285.17,356.72,233.19,184.25,0.65,-1,-1,-1
639,12,185.02,897.30,427.95,178.73,0.77,-1,-1,-1
640,1,562.96,93.71,97.35,75.65,0.60,-1,-1,-1
640,2,936.64,81.26,73.29,64.27,0.65,-1,-1,-1
640,3,1285.47,356.90,232.86,184.09,0.66,-1,-1,-1
640,11,140.93,926.01,449.08,150.54,0.70,-1,-1,-1
641,1,562.99,94.60,97.36,74.95,0.61,-1,-1,-1
641,2,936.00,81.23,74.15,64.32,0.70,-1,-1,-1
641,3,1285.48,356.75,232.40,183.67,0.62,-1,-1,-1
641,11,149.52,964.90,404.52,114.54,0.73,-1,-1,-1
642,1,563.12,94.37,97.12,75.03,0.60,-1,-1,-1
642,3,1285.63,356.77,232.16,183.56,0.61,-1,-1,-1
643,1,562.59,97.14,97.61,72.38,0.60,-1,-1,-1
643,2,936.67,82.44,73.85,62.71,0.50,-1,-1,-1
643,3,1285.88,356.89,232.31,183.45,0.60,-1,-1,-1
644,1,562.54,98.55,97.53,70.90,0.60,-1,-1,-1
644,2,936.29,82.04,73.20,63.33,0.57,-1,-1,-1
644,3,1285.65,356.32,232.79,184.71,0.62,-1,-1,-1
645,1,562.55,99.07,97.59,70.42,0.60,-1,-1,-1
645,2,936.44,84.99,73.69,60.32,0.60,-1,-1,-1
645,3,1285.66,356.54,232.82,184.12,0.60,-1,-1,-1
646,1,563.29,96.10,97.07,74.16,0.61,-1,-1,-1
646,2,936.41,81.46,73.02,63.03,0.64,-1,-1,-1
646,3,1284.28,356.84,232.80,182.99,0.65,-1,-1,-1
647,1,563.28,96.56,97.02,73.63,0.61,-1,-1,-1
647,2,936.23,81.78,73.96,62.60,0.60,-1,-1,-1
647,3,1284.33,356.81,232.64,183.00,0.64,-1,-1,-1
648,1,563.15,96.79,97.06,73.44,0.60,-1,-1,-1
648,2,936.22,81.59,73.88,62.81,0.60,-1,-1,-1
648,3,1284.23,356.86,232.73,183.01,0.65,-1,-1,-1
649,1,563.10,97.84,96.77,72.32,0.58,-1,-1,-1
649,2,935.13,81.47,74.74,63.16,0.61,-1,-1,-1
649,3,1283.72,356.87,233.76,183.84,0.63,-1,-1,-1
650,1,563.18,100.15,96.53,69.96,0.58,-1,-1,-1
650,2,936.29,82.81,73.85,64.15,0.61,-1,-1,-1
650,3,1283.87,356.90,233.49,183.74,0.61,-1,-1,-1
651,1,563.48,99.89,96.24,70.61,0.58,-1,-1,-1
651,2,935.97,82.86,74.23,64.02,0.60,-1,-1,-1
651,3,1284.36,357.30,234.45,184.21,0.62,-1,-1,-1
652,1,563.39,99.02,96.45,71.40,0.59,-1,-1,-1
652,2,936.62,82.81,73.65,63.99,0.61,-1,-1,-1
652,3,1284.20,357.29,233.15,183.00,0.64,-1,-1,-1
653,1,563.45,97.42,96.44,73.01,0.59,-1,-1,-1
653,2,936.13,82.69,74.07,64.20,0.61,-1,-1,-1
653,3,1284.17,357.28,233.43,182.98,0.61,-1,-1,-1
654,1,563.67,97.63,96.05,72.63,0.57,-1,-1,-1
654,2,935.24,81.33,75.12,63.01,0.62,-1,-1,-1
654,3,1284.22,357.20,233.30,182.80,0.65,-1,-1,-1
655,1,563.33,96.30,96.28,74.30,0.58,-1,-1,-1
655,2,935.21,81.03,75.03,63.41,0.64,-1,-1,-1
655,3,1284.23,357.08,233.07,182.73,0.62,-1,-1,-1
656,1,562.77,95.41,97.11,74.35,0.54,-1,-1,-1
656,2,935.76,80.78,74.30,64.16,0.59,-1,-1,-1
656,3,1283.81,357.18,233.05,182.34,0.58,-1,-1,-1
657,1,562.74,95.08,97.29,74.91,0.54,-1,-1,-1
657,2,935.80,80.74,74.26,64.10,0.59,-1,-1,-1
657,3,1283.78,357.20,232.90,182.21,0.58,-1,-1,-1
658,1,562.43,92.89,97.20,77.26,0.56,-1,-1,-1
658,2,935.46,80.87,75.27,63.73,0.59,-1,-1,-1
658,3,1283.81,356.52,232.16,182.81,0.59,-1,-1,-1
659,1,562.30,92.76,97.23,77.41,0.54,-1,-1,-1
659,2,935.50,80.79,75.15,63.91,0.59,-1,-1,-1
659,3,1283.82,356.11,231.86,183.26,0.55,-1,-1,-1
660,1,562.51,94.79,96.97,75.33,0.57,-1,-1,-1
660,2,935.82,80.53,74.92,64.10,0.58,-1,-1,-1
660,3,1283.87,356.05,231.71,183.23,0.56,-1,-1,-1
661,1,561.98,93.78,97.56,76.42,0.60,-1,-1,-1
661,2,936.24,81.15,74.36,64.21,0.55,-1,-1,-1
661,3,1284.25,355.55,231.92,184.00,0.53,-1,-1,-1
662,1,561.85,92.30,97.76,77.91,0.60,-1,-1,-1
662,2,936.02,80.80,74.60,64.52,0.55,-1,-1,-1
662,3,1284.29,355.55,231.97,184.14,0.54,-1,-1,-1
663,1,562.04,92.92,97.55,77.37,0.60,-1,-1,-1
663,2,936.10,80.72,74.63,64.78,0.56,-1,-1,-1
663,3,1284.30,355.66,231.82,184.08,0.56,-1,-1,-1
664,1,562.03,91.60,97.56,78.49,0.61,-1,-1,-1
664,2,936.71,80.63,74.10,64.74,0.59,-1,-1,-1
664,3,1284.22,355.64,231.93,183.96,0.56,-1,-1,-1
665,1,562.12,91.84,97.68,78.28,0.62,-1,-1,-1
665,2,936.79,80.74,73.83,64.58,0.56,-1,-1,-1
665,3,1284.68,355.41,231.46,184.27,0.54,-1,-1,-1
666,1,562.16,91.38,97.75,78.99,0.65,-1,-1,-1
666,2,937.37,81.36,72.83,63.96,0.56,-1,-1,-1
666,3,1285.59,357.12,231.09,182.77,0.56,-1,-1,-1
667,1,562.10,91.33,97.97,79.28,0.65,-1,-1,-1
667,2,937.38,81.43,72.81,63.82,0.57,-1,-1,-1
667,3,1285.56,357.18,231.18,182.75,0.56,-1,-1,-1
668,1,561.56,91.36,98.46,79.19,0.64,-1,-1,-1
668,2,937.49,81.34,72.90,64.02,0.58,-1,-1,-1
668,3,1285.51,357.26,231.26,182.54,0.56,-1,-1,-1
669,1,561.61,90.57,98.42,79.93,0.64,-1,-1,-1
669,2,937.50,81.40,72.94,63.96,0.57,-1,-1,-1
669,3,1285.74,357.17,231.02,182.62,0.56,-1,-1,-1
670,1,561.38,94.61,98.45,76.09,0.61,-1,-1,-1
670,2,938.24,80.74,72.23,64.20,0.60,-1,-1,-1
670,3,1285.65,357.08,231.26,182.45,0.61,-1,-1,-1
671,1,561.78,94.92,98.21,75.71,0.64,-1,-1,-1
671,2,937.54,80.85,72.98,64.30,0.62,-1,-1,-1
671,3,1285.51,356.67,231.36,182.75,0.62,-1,-1,-1
672,1,561.66,93.62,98.33,76.99,0.64,-1,-1,-1
672,2,937.44,80.80,73.05,64.27,0.62,-1,-1,-1
672,3,1285.64,356.80,231.36,182.74,0.64,-1,-1,-1
673,1,560.82,92.52,99.17,77.69,0.61,-1,-1,-1
673,2,936.78,80.88,73.04,64.29,0.62,-1,-1,-1
673,3,1285.37,356.81,231.75,182.72,0.61,-1,-1,-1
674,1,560.91,94.04,98.99,76.01,0.60,-1,-1,-1
674,2,936.87,80.82,73.19,64.30,0.62,-1,-1,-1
674,3,1285.37,356.86,231.93,182.78,0.60,-1,-1,-1
675,1,560.55,95.04,99.38,75.20,0.61,-1,-1,-1
675,2,936.80,80.75,73.11,64.52,0.63,-1,-1,-1
675,3,1285.46,356.81,231.78,183.00,0.59,-1,-1,-1
676,1,557.90,93.64,101.65,77.12,0.68,-1,-1,-1
676,2,937.97,80.32,71.67,64.27,0.58,-1,-1,-1
676,3,1284.83,357.00,231.44,182.60,0.53,-1,-1,-1
677,1,557.26,91.07,102.58,79.58,0.67,-1,-1,-1
677,2,937.85,80.31,72.35,64.66,0.59,-1,-1,-1
677,3,1284.93,356.92,231.35,182.58,0.53,-1,-1,-1
678,1,557.16,91.98,102.29,78.61,0.68,-1,-1,-1
678,2,937.22,80.59,72.92,64.64,0.59,-1,-1,-1
678,3,1284.67,356.72,231.22,182.25,0.53,-1,-1,-1
679,1,557.39,92.65,101.98,77.89,0.68,-1,-1,-1
679,2,938.30,81.37,72.27,65.87,0.53,-1,-1,-1
679,3,1284.65,356.59,231.30,182.35,0.53,-1,-1,-1
680,1,557.18,92.27,102.22,78.56,0.69,-1,-1,-1
680,2,938.43,81.27,72.17,66.15,0.51,-1,-1,-1
680,3,1284.81,356.42,231.15,182.54,0.54,-1,-1,-1
681,1,558.50,92.97,100.82,77.90,0.66,-1,-1,-1
681,2,938.41,81.20,72.05,66.13,0.52,-1,-1,-1
681,3,1284.32,356.20,231.78,183.08,0.51,-1,-1,-1
682,1,558.98,93.35,100.36,77.50,0.67,-1,-1,-1
682,2,938.39,81.08,72.09,66.22,0.50,-1,-1,-1
682,3,1284.30,356.58,231.72,182.69,0.51,-1,-1,-1
683,1,558.48,93.44,100.87,77.29,0.67,-1,-1,-1
683,2,938.67,80.86,71.71,66.11,0.52,-1,-1,-1
683,3,1284.27,356.17,231.77,183.21,0.54,-1,-1,-1
684,1,558.67,93.73,100.75,76.83,0.70,-1,-1,-1
684,2,938.53,80.94,71.67,66.03,0.53,-1,-1,-1
684,3,1284.35,356.05,231.62,183.41,0.52,-1,-1,-1
685,1,559.24,91.58,100.57,78.60,0.68,-1,-1,-1
685,2,938.45,81.36,71.67,65.80,0.52,-1,-1,-1
685,3,1284.51,356.50,231.76,183.32,0.56,-1,-1,-1
686,1,558.51,93.16,101.29,76.67,0.64,-1,-1,-1
686,2,938.18,81.43,72.08,65.67,0.51,-1,-1,-1
686,3,1284.55,356.45,231.70,183.38,0.56,-1,-1,-1
687,1,559.00,93.36,100.38,75.89,0.64,-1,-1,-1
687,2,937.80,81.39,72.65,65.86,0.52,-1,-1,-1
687,3,1284.74,356.73,231.54,183.02,0.55,-1,-1,-1
688,1,558.58,94.74,100.71,74.77,0.62,-1,-1,-1
688,2,937.57,81.36,72.91,65.90,0.54,-1,-1,-1
688,3,1284.57,356.80,231.70,182.68,0.54,-1,-1,-1
689,1,559.83,98.31,99.62,71.54,0.63,-1,-1,-1
689,2,937.98,81.42,72.47,65.92,0.55,-1,-1,-1
689,3,1284.32,356.90,231.92,182.49,0.54,-1,-1,-1
690,1,559.44,95.03,100.25,75.08,0.64,-1,-1,-1
690,2,937.90,81.53,72.51,65.74,0.57,-1,-1,-1
690,3,1284.57,356.61,231.72,182.74,0.50,-1,-1,-1
691,1,559.25,94.27,100.39,75.82,0.64,-1,-1,-1
691,2,937.90,81.54,72.52,65.73,0.57,-1,-1,-1
692,1,560.83,95.41,99.05,74.45,0.63,-1,-1,-1
692,2,938.35,81.80,72.58,65.32,0.54,-1,-1,-1
693,1,560.05,94.07,99.53,75.71,0.65,-1,-1,-1
693,2,938.11,81.66,72.47,64.28,0.54,-1,-1,-1
693,3,1284.38,356.02,231.66,182.96,0.53,-1,-1,-1
694,1,559.29,94.27,100.16,75.33,0.67,-1,-1,-1
694,2,938.12,81.37,71.97,64.65,0.53,-1,-1,-1
694,3,1284.40,355.96,231.36,183.10,0.59,-1,-1,-1
694,13,920.43,1006.96,433.27,67.52,0.55,-1,-1,-1
695,1,559.02,93.50,100.44,76.03,0.65,-1,-1,-1
695,2,937.78,81.34,72.44,64.26,0.52,-1,-1,-1
695,3,1284.57,356.46,231.32,182.62,0.58,-1,-1,-1
695,13,918.09,975.21,502.13,98.00,0.61,-1,-1,-1
696,1,560.83,99.96,98.52,70.09,0.65,-1,-1,-1
696,2,938.32,79.91,70.38,63.14,0.56,-1,-1,-1
696,3,1283.75,355.94,232.17,183.27,0.62,-1,-1,-1
696,13,904.74,948.69,537.66,126.47,0.71,-1,-1,-1
697,1,561.66,98.65,97.80,70.92,0.66,-1,-1,-1
697,2,937.28,80.72,71.51,61.57,0.57,-1,-1,-1
697,3,1283.74,355.80,232.59,183.57,0.58,-1,-1,-1
697,13,902.93,921.16,543.11,148.08,0.67,-1,-1,-1
698,1,560.94,94.33,98.22,75.02,0.67,-1,-1,-1
698,2,936.98,80.20,71.63,62.10,0.58,-1,-1,-1
698,3,1283.44,354.33,232.82,184.62,0.59,-1,-1,-1
698,13,939.17,894.58,501.72,183.70,0.80,-1,-1,-1
699,1,561.02,93.63,98.10,74.29,0.65,-1,-1,-1
699,2,937.07,79.58,71.61,62.30,0.60,-1,-1,-1
699,3,1283.96,354.60,232.08,184.37,0.56,-1,-1,-1
699,13,952.26,869.66,488.59,203.86,0.76,-1,-1,-1
700,1,560.01,94.14,98.84,73.67,0.64,-1,-1,-1
700,2,936.55,79.37,72.18,63.01,0.63,-1,-1,-1
700,3,1282.98,354.06,233.25,184.72,0.56,-1,-1,-1
700,13,951.03,845.05,496.28,232.34,0.72,-1,-1,-1
701,1,559.82,93.61,98.99,74.02,0.64,-1,-1,-1
701,2,937.13,79.41,71.85,62.28,0.61,-1,-1,-1
701,3,1283.01,354.22,233.29,184.47,0.57,-1,-1,-1
701,13,942.57,820.93,507.35,259.07,0.68,-1,-1,-1
702,1,559.85,93.16,99.09,75.42,0.66,-1,-1,-1
702,2,938.27,79.13,70.83,61.76,0.61,-1,-1,-1
702,3,1282.98,354.52,233.33,184.38,0.58,-1,-1,-1
702,13,974.10,803.40,474.11,276.60,0.85,-1,-1,-1
703,1,559.53,93.95,99.51,75.35,0.65,-1,-1,-1
703,2,936.58,80.01,72.18,61.63,0.56,-1,-1,-1
703,3,1283.73,355.60,232.60,183.36,0.61,-1,-1,-1
703,13,981.80,780.67,452.85,289.75,0.86,-1,-1,-1
704,1,559.56,96.32,99.44,73.17,0.65,-1,-1,-1
704,2,936.58,80.71,72.80,61.41,0.51,-1,-1,-1
704,3,1284.08,355.52,232.11,183.70,0.65,-1,-1,-1
704,13,990.99,760.58,426.84,310.67,0.83,-1,-1,-1
705,1,560.12,93.95,98.95,75.31,0.65,-1,-1,-1
705,2,937.16,80.64,72.25,61.12,0.50,-1,-1,-1
705,3,1283.95,355.13,232.29,184.19,0.62,-1,-1,-1
705,13,965.76,738.92,456.94,332.11,0.65,-1,-1,-1
706,1,562.19,96.95,97.26,72.07,0.65,-1,-1,-1
706,2,939.70,81.43,69.57,60.36,0.51,-1,-1,-1
706,3,1284.86,355.34,231.74,184.33,0.52,-1,-1,-1
706,13,1000.94,721.27,414.93,350.87,0.75,-1,-1,-1
707,1,562.05,95.52,97.72,73.32,0.66,-1,-1,-1
707,2,939.14,81.60,70.08,61.19,0.52,-1,-1,-1
707,3,1285.12,356.27,231.88,183.41,0.54,-1,-1,-1
707,13,1006.07,704.43,407.42,368.37,0.60,-1,-1,-1
708,1,562.73,97.28,96.95,72.02,0.64,-1,-1,-1
708,2,937.59,81.28,72.93,66.18,0.52,-1,-1,-1
709,1,562.22,96.06,98.02,73.37,0.61,-1,-1,-1
709,2,937.44,81.30,72.31,63.06,0.54,-1,-1,-1
710,1,562.72,98.29,97.48,71.11,0.60,-1,-1,-1
710,2,937.76,81.20,72.09,63.29,0.55,-1,-1,-1
710,3,1284.69,357.44,232.33,182.78,0.54,-1,-1,-1
710,13,1013.40,648.75,391.32,392.88,0.55,-1,-1,-1
711,1,561.81,97.52,98.22,71.98,0.60,-1,-1,-1
711,2,937.18,81.35,72.52,63.08,0.54,-1,-1,-1
711,3,1284.72,357.36,232.39,183.15,0.53,-1,-1,-1
712,1,561.64,96.43,98.39,73.21,0.62,-1,-1,-1
712,2,937.53,81.17,72.34,63.12,0.53,-1,-1,-1
712,3,1284.65,357.37,232.34,183.28,0.55,-1,-1,-1
713,1,561.80,96.64,98.19,72.74,0.59,-1,-1,-1
713,2,937.99,81.03,71.93,63.51,0.54,-1,-1,-1
713,3,1284.71,357.44,232.25,183.43,0.55,-1,-1,-1
714,1,561.89,97.02,98.12,72.32,0.58,-1,-1,-1
714,2,937.62,80.81,72.32,63.82,0.55,-1,-1,-1
714,3,1284.89,357.62,231.82,183.58,0.50,-1,-1,-1
715,1,562.10,95.57,97.78,73.97,0.61,-1,-1,-1
715,2,937.41,81.17,72.38,63.50,0.53,-1,-1,-1
716,1,561.98,98.20,97.43,71.60,0.64,-1,-1,-1
716,2,936.88,81.08,72.37,61.91,0.58,-1,-1,-1
716,3,1283.82,356.50,232.15,184.38,0.51,-1,-1,-1
717,1,561.52,97.58,97.88,71.69,0.64,-1,-1,-1
717,2,936.23,81.74,73.08,61.58,0.57,-1,-1,-1
717,3,1284.29,356.42,231.44,184.48,0.57,-1,-1,-1
718,1,561.68,94.43,97.49,74.53,0.63,-1,-1,-1
718,2,936.61,81.19,72.97,61.85,0.56,-1,-1,-1
719,1,561.11,95.31,98.00,73.81,0.65,-1,-1,-1
719,2,936.08,81.14,73.05,61.95,0.57,-1,-1,-1
719,3,1284.85,355.57,230.77,184.08,0.61,-1,-1,-1
720,1,560.18,94.63,98.77,73.64,0.62,-1,-1,-1
720,2,936.04,80.16,73.29,62.65,0.54,-1,-1,-1
720,3,1283.90,355.87,231.50,183.37,0.57,-1,-1,-1
721,1,556.76,87.95,103.45,79.41,0.63,-1,-1,-1
721,2,935.02,79.88,74.21,61.51,0.62,-1,-1,-1
722,1,559.63,93.38,99.05,73.92,0.63,-1,-1,-1
722,2,935.44,79.58,73.69,61.57,0.61,-1,-1,-1
722,3,1284.69,355.93,232.63,184.87,0.57,-1,-1,-1
723,1,556.97,89.87,103.13,77.39,0.62,-1,-1,-1
723,2,934.63,79.50,74.41,62.24,0.60,-1,-1,-1
723,3,1284.50,355.01,231.64,188.51,0.60,-1,-1,-1
724,1,557.15,90.76,102.89,76.37,0.62,-1,-1,-1
724,2,934.27,80.04,74.50,61.91,0.63,-1,-1,-1
724,3,1285.27,354.49,232.46,187.05,0.59,-1,-1,-1
725,1,559.62,95.14,99.03,71.62,0.63,-1,-1,-1
725,2,934.32,79.55,74.51,62.30,0.63,-1,-1,-1
725,3,1283.77,355.17,232.24,185.56,0.63,-1,-1,-1
726,1,558.55,92.51,100.41,74.20,0.61,-1,-1,-1
726,2,933.59,79.91,75.41,61.82,0.63,-1,-1,-1
726,3,1284.74,358.50,231.06,181.14,0.65,-1,-1,-1
726,13,967.36,439.50,334.50,304.30,0.51,-1,-1,-1
727,1,557.83,92.98,101.31,73.86,0.62,-1,-1,-1
727,2,933.46,79.85,75.76,61.82,0.62,-1,-1,-1
727,3,1285.38,359.05,230.40,180.32,0.60,-1,-1,-1
728,1,558.21,93.10,100.82,74.21,0.62,-1,-1,-1
728,2,934.04,79.88,75.27,62.60,0.62,-1,-1,-1
728,3,1283.83,357.92,231.87,181.85,0.60,-1,-1,-1
729,1,556.10,90.02,104.26,76.73,0.61,-1,-1,-1
729,2,933.32,80.01,76.06,62.61,0.63,-1,-1,-1
729,3,1284.83,356.81,230.62,182.54,0.53,-1,-1,-1
730,1,556.11,89.70,104.27,77.02,0.61,-1,-1,-1
730,2,933.90,80.02,75.57,62.67,0.64,-1,-1,-1
731,1,556.21,89.64,104.14,77.06,0.60,-1,-1,-1
731,2,933.92,80.09,75.60,62.61,0.63,-1,-1,-1
732,1,555.70,89.12,104.37,78.10,0.60,-1,-1,-1
732,2,934.25,79.62,75.37,63.02,0.66,-1,-1,-1
733,1,556.99,86.86,103.31,80.77,0.57,-1,-1,-1
733,2,934.18,80.49,75.33,62.86,0.64,-1,-1,-1
734,1,561.80,94.51,97.76,74.22,0.59,-1,-1,-1
734,2,934.94,80.70,74.56,63.17,0.63,-1,-1,-1
735,1,561.63,95.97,98.54,73.54,0.63,-1,-1,-1
735,2,936.38,81.09,73.52,63.93,0.58,-1,-1,-1
736,1,561.22,96.24,98.75,73.81,0.66,-1,-1,-1
736,2,937.62,79.82,72.14,64.26,0.51,-1,-1,-1
736,3,1284.40,356.87,231.18,183.50,0.58,-1,-1,-1
737,1,561.24,96.07,98.85,73.97,0.64,-1,-1,-1
737,2,937.79,79.54,72.15,64.26,0.54,-1,-1,-1
737,3,1284.46,356.95,231.38,182.96,0.65,-1,-1,-1
738,1,561.74,96.62,98.35,73.03,0.64,-1,-1,-1
738,2,938.21,79.61,71.73,63.53,0.55,-1,-1,-1
738,3,1283.82,356.48,232.06,183.72,0.64,-1,-1,-1
738,13,893.67,342.39,312.02,255.21,0.58,-1,-1,-1
739,1,561.49,97.07,98.68,72.60,0.65,-1,-1,-1
739,2,937.87,79.66,72.19,63.66,0.55,-1,-1,-1
739,3,1283.89,356.36,231.96,184.19,0.58,-1,-1,-1
740,1,561.63,97.20,98.00,72.48,0.65,-1,-1,-1
740,2,937.42,79.31,72.15,63.86,0.57,-1,-1,-1
740,3,1283.50,355.58,231.78,184.50,0.65,-1,-1,-1
741,1,561.39,95.41,98.15,73.95,0.61,-1,-1,-1
741,2,936.99,79.14,73.61,64.00,0.62,-1,-1,-1
741,3,1283.66,354.54,232.10,185.51,0.65,-1,-1,-1
742,1,555.85,87.84,104.81,79.86,0.59,-1,-1,-1
742,2,936.70,79.06,73.19,63.31,0.66,-1,-1,-1
742,3,1282.84,354.22,232.81,185.38,0.57,-1,-1,-1
743,1,559.12,89.07,102.02,78.47,0.58,-1,-1,-1
743,2,936.45,78.79,73.09,63.20,0.65,-1,-1,-1
744,1,557.09,89.23,103.96,78.10,0.58,-1,-1,-1
744,2,935.03,79.57,74.14,62.40,0.70,-1,-1,-1
744,3,1283.21,355.05,232.12,183.80,0.54,-1,-1,-1
745,1,560.39,94.78,98.29,72.53,0.62,-1,-1,-1
745,2,933.42,79.93,75.65,62.16,0.68,-1,-1,-1
745,3,1283.52,356.45,231.88,182.74,0.56,-1,-1,-1
746,1,560.95,95.08,98.18,71.65,0.57,-1,-1,-1
746,2,934.17,79.35,74.83,62.32,0.58,-1,-1,-1
746,3,1284.15,356.07,231.53,183.12,0.57,-1,-1,-1
747,1,560.28,95.45,98.85,71.44,0.59,-1,-1,-1
747,2,934.16,79.65,74.71,61.84,0.53,-1,-1,-1
747,3,1284.21,356.07,231.39,183.21,0.58,-1,-1,-1
748,1,560.22,95.64,99.03,70.95,0.59,-1,-1,-1
748,2,934.44,79.82,74.41,61.55,0.51,-1,-1,-1
748,3,1284.38,356.02,231.25,183.14,0.62,-1,-1,-1
749,1,560.79,95.80,98.41,70.74,0.58,-1,-1,-1
749,2,934.07,79.52,74.86,62.22,0.55,-1,-1,-1
749,3,1284.05,355.67,231.60,183.62,0.63,-1,-1,-1
750,1,560.70,94.60,98.52,71.81,0.57,-1,-1,-1
750,2,934.76,79.50,74.43,62.13,0.54,-1,-1,-1
750,3,1284.28,355.18,231.60,184.46,0.54,-1,-1,-1
751,1,559.83,93.08,99.45,73.72,0.61,-1,-1,-1
751,2,933.38,79.67,75.66,61.88,0.63,-1,-1,-1
751,3,1284.23,355.78,231.80,183.75,0.54,-1,-1,-1
752,1,559.16,93.67,99.99,73.49,0.61,-1,-1,-1
752,2,933.39,80.04,76.00,61.85,0.68,-1,-1,-1
752,3,1283.73,355.12,232.48,184.47,0.50,-1,-1,-1
753,1,560.36,98.04,98.35,69.27,0.59,-1,-1,-1
753,2,933.93,79.63,75.93,61.99,0.69,-1,-1,-1
754,1,560.48,97.76,98.08,69.64,0.60,-1,-1,-1
754,2,934.22,79.62,75.59,61.96,0.67,-1,-1,-1
755,1,560.39,96.71,98.35,71.26,0.62,-1,-1,-1
755,2,934.06,79.68,75.71,61.72,0.67,-1,-1,-1
756,1,560.21,95.38,98.58,72.47,0.62,-1,-1,-1
756,2,933.80,79.83,76.19,62.27,0.68,-1,-1,-1
757,1,561.43,96.52,97.67,72.08,0.61,-1,-1,-1
757,2,935.13,79.56,74.58,61.93,0.66,-1,-1,-1
757,3,1284.85,355.76,231.24,182.76,0.52,-1,-1,-1
758,1,561.29,97.16,97.67,71.13,0.62,-1,-1,-1
758,2,934.84,79.64,74.75,61.85,0.68,-1,-1,-1
759,1,561.20,98.75,97.71,69.66,0.63,-1,-1,-1
759,2,935.06,79.48,74.84,61.94,0.67,-1,-1,-1
759,3,1284.92,355.57,231.17,182.85,0.55,-1,-1,-1
759,13,879.03,236.39,227.48,196.30,0.50,-1,-1,-1
760,1,561.10,98.82,97.96,70.60,0.61,-1,-1,-1
760,2,935.01,79.82,75.10,62.25,0.67,-1,-1,-1
760,3,1284.64,356.17,231.21,182.68,0.53,-1,-1,-1
761,1,557.13,90.34,103.62,78.19,0.57,-1,-1,-1
761,2,935.20,79.79,74.72,62.67,0.67,-1,-1,-1
761,3,1285.06,356.53,230.95,182.42,0.60,-1,-1,-1
762,1,556.85,88.49,103.88,79.88,0.58,-1,-1,-1
762,2,935.62,79.65,74.11,62.44,0.65,-1,-1,-1
762,3,1284.79,356.89,230.95,181.79,0.63,-1,-1,-1
763,1,557.88,87.15,102.48,80.73,0.60,-1,-1,-1
763,2,934.52,79.66,75.10,62.39,0.65,-1,-1,-1
763,3,1283.90,355.65,232.09,182.70,0.59,-1,-1,-1
764,1,557.72,88.65,102.47,78.98,0.61,-1,-1,-1
764,2,934.33,79.37,75.01,62.01,0.66,-1,-1,-1
764,3,1283.54,355.21,232.31,183.11,0.60,-1,-1,-1
765,1,558.70,89.09,101.32,78.23,0.60,-1,-1,-1
765,2,934.26,79.64,74.94,61.75,0.67,-1,-1,-1
765,3,1283.06,355.06,231.80,183.59,0.51,-1,-1,-1
766,1,559.51,93.44,99.06,74.58,0.63,-1,-1,-1
766,2,934.55,79.93,74.86,61.32,0.67,-1,-1,-1
766,3,1283.12,355.09,232.43,183.93,0.56,-1,-1,-1
767,1,559.79,94.33,99.06,73.11,0.63,-1,-1,-1
767,2,934.67,79.62,74.53,62.18,0.72,-1,-1,-1
767,3,1283.60,355.72,231.66,183.51,0.56,-1,-1,-1
767,13,861.55,209.49,203.48,178.37,0.58,-1,-1,-1
768,1,558.61,94.30,100.09,73.21,0.65,-1,-1,-1
768,2,933.99,79.24,75.29,62.51,0.70,-1,-1,-1
768,3,1283.74,356.39,231.37,182.17,0.53,-1,-1,-1
769,1,559.69,94.32,99.12,72.85,0.68,-1,-1,-1
769,2,934.69,79.13,74.37,61.54,0.70,-1,-1,-1
769,3,1284.11,356.44,231.22,182.70,0.56,-1,-1,-1
770,1,561.10,94.28,97.94,72.92,0.66,-1,-1,-1
770,2,934.70,79.26,74.30,61.63,0.73,-1,-1,-1
770,3,1284.68,356.40,230.62,182.82,0.58,-1,-1,-1
771,1,561.10,93.02,98.08,74.42,0.67,-1,-1,-1
771,2,934.45,79.54,74.65,61.20,0.72,-1,-1,-1
771,3,1284.44,355.98,231.00,183.52,0.59,-1,-1,-1
772,1,560.85,93.44,98.10,73.97,0.68,-1,-1,-1
772,2,934.51,80.10,74.25,61.08,0.70,-1,-1,-1
772,3,1284.24,355.74,231.26,183.46,0.60,-1,-1,-1
773,1,560.36,93.61,98.39,73.89,0.67,-1,-1,-1
773,2,934.75,79.99,74.18,61.44,0.70,-1,-1,-1
773,3,1284.46,355.87,231.55,183.33,0.57,-1,-1,-1
774,1,560.47,92.77,98.33,74.82,0.66,-1,-1,-1
774,2,934.50,79.88,74.79,61.63,0.70,-1,-1,-1
774,3,1284.45,356.17,231.38,183.00,0.55,-1,-1,-1
775,1,560.50,91.76,98.34,75.83,0.67,-1,-1,-1
775,2,934.68,79.95,74.59,61.87,0.70,-1,-1,-1
775,3,1284.75,356.14,231.12,183.08,0.54,-1,-1,-1
776,1,560.62,92.65,97.99,74.86,0.66,-1,-1,-1
776,2,933.99,80.41,75.40,61.58,0.68,-1,-1,-1
776,3,1284.97,355.98,231.07,183.19,0.51,-1,-1,-1
777,1,561.88,94.66,97.11,72.82,0.60,-1,-1,-1
777,2,934.34,81.00,74.95,62.00,0.65,-1,-1,-1
777,3,1284.65,355.32,232.07,184.48,0.53,-1,-1,-1
778,1,562.80,98.08,96.39,70.67,0.56,-1,-1,-1
778,2,935.12,80.73,73.85,61.79,0.67,-1,-1,-1
778,3,1283.93,354.77,232.65,184.67,0.57,-1,-1,-1
779,1,562.28,100.06,97.34,69.17,0.56,-1,-1,-1
779,2,936.31,81.00,73.51,61.73,0.61,-1,-1,-1
779,3,1284.18,355.74,232.30,183.66,0.59,-1,-1,-1
780,1,561.61,95.73,98.44,73.62,0.58,-1,-1,-1
780,2,935.65,80.94,73.99,62.40,0.60,-1,-1,-1
780,3,1284.34,356.51,232.37,182.92,0.63,-1,-1,-1
781,1,561.42,93.89,98.26,75.75,0.62,-1,-1,-1
781,2,935.26,80.98,74.63,62.41,0.62,-1,-1,-1
781,3,1284.37,356.18,232.35,183.78,0.60,-1,-1,-1
782,1,561.26,95.12,98.44,74.32,0.61,-1,-1,-1
782,2,935.26,80.92,74.71,62.53,0.60,-1,-1,-1
782,3,1284.91,356.42,231.71,183.52,0.63,-1,-1,-1
783,1,562.26,94.69,97.65,74.63,0.61,-1,-1,-1
783,2,936.14,80.88,73.90,62.28,0.58,-1,-1,-1
783,3,1284.84,356.65,231.64,183.21,0.60,-1,-1,-1
783,13,855.05,167.54,168.83,154.68,0.56,-1,-1,-1
784,1,561.77,94.84,97.91,74.42,0.63,-1,-1,-1
784,2,935.70,81.22,74.45,62.16,0.59,-1,-1,-1
784,3,1285.62,356.44,231.17,183.09,0.61,-1,-1,-1
784,13,860.32,165.85,167.18,155.39,0.64,-1,-1,-1
785,1,561.43,94.50,98.53,74.87,0.60,-1,-1,-1
785,2,935.21,81.66,74.36,61.40,0.56,-1,-1,-1
785,3,1285.51,356.21,231.25,183.36,0.61,-1,-1,-1
785,13,854.22,164.25,170.66,152.00,0.63,-1,-1,-1
786,1,561.80,95.29,98.08,74.00,0.59,-1,-1,-1
786,2,936.35,80.74,73.15,61.57,0.61,-1,-1,-1
786,3,1286.31,356.75,231.95,183.45,0.62,-1,-1,-1
786,13,856.21,161.28,167.45,149.81,0.71,-1,-1,-1
787,1,562.24,95.68,97.59,73.68,0.61,-1,-1,-1
787,2,938.49,82.67,70.40,59.43,0.68,-1,-1,-1
787,3,1285.72,356.19,230.65,183.25,0.64,-1,-1,-1
788,1,562.10,96.54,97.73,72.67,0.61,-1,-1,-1
788,2,939.90,81.57,69.52,59.33,0.61,-1,-1,-1
788,3,1285.65,356.35,230.55,183.14,0.63,-1,-1,-1
788,13,856.88,155.28,165.01,152.49,0.60,-1,-1,-1
789,1,562.05,96.85,97.57,72.41,0.61,-1,-1,-1
789,2,939.89,81.52,68.98,59.81,0.62,-1,-1,-1
789,3,1285.39,356.47,230.91,183.27,0.63,-1,-1,-1
789,13,861.26,157.52,158.62,144.54,0.69,-1,-1,-1
790,1,562.09,98.94,96.87,70.60,0.57,-1,-1,-1
790,2,935.88,80.18,73.33,61.64,0.70,-1,-1,-1
790,3,1285.14,356.70,231.01,182.86,0.66,-1,-1,-1
790,13,863.31,154.82,155.86,143.55,0.58,-1,-1,-1
791,1,562.20,98.53,96.70,70.71,0.58,-1,-1,-1
791,3,1284.55,356.34,231.21,183.17,0.64,-1,-1,-1
791,13,860.45,147.81,157.15,147.94,0.60,-1,-1,-1
792,1,562.43,96.56,95.75,72.38,0.57,-1,-1,-1
792,3,1284.19,355.51,232.02,184.05,0.59,-1,-1,-1
792,13,860.72,150.84,155.47,139.66,0.62,-1,-1,-1
793,1,555.74,86.68,104.72,81.48,0.60,-1,-1,-1
793,3,1284.15,355.68,232.08,184.03,0.56,-1,-1,-1
793,13,861.83,146.95,152.14,139.82,0.71,-1,-1,-1
794,1,555.78,86.65,104.84,81.02,0.61,-1,-1,-1
794,2,938.60,81.25,70.13,57.53,0.55,-1,-1,-1
794,3,1284.04,355.50,231.65,183.90,0.58,-1,-1,-1
794,13,859.21,144.62,153.26,140.29,0.57,-1,-1,-1
795,1,555.30,86.97,105.31,80.74,0.61,-1,-1,-1
795,3,1284.06,355.45,231.92,184.16,0.60,-1,-1,-1
795,13,858.89,142.98,154.28,139.37,0.70,-1,-1,-1
796,1,554.47,85.81,106.19,82.03,0.59,-1,-1,-1
796,3,1284.48,355.55,231.60,184.38,0.61,-1,-1,-1
796,13,858.62,141.69,153.18,136.21,0.76,-1,-1,-1
797,1,555.43,85.71,105.15,82.18,0.60,-1,-1,-1
797,2,940.39,80.28,68.97,57.27,0.66,-1,-1,-1
797,3,1284.64,355.79,231.29,184.12,0.60,-1,-1,-1
797,13,857.12,141.57,153.21,134.27,0.76,-1,-1,-1
798,1,556.93,86.07,103.78,82.20,0.59,-1,-1,-1
798,2,940.92,80.37,69.10,57.79,0.64,-1,-1,-1
798,3,1284.94,355.87,231.33,184.30,0.59,-1,-1,-1
798,13,858.93,139.26,150.69,134.87,0.80,-1,-1,-1
799,1,554.98,86.15,105.92,82.28,0.57,-1,-1,-1
799,2,940.37,79.85,69.11,58.78,0.65,-1,-1,-1
799,3,1284.73,355.78,231.61,184.29,0.62,-1,-1,-1
799,13,862.09,137.36,146.10,134.78,0.81,-1,-1,-1
800,1,556.58,86.15,104.30,82.17,0.57,-1,-1,-1
800,2,940.99,79.47,68.49,58.79,0.63,-1,-1,-1
800,3,1284.96,355.76,231.52,184.44,0.63,-1,-1,-1
800,13,860.60,135.14,147.58,131.08,0.75,-1,-1,-1
801,1,556.46,84.57,104.42,83.64,0.57,-1,-1,-1
801,2,941.47,79.62,67.63,59.37,0.60,-1,-1,-1
801,3,1284.82,355.42,231.83,184.62,0.66,-1,-1,-1
801,13,864.08,134.63,142.24,129.52,0.83,-1,-1,-1
802,1,556.95,84.80,103.92,83.04,0.58,-1,-1,-1
802,2,941.40,79.41,67.63,59.84,0.61,-1,-1,-1
802,3,1284.89,354.78,231.44,185.08,0.65,-1,-1,-1
802,13,864.42,131.32,142.04,130.40,0.82,-1,-1,-1
803,1,557.33,85.00,103.51,82.79,0.58,-1,-1,-1
803,2,940.88,79.73,67.82,56.71,0.64,-1,-1,-1
803,3,1284.40,354.63,231.82,185.29,0.62,-1,-1,-1
803,13,864.45,128.21,142.27,133.89,0.77,-1,-1,-1
804,1,557.63,84.63,103.22,83.19,0.58,-1,-1,-1
804,2,938.79,79.90,69.67,59.58,0.59,-1,-1,-1
804,3,1284.40,354.73,231.80,185.14,0.64,-1,-1,-1
804,13,866.18,134.71,139.60,124.06,0.76,-1,-1,-1
805,1,557.67,85.12,102.98,82.71,0.61,-1,-1,-1
805,2,938.10,79.76,70.62,56.72,0.58,-1,-1,-1
805,3,1284.23,354.81,232.32,184.96,0.60,-1,-1,-1
805,13,865.74,130.98,138.44,124.04,0.75,-1,-1,-1
806,1,557.39,85.23,103.29,82.80,0.61,-1,-1,-1
806,2,939.56,80.39,69.58,57.85,0.55,-1,-1,-1
806,3,1284.46,355.16,232.13,184.61,0.62,-1,-1,-1
806,13,865.80,127.73,138.21,124.73,0.78,-1,-1,-1
807,1,561.59,99.56,97.60,69.78,0.64,-1,-1,-1
807,2,941.22,79.52,68.47,59.78,0.55,-1,-1,-1
807,3,1283.79,355.44,232.37,184.32,0.51,-1,-1,-1
807,13,866.59,144.63,137.41,106.32,0.68,-1,-1,-1
808,1,561.50,101.78,97.86,67.70,0.64,-1,-1,-1
808,2,940.13,79.81,69.17,59.37,0.60,-1,-1,-1
808,3,1283.87,355.21,231.93,184.45,0.52,-1,-1,-1
808,13,867.52,123.53,132.80,123.59,0.63,-1,-1,-1
809,1,561.21,100.79,98.22,68.80,0.67,-1,-1,-1
809,2,940.36,79.79,68.97,59.70,0.57,-1,-1,-1
809,3,1283.70,355.49,231.93,184.31,0.53,-1,-1,-1
809,13,868.14,119.82,131.13,124.36,0.74,-1,-1,-1
810,1,561.65,101.36,97.71,68.12,0.63,-1,-1,-1
810,2,939.86,80.01,69.85,61.53,0.54,-1,-1,-1
810,3,1283.58,355.56,232.22,184.28,0.52,-1,-1,-1
810,13,867.48,119.42,132.24,121.31,0.59,-1,-1,-1
811,1,561.60,99.45,97.98,69.99,0.65,-1,-1,-1
811,2,939.71,80.06,70.48,62.59,0.55,-1,-1,-1
811,3,1283.41,355.46,232.43,184.71,0.52,-1,-1,-1
811,13,867.70,120.66,131.43,117.97,0.71,-1,-1,-1
812,1,560.72,98.66,99.02,70.85,0.68,-1,-1,-1
812,2,941.49,80.43,68.86,60.90,0.53,-1,-1,-1
812,3,1283.71,355.65,232.23,184.49,0.56,-1,-1,-1
812,13,866.66,117.19,131.32,120.27,0.70,-1,-1,-1
813,1,560.88,100.76,98.94,68.61,0.65,-1,-1,-1
813,2,939.14,79.73,71.42,64.26,0.50,-1,-1,-1
813,3,1283.74,355.83,232.28,184.36,0.56,-1,-1,-1
813,13,867.69,114.53,128.86,120.80,0.70,-1,-1,-1
814,1,560.95,100.77,98.79,68.61,0.65,-1,-1,-1
814,2,941.35,80.47,69.06,59.94,0.53,-1,-1,-1
814,3,1284.01,355.92,232.06,184.11,0.56,-1,-1,-1
814,13,867.95,113.11,128.01,118.29,0.67,-1,-1,-1
815,1,560.88,100.10,98.86,69.28,0.65,-1,-1,-1
815,3,1283.87,355.86,231.99,184.08,0.55,-1,-1,-1
815,13,868.86,112.29,125.80,115.90,0.60,-1,-1,-1
816,1,561.15,99.58,98.54,69.75,0.65,-1,-1,-1
816,2,942.46,80.35,67.99,61.77,0.55,-1,-1,-1
816,13,866.89,112.65,127.87,114.29,0.74,-1,-1,-1
817,1,561.80,100.99,98.31,68.80,0.68,-1,-1,-1
817,2,943.58,80.48,66.20,60.95,0.57,-1,-1,-1
817,13,867.88,108.90,124.21,116.67,0.67,-1,-1,-1
818,1,561.74,100.22,98.51,69.49,0.68,-1,-1,-1
818,2,943.72,80.74,66.43,60.45,0.59,-1,-1,-1
818,3,1283.90,355.56,232.29,184.04,0.52,-1,-1,-1
818,13,866.78,108.51,124.20,116.24,0.67,-1,-1,-1
819,1,561.19,98.92,98.78,70.72,0.68,-1,-1,-1
819,2,944.18,80.55,65.34,60.51,0.62,-1,-1,-1
819,3,1283.81,355.75,232.33,184.01,0.51,-1,-1,-1
819,13,864.34,101.86,123.44,119.84,0.61,-1,-1,-1
819,14,0.11,293.29,64.14,125.21,0.55,-1,-1,-1
820,1,561.33,98.32,98.43,71.43,0.68,-1,-1,-1
820,2,944.65,80.15,64.33,59.38,0.66,-1,-1,-1
820,3,1283.58,355.15,232.59,184.65,0.54,-1,-1,-1
820,13,863.92,104.70,122.31,113.44,0.71,-1,-1,-1
820,14,0.12,284.81,81.93,131.95,0.54,-1,-1,-1
821,1,560.84,98.33,98.88,71.43,0.66,-1,-1,-1
821,2,945.62,80.38,63.00,58.96,0.63,-1,-1,-1
821,13,863.33,102.95,121.11,113.31,0.54,-1,-1,-1
821,14,0.60,280.85,99.12,140.25,0.60,-1,-1,-1
822,1,561.59,95.48,98.34,73.86,0.64,-1,-1,-1
822,2,947.03,80.53,61.96,58.94,0.59,-1,-1,-1
822,3,1283.31,354.99,232.88,184.82,0.53,-1,-1,-1
822,13,862.84,100.18,120.63,114.42,0.67,-1,-1,-1
823,1,561.92,96.04,98.05,73.52,0.63,-1,-1,-1
823,2,946.27,79.99,62.37,61.11,0.61,-1,-1,-1
823,3,1283.18,355.00,232.93,184.70,0.53,-1,-1,-1
823,14,0.85,285.13,130.11,138.67,0.59,-1,-1,-1
824,1,562.46,99.06,97.48,70.44,0.63,-1,-1,-1
824,2,946.81,81.14,62.10,59.31,0.65,-1,-1,-1
824,3,1283.24,355.46,232.70,184.19,0.52,-1,-1,-1
824,13,861.28,98.44,120.46,112.80,0.64,-1,-1,-1
825,1,562.25,95.78,97.73,73.63,0.64,-1,-1,-1
825,2,944.95,81.02,64.07,59.62,0.62,-1,-1,-1
825,3,1283.28,355.48,232.60,184.15,0.53,-1,-1,-1
825,13,859.67,98.04,120.99,111.63,0.70,-1,-1,-1
826,1,562.09,94.82,97.76,74.65,0.64,-1,-1,-1
826,2,943.22,81.01,65.88,61.11,0.63,-1,-1,-1
826,3,1283.31,355.00,232.46,184.37,0.54,-1,-1,-1
826,13,855.75,101.49,123.57,106.42,0.68,-1,-1,-1
826,14,0.18,229.86,182.90,200.62,0.52,-1,-1,-1
827,1,562.16,96.48,97.47,72.11,0.62,-1,-1,-1
827,2,946.37,80.00,62.62,61.53,0.58,-1,-1,-1
827,13,858.28,104.88,119.78,98.89,0.68,-1,-1,-1
827,14,0.00,227.18,201.45,205.91,0.79,-1,-1,-1
828,1,561.63,96.73,97.37,71.40,0.63,-1,-1,-1
828,2,946.16,79.29,63.27,63.16,0.56,-1,-1,-1
828,13,857.39,109.12,117.72,93.48,0.66,-1,-1,-1
828,14,0.00,227.31,216.45,207.43,0.62,-1,-1,-1
829,1,561.90,95.53,96.82,72.49,0.63,-1,-1,-1
829,2,944.82,79.64,64.11,62.31,0.58,-1,-1,-1
829,13,856.82,98.47,116.51,103.23,0.68,-1,-1,-1
829,14,0.27,226.82,232.88,207.92,0.63,-1,-1,-1
830,1,561.70,94.11,97.20,74.05,0.66,-1,-1,-1
830,2,944.39,80.19,64.61,61.88,0.63,-1,-1,-1
830,3,1283.94,355.27,232.12,183.86,0.50,-1,-1,-1
830,13,853.97,94.47,118.18,105.37,0.79,-1,-1,-1
830,14,0.07,228.21,249.89,209.33,0.66,-1,-1,-1
831,1,561.82,93.63,97.39,74.69,0.64,-1,-1,-1
831,2,945.76,80.74,62.99,62.40,0.63,-1,-1,-1
831,13,853.60,95.16,116.75,101.29,0.66,-1,-1,-1
831,14,0.91,296.27,265.15,145.70,0.59,-1,-1,-1
832,1,561.91,94.82,97.45,73.54,0.67,-1,-1,-1
832,2,944.40,80.74,64.56,62.50,0.62,-1,-1,-1
832,13,853.58,90.53,114.91,102.36,0.67,-1,-1,-1
832,14,0.00,298.45,284.23,145.50,0.70,-1,-1,-1
833,1,562.00,94.85,97.64,73.75,0.67,-1,-1,-1
833,2,946.38,80.33,62.31,62.38,0.64,-1,-1,-1
833,3,1284.20,355.23,232.11,184.01,0.54,-1,-1,-1
833,13,851.80,88.54,114.99,103.44,0.64,-1,-1,-1
833,14,0.00,296.96,302.16,148.92,0.56,-1,-1,-1
833,15,0.00,233.58,302.38,213.01,0.68,-1,-1,-1
834,1,561.89,94.12,97.84,74.98,0.67,-1,-1,-1
834,2,944.53,80.43,64.18,62.62,0.61,-1,-1,-1
834,3,1284.76,355.55,231.45,183.49,0.54,-1,-1,-1
834,13,853.27,90.37,110.56,100.60,0.58,-1,-1,-1
834,15,0.13,229.98,316.98,215.49,0.79,-1,-1,-1
835,1,561.84,94.31,98.11,75.22,0.67,-1,-1,-1
835,2,942.02,79.63,67.55,64.54,0.57,-1,-1,-1
835,3,1285.31,355.58,231.06,183.71,0.55,-1,-1,-1
835,13,850.69,94.66,106.93,95.81,0.54,-1,-1,-1
835,15,0.37,232.61,334.99,216.71,0.76,-1,-1,-1
836,1,562.19,96.75,97.94,73.14,0.63,-1,-1,-1
836,2,944.12,80.93,65.07,62.21,0.57,-1,-1,-1
836,3,1285.50,355.95,230.99,183.42,0.54,-1,-1,-1
836,13,850.02,91.31,110.92,96.13,0.51,-1,-1,-1
836,15,0.00,246.82,349.32,203.68,0.71,-1,-1,-1
837,1,562.37,97.18,97.54,72.30,0.62,-1,-1,-1
837,2,942.81,81.23,66.77,62.05,0.57,-1,-1,-1
837,3,1285.28,356.13,231.09,183.15,0.55,-1,-1,-1
837,13,849.20,84.79,109.68,101.72,0.61,-1,-1,-1
837,15,0.00,257.99,371.76,193.49,0.71,-1,-1,-1
838,1,562.30,93.10,97.82,75.84,0.63,-1,-1,-1
838,2,943.48,80.92,65.43,61.66,0.68,-1,-1,-1
838,3,1284.95,355.87,231.19,184.63,0.52,-1,-1,-1
838,13,845.76,83.51,111.28,99.58,0.75,-1,-1,-1
838,15,0.00,241.32,385.54,213.98,0.78,-1,-1,-1
839,1,562.47,92.87,97.51,75.94,0.62,-1,-1,-1
839,2,943.58,81.67,65.41,60.82,0.70,-1,-1,-1
839,3,1285.01,355.93,231.12,184.57,0.51,-1,-1,-1
839,13,843.30,82.04,112.22,98.35,0.70,-1,-1,-1
839,15,0.00,239.46,406.38,218.93,0.60,-1,-1,-1
840,1,562.42,91.24,97.48,77.62,0.65,-1,-1,-1
840,2,942.71,81.74,66.40,60.50,0.71,-1,-1,-1
840,3,1285.02,355.90,231.13,184.49,0.52,-1,-1,-1
840,13,843.17,80.87,109.67,98.99,0.75,-1,-1,-1
840,15,0.93,253.90,422.85,205.50,0.56,-1,-1,-1
841,1,561.59,97.86,99.03,71.08,0.67,-1,-1,-1
841,2,942.71,81.67,67.03,60.85,0.65,-1,-1,-1
841,3,1284.68,355.35,231.54,184.52,0.51,-1,-1,-1
841,13,840.19,79.40,114.09,100.55,0.63,-1,-1,-1
841,15,0.13,256.21,441.78,205.56,0.76,-1,-1,-1
842,1,561.89,97.48,98.48,71.49,0.65,-1,-1,-1
842,2,941.59,82.14,68.20,61.04,0.67,-1,-1,-1
842,3,1285.06,355.99,231.54,184.20,0.55,-1,-1,-1
842,13,839.77,76.67,114.73,101.46,0.69,-1,-1,-1
842,15,0.78,264.47,458.78,197.51,0.79,-1,-1,-1
843,1,561.36,98.49,98.80,70.63,0.67,-1,-1,-1
843,2,940.95,82.71,69.19,60.27,0.68,-1,-1,-1
843,3,1285.00,356.06,231.74,184.06,0.56,-1,-1,-1
843,13,838.35,74.53,113.90,101.30,0.72,-1,-1,-1
843,15,1.32,264.00,478.59,200.96,0.81,-1,-1,-1
844,1,562.01,98.70,98.34,70.41,0.68,-1,-1,-1
844,2,938.94,83.00,71.47,60.76,0.64,-1,-1,-1
844,3,1284.86,356.39,232.12,183.23,0.55,-1,-1,-1
844,15,0.06,255.80,496.60,213.46,0.75,-1,-1,-1
845,1,561.81,98.19,98.64,71.11,0.68,-1,-1,-1
845,2,938.19,81.70,72.43,61.09,0.66,-1,-1,-1
845,3,1285.23,357.11,231.60,182.28,0.61,-1,-1,-1
845,15,14.63,256.29,504.73,216.82,0.71,-1,-1,-1
846,1,561.24,97.98,99.20,71.38,0.68,-1,-1,-1
846,2,937.33,81.74,73.48,61.70,0.66,-1,-1,-1
846,3,1285.23,356.73,231.56,182.74,0.61,-1,-1,-1
846,15,37.28,257.71,502.32,212.93,0.69,-1,-1,-1
847,1,561.41,95.62,99.07,73.79,0.70,-1,-1,-1
847,2,937.68,81.52,72.57,61.05,0.65,-1,-1,-1
847,3,1285.20,356.91,231.51,182.79,0.62,-1,-1,-1
847,15,53.35,255.06,502.34,220.60,0.73,-1,-1,-1
848,1,560.91,92.57,99.57,76.44,0.68,-1,-1,-1
848,2,938.11,82.37,71.87,59.79,0.65,-1,-1,-1
848,3,1285.56,356.12,230.48,183.77,0.58,-1,-1,-1
848,13,836.40,78.97,106.01,88.86,0.57,-1,-1,-1
848,15,84.13,253.95,490.08,221.56,0.72,-1,-1,-1
849,1,560.41,91.21,99.40,77.58,0.68,-1,-1,-1
849,2,938.93,82.10,70.91,59.82,0.65,-1,-1,-1
849,3,1285.00,355.82,231.07,183.99,0.59,-1,-1,-1
849,15,98.11,252.37,494.39,225.03,0.69,-1,-1,-1
850,1,560.48,93.01,99.20,75.36,0.67,-1,-1,-1
850,2,939.70,82.05,69.46,59.29,0.65,-1,-1,-1
850,3,1284.85,354.65,230.97,184.92,0.57,-1,-1,-1
850,15,126.23,257.98,485.57,223.94,0.68,-1,-1,-1
851,1,560.34,94.07,99.36,74.29,0.67,-1,-1,-1
851,2,941.00,81.88,68.13,59.76,0.60,-1,-1,-1
851,3,1284.64,354.93,231.53,184.47,0.51,-1,-1,-1
851,15,140.33,260.59,489.90,222.67,0.61,-1,-1,-1
852,1,560.82,93.22,98.33,74.65,0.65,-1,-1,-1
852,2,941.20,81.18,67.78,59.86,0.64,-1,-1,-1
852,15,168.22,263.67,479.46,219.85,0.56,-1,-1,-1
853,1,560.81,93.81,98.58,73.69,0.66,-1,-1,-1
853,2,941.12,81.74,67.73,59.18,0.67,-1,-1,-1
853,15,189.09,260.00,474.36,224.94,0.57,-1,-1,-1
854,1,559.73,92.07,98.99,75.28,0.66,-1,-1,-1
854,2,939.92,81.75,68.92,59.49,0.67,-1,-1,-1
854,15,209.61,260.64,470.82,228.24,0.53,-1,-1,-1
855,1,559.88,94.23,98.89,73.19,0.64,-1,-1,-1
855,2,941.25,81.27,67.64,59.55,0.66,-1,-1,-1
855,15,233.08,263.00,460.67,229.36,0.54,-1,-1,-1
856,1,559.62,93.79,99.16,73.37,0.63,-1,-1,-1
856,2,940.58,81.05,68.50,59.68,0.65,-1,-1,-1
856,15,248.87,267.38,462.60,227.23,0.52,-1,-1,-1
857,1,559.41,93.95,99.44,73.26,0.65,-1,-1,-1
857,2,940.73,80.88,68.39,59.86,0.66,-1,-1,-1
857,15,271.82,267.57,453.12,230.35,0.69,-1,-1,-1
858,1,560.11,96.75,98.39,71.04,0.64,-1,-1,-1
858,2,938.60,81.00,70.62,60.03,0.62,-1,-1,-1
858,15,292.75,268.28,447.74,231.54,0.76,-1,-1,-1
859,1,560.73,95.59,97.94,72.41,0.61,-1,-1,-1
859,2,938.29,81.31,70.94,59.78,0.59,-1,-1,-1
859,15,317.24,271.99,437.63,234.17,0.68,-1,-1,-1
860,1,561.30,95.89,97.31,73.01,0.59,-1,-1,-1
860,2,939.11,80.82,70.25,59.92,0.58,-1,-1,-1
860,15,335.15,275.15,434.88,235.17,0.69,-1,-1,-1
861,1,561.01,93.19,98.40,75.98,0.63,-1,-1,-1
861,2,938.52,81.08,71.18,60.67,0.57,-1,-1,-1
861,15,352.79,278.00,429.47,233.92,0.80,-1,-1,-1
862,1,560.88,92.70,98.44,76.36,0.62,-1,-1,-1
862,2,937.64,80.75,72.40,61.90,0.55,-1,-1,-1
862,3,1284.57,354.40,232.18,185.66,0.53,-1,-1,-1
863,1,560.89,93.80,98.57,75.69,0.62,-1,-1,-1
863,2,937.62,80.66,73.06,65.43,0.54,-1,-1,-1
863,3,1284.76,355.96,231.94,184.19,0.55,-1,-1,-1
863,15,392.64,286.24,414.08,232.17,0.74,-1,-1,-1
864,1,561.32,94.15,98.37,75.20,0.63,-1,-1,-1
864,2,936.95,80.41,73.86,65.82,0.55,-1,-1,-1
864,3,1284.80,355.42,231.96,184.67,0.57,-1,-1,-1
864,15,409.11,285.55,408.67,235.94,0.63,-1,-1,-1
865,1,561.54,93.15,98.24,75.87,0.58,-1,-1,-1
865,2,937.07,81.04,73.84,64.58,0.59,-1,-1,-1
865,3,1285.09,356.06,231.62,184.01,0.59,-1,-1,-1
865,15,425.86,289.13,401.94,237.20,0.75,-1,-1,-1
866,1,561.36,92.56,98.41,76.62,0.60,-1,-1,-1
866,2,936.22,80.84,74.46,65.07,0.61,-1,-1,-1
866,3,1285.21,356.14,231.42,183.68,0.62,-1,-1,-1
866,15,444.38,291.47,388.78,238.65,0.67,-1,-1,-1
867,1,561.27,94.31,98.39,74.85,0.58,-1,-1,-1
867,2,936.33,80.64,74.35,65.35,0.61,-1,-1,-1
867,3,1285.45,356.05,231.24,183.56,0.63,-1,-1,-1
867,15,461.27,294.79,381.55,238.26,0.75,-1,-1,-1
868,1,563.38,96.25,96.36,72.72,0.58,-1,-1,-1
868,2,935.91,79.70,75.00,63.42,0.59,-1,-1,-1
868,3,1285.29,355.65,230.81,183.87,0.66,-1,-1,-1
868,15,477.11,298.06,372.78,239.15,0.73,-1,-1,-1
869,1,562.89,92.46,96.82,76.98,0.59,-1,-1,-1
869,2,935.72,79.40,75.35,64.07,0.58,-1,-1,-1
869,3,1285.64,356.35,230.39,183.32,0.66,-1,-1,-1
870,1,563.05,94.63,96.59,74.76,0.58,-1,-1,-1
870,2,933.56,79.64,77.44,66.33,0.57,-1,-1,-1
870,3,1285.36,355.94,230.86,183.77,0.65,-1,-1,-1
871,1,562.90,95.50,96.62,73.81,0.59,-1,-1,-1
871,2,935.76,79.03,75.27,64.27,0.59,-1,-1,-1
871,3,1285.39,356.17,230.78,183.56,0.65,-1,-1,-1
871,15,519.27,303.88,350.88,246.69,0.57,-1,-1,-1
872,1,563.19,96.13,96.39,73.18,0.59,-1,-1,-1
872,2,935.61,79.71,74.70,66.36,0.54,-1,-1,-1
872,3,1285.53,356.00,230.55,183.72,0.65,-1,-1,-1
872,15,531.87,308.84,345.19,243.81,0.57,-1,-1,-1
873,1,562.91,99.98,96.46,69.59,0.60,-1,-1,-1
873,2,937.86,79.21,72.19,63.74,0.53,-1,-1,-1
873,3,1285.56,355.43,230.51,184.45,0.63,-1,-1,-1
873,15,546.04,309.87,335.65,248.60,0.51,-1,-1,-1
874,1,561.65,99.85,97.56,69.26,0.60,-1,-1,-1
874,2,937.04,78.75,72.46,63.71,0.57,-1,-1,-1
874,3,1285.15,355.04,230.96,184.72,0.60,-1,-1,-1
874,15,554.38,312.91,330.42,250.54,0.53,-1,-1,-1
875,1,560.96,93.66,98.30,74.91,0.58,-1,-1,-1
875,2,935.76,79.29,73.41,63.42,0.55,-1,-1,-1
875,3,1284.37,353.71,232.21,185.69,0.57,-1,-1,-1
876,1,555.21,85.03,105.22,82.33,0.55,-1,-1,-1
876,2,935.92,77.94,73.54,65.04,0.57,-1,-1,-1
877,1,555.42,86.95,105.70,80.79,0.59,-1,-1,-1
877,2,936.79,78.92,72.47,63.97,0.55,-1,-1,-1
878,1,553.50,87.89,107.57,79.99,0.59,-1,-1,-1
878,2,935.00,80.36,74.34,62.94,0.59,-1,-1,-1
878,3,1283.41,355.11,232.63,184.43,0.51,-1,-1,-1
879,1,553.85,87.41,107.30,80.35,0.58,-1,-1,-1
879,2,934.96,80.14,74.43,63.16,0.59,-1,-1,-1
879,3,1283.44,355.76,232.65,183.70,0.50,-1,-1,-1
880,1,553.58,87.21,107.68,81.07,0.58,-1,-1,-1
880,2,935.36,80.75,74.14,62.72,0.58,-1,-1,-1
880,3,1283.55,355.55,232.44,184.16,0.52,-1,-1,-1
880,15,603.86,335.12,309.67,253.15,0.54,-1,-1,-1
881,1,553.49,88.13,107.52,79.61,0.59,-1,-1,-1
881,2,935.30,80.83,73.92,62.45,0.63,-1,-1,-1
881,3,1283.60,355.67,232.15,183.91,0.51,-1,-1,-1
881,15,608.26,337.01,306.59,260.93,0.64,-1,-1,-1
882,1,553.41,88.04,107.46,79.67,0.58,-1,-1,-1
882,2,935.01,80.35,74.36,63.00,0.60,-1,-1,-1
883,1,553.69,88.29,107.23,79.40,0.60,-1,-1,-1
883,2,934.60,80.48,74.73,62.98,0.63,-1,-1,-1
883,15,619.18,344.51,307.92,264.67,0.54,-1,-1,-1
884,1,553.90,87.53,107.15,80.17,0.60,-1,-1,-1
884,2,934.96,80.56,74.26,62.88,0.64,-1,-1,-1
885,1,553.94,87.03,107.34,80.75,0.59,-1,-1,-1
885,2,934.33,80.35,75.44,63.14,0.62,-1,-1,-1
885,3,1284.01,355.09,231.51,184.23,0.51,-1,-1,-1
886,1,553.27,86.17,108.10,81.75,0.61,-1,-1,-1
886,2,934.36,80.71,75.08,62.81,0.67,-1,-1,-1
886,3,1284.04,355.09,231.69,184.20,0.50,-1,-1,-1
886,15,628.24,355.09,309.27,273.60,0.58,-1,-1,-1
887,1,553.25,85.74,108.38,82.59,0.57,-1,-1,-1
887,2,935.18,80.63,74.38,62.71,0.65,-1,-1,-1
887,3,1284.35,355.42,231.80,184.11,0.55,-1,-1,-1
887,15,630.44,359.62,305.39,273.47,0.63,-1,-1,-1
888,1,560.45,94.01,99.93,74.85,0.63,-1,-1,-1
888,2,936.11,79.56,73.96,62.94,0.60,-1,-1,-1
888,3,1284.01,355.77,231.95,184.00,0.57,-1,-1,-1
888,15,632.69,363.62,316.97,275.79,0.63,-1,-1,-1
889,1,563.25,95.10,96.97,73.62,0.59,-1,-1,-1
889,2,935.82,79.86,74.28,62.98,0.56,-1,-1,-1
889,3,1284.57,356.86,231.39,182.93,0.63,-1,-1,-1
889,15,632.76,370.58,315.81,273.68,0.59,-1,-1,-1
890,1,562.75,93.43,97.57,75.26,0.63,-1,-1,-1
890,2,936.65,80.30,73.73,63.10,0.53,-1,-1,-1
890,3,1284.46,356.53,231.82,183.48,0.63,-1,-1,-1
890,15,636.53,376.52,313.94,275.37,0.60,-1,-1,-1
891,1,562.37,94.62,97.41,73.68,0.60,-1,-1,-1
891,2,937.33,80.75,73.08,66.21,0.54,-1,-1,-1
891,3,1284.82,356.33,231.39,183.38,0.63,-1,-1,-1
892,1,562.30,98.26,97.40,70.33,0.61,-1,-1,-1
892,2,936.71,79.91,74.50,64.82,0.56,-1,-1,-1
892,3,1284.92,357.25,230.95,182.54,0.65,-1,-1,-1
893,1,561.85,98.86,98.02,69.56,0.60,-1,-1,-1
893,2,936.72,79.81,74.72,64.92,0.56,-1,-1,-1
893,3,1284.56,357.17,231.44,182.48,0.65,-1,-1,-1
894,1,561.96,98.48,97.84,70.02,0.62,-1,-1,-1
894,2,936.97,79.87,74.71,64.87,0.57,-1,-1,-1
894,3,1284.49,357.18,231.40,182.55,0.65,-1,-1,-1
895,1,561.81,97.45,97.93,71.19,0.65,-1,-1,-1
895,2,936.94,80.32,72.60,66.88,0.53,-1,-1,-1
895,3,1284.36,357.13,231.74,182.46,0.60,-1,-1,-1
896,1,562.02,97.79,97.85,71.19,0.64,-1,-1,-1
896,2,936.00,80.29,74.44,64.44,0.53,-1,-1,-1
896,3,1284.31,357.29,231.77,182.69,0.60,-1,-1,-1
897,1,562.23,97.82,97.56,71.01,0.63,-1,-1,-1
897,2,935.90,80.33,74.43,64.41,0.54,-1,-1,-1
897,3,1284.28,357.41,231.76,182.21,0.61,-1,-1,-1
898,1,560.49,97.49,98.64,71.89,0.65,-1,-1,-1
898,2,935.94,80.05,74.48,64.44,0.56,-1,-1,-1
898,3,1284.81,356.54,231.06,182.87,0.56,-1,-1,-1
898,13,790.65,74.19,88.57,67.91,0.55,-1,-1,-1
899,1,560.37,97.95,98.76,71.31,0.65,-1,-1,-1
899,2,936.07,80.23,73.96,64.43,0.57,-1,-1,-1
899,3,1284.75,356.43,231.02,183.07,0.57,-1,-1,-1
899,13,790.73,76.65,87.67,64.76,0.58,-1,-1,-1
899,15,631.27,419.81,338.07,304.53,0.55,-1,-1,-1
900,1,560.17,94.88,99.06,74.55,0.67,-1,-1,-1
900,2,937.92,80.54,72.20,66.08,0.57,-1,-1,-1
900,3,1284.33,355.84,231.29,183.28,0.56,-1,-1,-1
900,13,789.13,74.28,87.77,67.09,0.55,-1,-1,-1
901,1,558.21,92.75,100.70,76.88,0.73,-1,-1,-1
901,2,936.41,79.09,73.04,64.81,0.64,-1,-1,-1
901,3,1284.40,353.75,231.21,185.22,0.53,-1,-1,-1
901,13,788.15,75.58,86.40,65.73,0.60,-1,-1,-1
902,1,558.42,94.04,100.54,75.45,0.71,-1,-1,-1
902,2,936.05,79.05,73.39,64.95,0.61,-1,-1,-1
902,13,787.84,76.28,84.18,65.02,0.61,-1,-1,-1
903,1,559.16,96.03,99.72,73.44,0.69,-1,-1,-1
903,2,936.14,79.15,73.22,64.47,0.59,-1,-1,-1
903,13,787.49,78.43,84.25,62.85,0.59,-1,-1,-1
904,1,559.05,93.25,99.80,76.28,0.73,-1,-1,-1
904,2,936.09,79.09,73.26,64.55,0.59,-1,-1,-1
904,13,787.77,78.42,83.56,62.64,0.58,-1,-1,-1
904,15,612.11,451.14,353.61,319.97,0.51,-1,-1,-1
905,1,559.38,93.82,99.49,75.49,0.71,-1,-1,-1
905,2,936.17,79.05,73.20,64.45,0.61,-1,-1,-1
905,13,787.32,77.77,80.72,63.25,0.60,-1,-1,-1
906,1,559.27,93.89,99.35,75.37,0.74,-1,-1,-1
906,2,936.24,79.06,73.23,64.52,0.58,-1,-1,-1
906,3,1284.25,353.67,231.48,185.29,0.51,-1,-1,-1
906,13,787.19,78.31,78.69,62.62,0.60,-1,-1,-1
907,1,559.29,95.27,99.36,73.88,0.75,-1,-1,-1
907,2,936.08,78.70,73.66,64.79,0.57,-1,-1,-1
907,13,785.71,79.36,78.93,62.02,0.61,-1,-1,-1
908,1,557.95,95.54,101.70,73.29,0.68,-1,-1,-1
908,2,936.33,79.17,73.25,63.24,0.64,-1,-1,-1
908,13,784.75,79.49,80.13,61.89,0.67,-1,-1,-1
909,1,557.24,91.94,102.60,76.95,0.64,-1,-1,-1
909,2,936.60,79.01,73.10,63.39,0.61,-1,-1,-1
909,13,784.35,79.97,77.64,61.41,0.67,-1,-1,-1
910,1,558.30,94.07,101.31,75.20,0.68,-1,-1,-1
910,2,937.15,79.08,73.52,64.62,0.59,-1,-1,-1
910,3,1284.50,355.98,231.27,183.48,0.59,-1,-1,-1
910,13,783.15,81.54,79.66,60.23,0.71,-1,-1,-1
911,1,557.58,91.82,102.17,77.48,0.71,-1,-1,-1
911,2,937.03,79.48,73.83,64.13,0.58,-1,-1,-1
911,3,1284.41,356.79,231.71,183.01,0.60,-1,-1,-1
911,13,783.11,82.87,79.44,59.47,0.74,-1,-1,-1
912,1,558.04,91.70,101.52,77.62,0.69,-1,-1,-1
912,2,937.14,79.59,73.67,63.75,0.58,-1,-1,-1
912,3,1284.92,356.82,231.09,182.92,0.61,-1,-1,-1
912,13,783.20,83.41,77.88,59.30,0.72,-1,-1,-1
912,15,553.32,520.74,385.79,352.13,0.54,-1,-1,-1
913,1,558.39,89.72,100.99,79.06,0.67,-1,-1,-1
913,2,937.07,80.08,73.49,63.47,0.62,-1,-1,-1
913,3,1284.94,356.60,230.99,183.03,0.59,-1,-1,-1
913,13,782.68,83.52,78.79,59.12,0.70,-1,-1,-1
913,16,661.73,46.06,90.74,40.10,0.58,-1,-1,-1
914,1,559.55,89.79,99.76,79.22,0.67,-1,-1,-1
914,2,936.91,80.36,73.43,63.51,0.63,-1,-1,-1
914,3,1285.31,356.65,230.61,182.82,0.63,-1,-1,-1
914,13,783.00,83.64,75.66,58.10,0.70,-1,-1,-1
915,1,560.14,90.82,99.25,78.65,0.66,-1,-1,-1
915,2,936.58,81.02,74.05,62.81,0.61,-1,-1,-1
915,3,1285.37,357.30,230.56,182.04,0.60,-1,-1,-1
915,13,782.64,83.09,74.16,59.14,0.66,-1,-1,-1
916,1,559.76,91.57,99.84,77.92,0.65,-1,-1,-1
916,2,936.45,81.36,75.06,62.36,0.61,-1,-1,-1
916,3,1285.06,357.11,230.71,182.55,0.60,-1,-1,-1
916,13,782.28,84.23,73.03,58.20,0.66,-1,-1,-1
917,1,559.98,91.74,99.66,77.73,0.64,-1,-1,-1
917,2,936.50,81.06,74.06,62.63,0.60,-1,-1,-1
917,3,1284.99,357.20,230.88,182.45,0.63,-1,-1,-1
917,13,781.15,85.93,73.90,56.85,0.69,-1,-1,-1
918,1,561.44,89.23,98.10,79.95,0.65,-1,-1,-1
918,2,935.99,79.79,74.38,63.82,0.59,-1,-1,-1
918,3,1284.98,356.65,230.84,183.20,0.65,-1,-1,-1
919,1,561.32,87.57,98.27,81.50,0.65,-1,-1,-1
919,2,935.89,79.82,74.53,64.12,0.60,-1,-1,-1
919,3,1285.20,355.69,230.66,183.96,0.67,-1,-1,-1
920,1,560.85,86.88,98.49,82.57,0.65,-1,-1,-1
920,2,936.38,79.52,73.82,64.55,0.61,-1,-1,-1
920,3,1285.13,355.98,230.46,183.72,0.68,-1,-1,-1
921,1,560.35,89.04,99.29,80.77,0.66,-1,-1,-1
921,2,936.60,79.81,73.98,64.13,0.60,-1,-1,-1
921,3,1285.16,355.97,230.42,183.74,0.68,-1,-1,-1
921,13,779.39,88.36,71.40,52.73,0.52,-1,-1,-1
922,1,560.62,89.53,98.86,80.34,0.65,-1,-1,-1
922,2,936.78,79.86,74.02,64.55,0.58,-1,-1,-1
922,3,1285.18,356.25,230.50,183.33,0.68,-1,-1,-1
922,13,777.84,86.97,70.62,54.07,0.61,-1,-1,-1
922,15,444.02,633.58,431.26,402.65,0.59,-1,-1,-1
923,1,561.42,90.92,98.21,78.91,0.64,-1,-1,-1
923,2,937.29,81.01,73.43,65.46,0.59,-1,-1,-1
923,3,1285.35,356.17,230.35,183.44,0.66,-1,-1,-1
923,13,776.45,87.38,72.37,54.67,0.65,-1,-1,-1
924,1,560.74,91.12,98.81,78.41,0.62,-1,-1,-1
924,2,937.29,80.11,73.31,63.59,0.60,-1,-1,-1
924,3,1285.29,355.79,230.36,184.04,0.64,-1,-1,-1
924,13,775.77,88.23,72.10,54.54,0.60,-1,-1,-1
925,1,562.05,94.76,98.05,74.74,0.57,-1,-1,-1
925,2,936.32,81.35,73.34,63.05,0.67,-1,-1,-1
925,3,1286.12,356.52,229.54,183.63,0.56,-1,-1,-1
925,13,775.77,89.68,71.83,52.04,0.61,-1,-1,-1
926,1,561.82,93.13,98.03,76.32,0.61,-1,-1,-1
926,2,937.80,81.44,72.25,63.25,0.64,-1,-1,-1
926,3,1286.28,356.52,229.50,183.53,0.61,-1,-1,-1
926,13,775.40,88.85,71.95,53.30,0.59,-1,-1,-1
926,15,373.25,686.34,466.75,389.12,0.67,-1,-1,-1
927,1,561.53,93.45,98.29,76.22,0.60,-1,-1,-1
927,2,936.84,81.13,73.29,63.45,0.63,-1,-1,-1
927,3,1285.93,356.40,229.58,183.66,0.64,-1,-1,-1
927,13,774.90,88.61,71.95,53.69,0.60,-1,-1,-1
927,15,358.88,700.83,470.06,373.90,0.73,-1,-1,-1
928,1,560.29,89.38,99.37,79.82,0.67,-1,-1,-1
928,2,935.75,81.18,73.68,63.75,0.64,-1,-1,-1
928,3,1285.28,357.14,230.42,182.77,0.62,-1,-1,-1
928,13,774.42,88.27,71.29,54.16,0.61,-1,-1,-1
928,15,336.53,714.68,483.42,358.09,0.76,-1,-1,-1
929,1,559.88,89.53,100.09,79.76,0.65,-1,-1,-1
929,3,1285.31,357.28,230.39,182.42,0.62,-1,-1,-1
929,13,774.66,90.49,70.90,52.85,0.60,-1,-1,-1
929,15,317.38,729.18,486.23,346.59,0.69,-1,-1,-1
930,1,560.11,88.51,99.82,80.92,0.66,-1,-1,-1
930,3,1285.63,357.32,230.13,182.26,0.65,-1,-1,-1
930,13,773.35,90.20,68.60,53.83,0.63,-1,-1,-1
931,1,560.47,91.40,99.40,78.01,0.68,-1,-1,-1
931,3,1285.72,357.32,230.05,182.21,0.66,-1,-1,-1
931,13,772.78,92.48,67.74,51.64,0.57,-1,-1,-1
931,15,280.80,762.84,505.62,312.20,0.66,-1,-1,-1
932,1,560.45,91.04,99.48,78.48,0.68,-1,-1,-1
932,2,935.39,82.54,73.33,63.20,0.51,-1,-1,-1
932,3,1285.71,357.45,229.97,182.01,0.66,-1,-1,-1
932,13,772.03,92.25,67.93,51.20,0.59,-1,-1,-1
932,15,260.60,780.88,512.16,292.36,0.78,-1,-1,-1
933,1,560.16,92.29,99.58,77.17,0.66,-1,-1,-1
933,3,1285.65,357.43,230.05,182.09,0.68,-1,-1,-1
933,13,770.68,91.18,68.08,52.28,0.58,-1,-1,-1
933,15,231.07,794.71,526.89,276.45,0.62,-1,-1,-1
934,1,559.03,90.55,100.99,78.83,0.69,-1,-1,-1
934,2,935.57,83.30,73.93,61.25,0.56,-1,-1,-1
934,3,1285.54,357.03,229.96,182.40,0.69,-1,-1,-1
934,13,769.86,91.98,68.16,51.66,0.60,-1,-1,-1
935,1,559.44,92.25,100.59,77.26,0.70,-1,-1,-1
935,2,935.07,82.04,74.07,62.50,0.54,-1,-1,-1
935,3,1285.38,356.85,230.01,182.38,0.69,-1,-1,-1
935,13,769.62,93.78,67.41,50.11,0.59,-1,-1,-1
936,1,559.30,92.02,100.72,77.48,0.68,-1,-1,-1
936,2,935.17,82.47,73.39,63.80,0.54,-1,-1,-1
936,3,1285.36,356.83,229.95,182.21,0.70,-1,-1,-1
936,13,768.45,93.26,67.25,49.97,0.60,-1,-1,-1
937,1,559.81,95.25,100.35,74.09,0.68,-1,-1,-1
937,2,935.95,82.85,72.89,63.37,0.51,-1,-1,-1
937,3,1285.56,357.23,229.54,181.82,0.69,-1,-1,-1
937,13,767.65,93.57,65.41,48.88,0.61,-1,-1,-1
938,1,560.61,93.46,99.59,75.54,0.67,-1,-1,-1
938,2,936.53,81.56,73.21,64.80,0.52,-1,-1,-1
938,3,1284.34,355.83,230.96,183.73,0.64,-1,-1,-1
938,13,766.67,92.86,66.36,50.09,0.59,-1,-1,-1
938,15,150.42,893.96,528.26,179.56,0.57,-1,-1,-1
939,1,561.27,94.83,98.98,74.21,0.68,-1,-1,-1
939,2,937.09,81.82,72.62,65.36,0.54,-1,-1,-1
939,3,1284.22,355.77,231.09,183.66,0.64,-1,-1,-1
939,13,766.02,93.20,68.15,49.87,0.63,-1,-1,-1
940,1,561.29,93.97,99.14,75.08,0.70,-1,-1,-1
940,2,938.06,81.15,71.77,65.26,0.53,-1,-1,-1
940,3,1285.04,356.95,230.86,182.70,0.68,-1,-1,-1
940,13,766.24,92.82,68.79,50.72,0.68,-1,-1,-1
941,1,560.64,95.41,99.77,73.92,0.67,-1,-1,-1
941,2,937.29,80.40,72.64,65.08,0.53,-1,-1,-1
941,3,1285.12,356.89,230.84,182.44,0.67,-1,-1,-1
941,13,765.97,93.45,68.10,50.14,0.64,-1,-1,-1
942,1,561.49,96.95,98.83,72.56,0.65,-1,-1,-1
942,3,1285.35,358.38,230.83,181.23,0.67,-1,-1,-1
942,13,765.02,96.09,67.06,46.61,0.65,-1,-1,-1
943,1,561.24,97.07,98.92,72.46,0.65,-1,-1,-1
943,3,1285.31,357.70,230.88,181.70,0.67,-1,-1,-1
943,13,763.57,94.19,68.06,49.39,0.68,-1,-1,-1
944,1,560.83,96.25,99.39,73.33,0.66,-1,-1,-1
944,3,1285.10,357.82,231.02,181.54,0.66,-1,-1,-1
944,13,761.75,93.48,69.28,50.20,0.67,-1,-1,-1
945,1,560.75,94.75,99.46,74.57,0.66,-1,-1,-1
945,3,1285.14,357.47,231.06,181.51,0.66,-1,-1,-1
945,13,759.96,93.91,70.89,49.56,0.64,-1,-1,-1
946,1,560.96,94.96,99.12,74.34,0.63,-1,-1,-1
946,3,1285.01,357.68,231.12,181.30,0.65,-1,-1,-1
946,13,760.98,93.85,69.37,49.17,0.61,-1,-1,-1
947,1,561.58,96.55,98.64,72.78,0.63,-1,-1,-1
947,3,1284.77,357.65,231.26,181.31,0.65,-1,-1,-1
947,13,759.93,94.70,69.61,48.87,0.64,-1,-1,-1
948,1,562.01,96.87,98.13,72.37,0.65,-1,-1,-1
948,3,1284.18,357.33,232.16,181.96,0.66,-1,-1,-1
948,13,757.48,94.97,70.92,48.46,0.61,-1,-1,-1
949,1,559.59,95.36,100.75,74.55,0.71,-1,-1,-1
949,2,935.45,80.71,75.39,64.85,0.53,-1,-1,-1
949,3,1285.07,358.02,230.92,181.19,0.64,-1,-1,-1
949,13,758.10,94.93,69.75,47.77,0.63,-1,-1,-1
950,1,559.26,92.79,101.36,77.02,0.71,-1,-1,-1
950,3,1284.33,357.93,231.74,181.29,0.66,-1,-1,-1
950,13,757.49,95.10,68.87,48.04,0.59,-1,-1,-1
951,1,559.35,92.65,101.11,77.15,0.70,-1,-1,-1
951,3,1283.78,357.48,232.32,181.92,0.67,-1,-1,-1
951,13,757.16,96.78,67.42,45.92,0.62,-1,-1,-1
952,1,558.86,94.56,101.39,75.24,0.72,-1,-1,-1
952,3,1283.97,357.38,231.80,181.92,0.65,-1,-1,-1
952,13,756.68,96.19,66.91,46.92,0.58,-1,-1,-1
953,1,559.23,95.26,100.93,74.59,0.70,-1,-1,-1
953,3,1284.19,356.89,231.50,182.89,0.64,-1,-1,-1
953,13,754.69,98.39,68.15,45.35,0.56,-1,-1,-1
954,1,558.74,95.16,101.25,74.74,0.71,-1,-1,-1
954,3,1283.81,356.87,231.89,182.88,0.63,-1,-1,-1
954,13,755.25,99.80,66.44,43.25,0.50,-1,-1,-1
955,1,558.87,94.61,100.82,74.87,0.69,-1,-1,-1
955,3,1284.56,357.08,230.94,182.68,0.61,-1,-1,-1
956,1,559.44,94.32,100.50,75.08,0.69,-1,-1,-1
956,3,1284.55,356.02,230.75,183.93,0.62,-1,-1,-1
957,1,559.73,94.79,100.24,74.77,0.70,-1,-1,-1
957,2,937.55,81.22,73.63,65.39,0.52,-1,-1,-1
957,3,1284.93,355.80,230.40,184.24,0.62,-1,-1,-1
958,1,559.23,93.09,100.87,76.44,0.70,-1,-1,-1
958,2,937.32,81.32,74.10,65.47,0.52,-1,-1,-1
958,3,1284.90,356.34,230.50,183.48,0.65,-1,-1,-1
958,13,752.49,101.49,64.12,39.19,0.53,-1,-1,-1
959,1,561.20,97.28,98.72,72.37,0.61,-1,-1,-1
959,2,937.68,80.59,73.21,66.51,0.57,-1,-1,-1
959,3,1285.48,356.64,230.32,182.27,0.75,-1,-1,-1
959,13,737.37,95.30,65.54,49.06,0.58,-1,-1,-1
960,1,560.93,96.44,98.97,73.20,0.61,-1,-1,-1
960,2,937.68,80.64,72.78,66.58,0.56,-1,-1,-1
960,3,1285.33,356.72,230.49,182.09,0.75,-1,-1,-1
960,13,736.00,96.48,66.55,48.16,0.52,-1,-1,-1
961,1,560.50,94.27,99.88,75.08,0.62,-1,-1,-1
961,2,937.40,80.85,73.12,66.23,0.53,-1,-1,-1
961,3,1284.59,356.15,231.61,182.90,0.72,-1,-1,-1
962,1,560.57,93.93,99.73,75.22,0.62,-1,-1,-1
962,2,937.38,80.84,73.09,66.44,0.52,-1,-1,-1
962,3,1284.67,355.82,231.48,183.45,0.70,-1,-1,-1
963,1,560.10,92.83,100.21,76.17,0.65,-1,-1,-1
963,2,937.81,80.86,72.72,66.11,0.54,-1,-1,-1
963,3,1285.15,355.71,230.83,183.58,0.72,-1,-1,-1
964,1,560.48,91.78,99.89,77.16,0.64,-1,-1,-1
964,2,937.77,80.85,73.32,65.94,0.54,-1,-1,-1
964,3,1284.66,355.54,230.94,183.49,0.74,-1,-1,-1
965,1,560.78,95.94,99.88,72.92,0.63,-1,-1,-1
965,2,937.89,80.82,73.00,65.91,0.55,-1,-1,-1
965,3,1284.30,355.47,231.36,183.69,0.72,-1,-1,-1
966,1,560.36,97.78,100.46,71.28,0.61,-1,-1,-1
966,2,937.81,81.09,73.43,65.51,0.56,-1,-1,-1
966,3,1285.19,356.61,231.20,182.93,0.66,-1,-1,-1
967,1,560.67,98.72,99.91,70.42,0.58,-1,-1,-1
967,2,937.95,81.08,73.07,65.86,0.55,-1,-1,-1
967,3,1284.55,356.51,231.72,183.00,0.67,-1,-1,-1
968,1,561.13,97.71,99.60,71.61,0.57,-1,-1,-1
968,2,937.91,81.52,73.20,65.54,0.55,-1,-1,-1
968,3,1283.63,357.06,232.91,182.86,0.67,-1,-1,-1
969,1,560.94,98.71,99.78,70.79,0.56,-1,-1,-1
969,2,937.55,81.82,73.47,65.31,0.58,-1,-1,-1
969,3,1284.06,357.52,232.75,182.35,0.67,-1,-1,-1
970,1,560.81,99.18,99.85,70.02,0.54,-1,-1,-1
970,2,937.84,81.73,72.95,65.06,0.59,-1,-1,-1
970,3,1284.64,357.46,231.87,182.55,0.68,-1,-1,-1
970,13,720.50,88.63,63.09,49.82,0.54,-1,-1,-1
971,1,560.90,99.12,99.73,69.89,0.53,-1,-1,-1
971,2,937.73,81.57,73.20,65.43,0.57,-1,-1,-1
971,3,1284.90,357.24,231.77,182.82,0.67,-1,-1,-1
971,13,716.72,88.17,65.55,48.99,0.61,-1,-1,-1
972,1,561.01,98.38,99.37,70.43,0.54,-1,-1,-1
972,2,937.66,81.68,73.18,65.27,0.57,-1,-1,-1
972,3,1285.21,357.62,231.24,182.26,0.67,-1,-1,-1
972,13,715.70,87.43,64.63,47.51,0.54,-1,-1,-1
973,1,561.97,98.60,98.40,70.82,0.58,-1,-1,-1
973,2,937.47,82.06,72.78,64.79,0.59,-1,-1,-1
973,3,1285.16,357.65,231.43,182.41,0.71,-1,-1,-1
973,13,712.35,86.04,63.38,46.76,0.52,-1,-1,-1
974,1,561.84,98.11,98.47,71.18,0.58,-1,-1,-1
974,2,937.67,83.78,70.88,63.60,0.58,-1,-1,-1
974,3,1285.21,357.30,231.57,182.95,0.72,-1,-1,-1
975,1,561.56,98.65,98.77,70.75,0.59,-1,-1,-1
975,3,1285.11,357.52,231.67,182.56,0.71,-1,-1,-1
975,13,710.24,81.14,63.25,49.86,0.51,-1,-1,-1
976,1,561.73,98.09,98.55,71.19,0.58,-1,-1,-1
976,2,936.54,82.91,73.21,62.17,0.56,-1,-1,-1
976,3,1284.96,357.84,231.61,182.03,0.69,-1,-1,-1
977,1,561.64,98.77,98.62,70.39,0.58,-1,-1,-1
977,2,937.39,80.39,72.82,64.17,0.55,-1,-1,-1
977,3,1284.97,357.48,231.62,182.29,0.68,-1,-1,-1
978,1,561.37,98.11,98.83,71.22,0.61,-1,-1,-1
978,3,1285.35,358.04,231.18,181.66,0.66,-1,-1,-1
979,1,562.11,96.01,98.17,73.18,0.63,-1,-1,-1
979,2,933.97,80.98,76.41,64.84,0.54,-1,-1,-1
979,3,1284.98,357.54,231.49,182.09,0.68,-1,-1,-1
979,13,704.94,76.05,60.82,50.87,0.54,-1,-1,-1
980,1,562.17,95.75,98.08,73.17,0.64,-1,-1,-1
980,2,936.05,82.47,73.57,62.33,0.69,-1,-1,-1
980,3,1285.27,356.73,231.25,182.80,0.68,-1,-1,-1
981,1,562.55,95.18,97.72,73.78,0.62,-1,-1,-1
981,2,936.80,81.77,72.62,63.27,0.63,-1,-1,-1
981,3,1285.26,355.57,231.26,184.05,0.69,-1,-1,-1
982,1,562.78,95.68,97.30,73.26,0.65,-1,-1,-1
982,2,936.80,81.92,72.00,64.38,0.59,-1,-1,-1
982,3,1285.27,354.94,231.30,184.66,0.68,-1,-1,-1
983,1,562.73,97.88,97.28,70.89,0.62,-1,-1,-1
983,2,937.25,81.41,71.31,65.32,0.60,-1,-1,-1
983,3,1285.28,355.32,231.01,184.60,0.67,-1,-1,-1
984,1,562.55,96.59,97.69,72.29,0.62,-1,-1,-1
984,2,937.01,81.72,71.71,64.63,0.57,-1,-1,-1
984,3,1285.11,355.67,231.21,184.19,0.68,-1,-1,-1
985,1,562.51,97.55,97.45,71.45,0.62,-1,-1,-1
985,2,937.28,81.46,72.32,65.13,0.59,-1,-1,-1
985,3,1285.18,355.90,231.23,183.92,0.72,-1,-1,-1
986,1,562.44,97.06,97.58,71.94,0.63,-1,-1,-1
986,2,937.25,81.41,72.55,65.20,0.58,-1,-1,-1
986,3,1285.22,356.01,231.38,183.75,0.73,-1,-1,-1
987,1,562.34,96.48,97.75,72.47,0.65,-1,-1,-1
987,2,937.05,81.56,72.63,65.01,0.60,-1,-1,-1
987,3,1285.15,355.88,231.32,183.74,0.73,-1,-1,-1
988,1,562.43,96.59,97.61,72.34,0.61,-1,-1,-1
988,2,937.37,81.26,72.57,65.13,0.59,-1,-1,-1
988,3,1285.17,356.31,231.02,183.34,0.72,-1,-1,-1
989,1,562.86,97.61,97.01,71.08,0.61,-1,-1,-1
989,2,937.55,81.09,72.30,65.06,0.60,-1,-1,-1
989,3,1285.65,356.36,230.46,182.96,0.72,-1,-1,-1
989,17,742.13,49.91,49.55,32.28,0.52,-1,-1,-1
990,1,562.91,98.16,96.70,70.54,0.61,-1,-1,-1
990,2,937.27,80.72,72.35,65.11,0.61,-1,-1,-1
990,3,1285.13,356.72,231.06,182.48,0.73,-1,-1,-1
991,1,562.95,96.86,96.82,71.68,0.62,-1,-1,-1
991,2,937.22,80.49,72.45,65.28,0.60,-1,-1,-1
991,3,1285.17,357.02,231.00,182.15,0.73,-1,-1,-1
992,1,563.06,98.31,96.72,70.35,0.61,-1,-1,-1
992,2,937.33,80.38,72.29,65.83,0.60,-1,-1,-1
992,3,1285.18,356.96,230.98,182.18,0.74,-1,-1,-1
993,1,562.91,98.45,96.98,69.77,0.56,-1,-1,-1
993,2,937.61,79.84,72.14,66.77,0.59,-1,-1,-1
993,3,1285.21,357.02,230.87,182.29,0.72,-1,-1,-1
994,1,563.57,97.84,96.49,70.80,0.64,-1,-1,-1
994,2,937.74,79.37,72.24,64.54,0.59,-1,-1,-1
994,3,1285.39,357.24,230.81,182.16,0.72,-1,-1,-1
995,1,561.22,96.36,99.57,72.16,0.61,-1,-1,-1
995,2,937.97,80.68,71.68,65.53,0.58,-1,-1,-1
995,3,1285.59,357.46,230.92,181.84,0.72,-1,-1,-1
995,13,680.48,57.20,58.34,47.63,0.55,-1,-1,-1
996,1,561.15,96.77,100.20,71.98,0.61,-1,-1,-1
996,2,937.90,80.51,72.08,65.81,0.58,-1,-1,-1
996,3,1285.58,357.56,230.96,181.48,0.71,-1,-1,-1
996,13,681.86,56.00,55.80,46.73,0.57,-1,-1,-1
997,1,562.81,97.26,97.45,71.87,0.65,-1,-1,-1
997,2,937.90,81.35,71.96,64.64,0.57,-1,-1,-1
997,3,1284.95,356.84,231.27,182.46,0.70,-1,-1,-1
997,13,681.90,55.04,52.70,45.55,0.61,-1,-1,-1
998,1,563.28,98.86,97.23,70.38,0.63,-1,-1,-1
998,2,937.87,81.40,72.30,65.00,0.58,-1,-1,-1
998,3,1285.17,356.87,231.10,182.34,0.71,-1,-1,-1
998,13,682.02,54.18,53.56,45.69,0.59,-1,-1,-1
999,1,563.04,102.25,97.25,66.86,0.55,-1,-1,-1
999,2,937.75,81.53,72.60,65.44,0.58,-1,-1,-1
999,3,1284.93,356.31,231.15,182.20,0.72,-1,-1,-1
1000,1,562.83,99.63,97.38,69.76,0.60,-1,-1,-1
1000,2,937.87,81.42,72.52,65.48,0.60,-1,-1,-1
1000,3,1285.01,356.29,231.07,182.39,0.71,-1,-1,-1
1001,1,561.70,102.24,98.31,67.30,0.58,-1,-1,-1
1001,2,937.88,81.40,72.33,66.02,0.59,-1,-1,-1
1001,3,1285.10,356.47,231.02,182.36,0.68,-1,-1,-1
1002,1,562.03,99.87,98.00,69.42,0.59,-1,-1,-1
1002,2,938.10,80.88,72.34,66.69,0.57,-1,-1,-1
1002,3,1284.62,356.28,231.37,182.45,0.67,-1,-1,-1
1003,1,562.01,98.25,98.12,71.12,0.63,-1,-1,-1
1003,2,938.21,80.75,72.23,66.81,0.58,-1,-1,-1
1003,3,1284.74,356.36,231.32,182.38,0.67,-1,-1,-1
1004,1,562.19,98.13,97.94,71.38,0.63,-1,-1,-1
1004,2,938.09,81.04,72.47,66.52,0.58,-1,-1,-1
1004,3,1284.24,356.33,231.94,182.60,0.63,-1,-1,-1
1005,1,561.94,99.31,98.03,70.08,0.64,-1,-1,-1
1005,2,937.95,80.74,72.54,66.39,0.58,-1,-1,-1
1005,3,1284.44,356.02,231.88,182.80,0.65,-1,-1,-1
1006,1,562.58,94.84,97.41,73.98,0.67,-1,-1,-1
1006,2,937.52,80.53,72.38,66.50,0.58,-1,-1,-1
1006,3,1284.71,356.87,231.68,181.86,0.69,-1,-1,-1
1007,1,562.50,95.20,97.45,73.56,0.65,-1,-1,-1
1007,2,937.82,80.78,71.87,66.04,0.59,-1,-1,-1
1007,3,1284.79,356.95,231.53,181.50,0.70,-1,-1,-1
1008,1,562.18,95.68,97.68,73.05,0.67,-1,-1,-1
1008,2,937.94,80.96,71.53,65.86,0.60,-1,-1,-1
1008,3,1284.85,356.92,231.52,181.61,0.70,-1,-1,-1
1009,1,561.59,96.96,98.32,72.13,0.67,-1,-1,-1
1009,2,936.58,82.10,72.89,64.22,0.60,-1,-1,-1
1009,3,1284.50,357.37,231.42,181.05,0.66,-1,-1,-1
1010,1,561.81,97.91,97.97,71.14,0.67,-1,-1,-1
1010,2,936.59,82.07,72.94,64.24,0.60,-1,-1,-1
1010,3,1284.44,357.39,231.52,181.24,0.65,-1,-1,-1
1011,1,561.31,94.89,98.39,74.27,0.67,-1,-1,-1
1011,2,936.57,81.65,73.09,64.48,0.58,-1,-1,-1
1011,3,1284.27,357.29,231.72,181.37,0.63,-1,-1,-1
1012,1,561.18,94.53,98.70,74.69,0.68,-1,-1,-1
1012,2,936.75,81.59,73.09,64.88,0.55,-1,-1,-1
1012,3,1284.30,356.86,231.75,181.83,0.64,-1,-1,-1
1013,1,561.15,94.09,98.63,75.16,0.68,-1,-1,-1
1013,2,937.13,81.72,72.86,64.79,0.55,-1,-1,-1
1013,3,1284.24,356.52,231.78,182.09,0.63,-1,-1,-1
1014,1,561.04,95.07,98.74,74.20,0.68,-1,-1,-1
1014,2,936.72,82.02,73.10,64.23,0.56,-1,-1,-1
1014,3,1283.87,356.50,232.05,182.00,0.63,-1,-1,-1
1015,1,560.94,95.46,98.79,73.62,0.68,-1,-1,-1
1015,2,936.59,82.19,73.33,64.02,0.57,-1,-1,-1
1015,3,1283.94,356.34,232.05,182.09,0.67,-1,-1,-1
1016,1,560.76,94.92,99.20,74.12,0.68,-1,-1,-1
1016,2,936.62,82.07,73.32,64.16,0.57,-1,-1,-1
1016,3,1284.12,356.49,231.68,182.19,0.66,-1,-1,-1
1017,1,560.56,94.66,99.35,74.41,0.69,-1,-1,-1
1017,2,936.59,81.83,73.31,64.30,0.58,-1,-1,-1
1017,3,1284.07,356.63,231.85,181.96,0.66,-1,-1,-1
1018,1,560.73,94.91,99.09,74.29,0.68,-1,-1,-1
1018,2,936.45,81.62,73.38,64.59,0.58,-1,-1,-1
1018,3,1284.05,356.69,231.76,181.86,0.64,-1,-1,-1
1019,1,561.20,95.32,98.76,73.83,0.68,-1,-1,-1
1019,2,936.55,81.31,73.28,64.99,0.60,-1,-1,-1
1019,3,1284.03,357.13,231.97,181.52,0.65,-1,-1,-1
1020,1,560.95,96.04,99.11,73.08,0.68,-1,-1,-1
1020,2,935.82,80.92,73.99,65.37,0.61,-1,-1,-1
1020,3,1284.40,357.04,231.65,181.61,0.64,-1,-1,-1
1021,1,560.91,96.27,99.13,72.91,0.68,-1,-1,-1
1021,2,935.61,81.55,74.81,65.13,0.61,-1,-1,-1
1021,3,1283.86,356.54,232.09,182.49,0.62,-1,-1,-1
1022,1,561.37,95.09,98.80,73.89,0.66,-1,-1,-1
1022,2,936.29,81.93,73.89,64.54,0.61,-1,-1,-1
1022,3,1284.01,356.53,231.96,182.57,0.61,-1,-1,-1
1023,1,561.12,96.09,99.28,73.42,0.66,-1,-1,-1
1023,2,936.05,82.43,74.08,64.46,0.65,-1,-1,-1
1023,3,1283.87,356.76,232.35,182.37,0.60,-1,-1,-1
1024,1,561.24,95.70,99.14,73.57,0.65,-1,-1,-1
1024,2,936.11,82.33,73.98,64.43,0.62,-1,-1,-1
1024,3,1283.79,356.80,232.26,182.28,0.59,-1,-1,-1
1025,1,561.22,96.30,99.10,73.06,0.63,-1,-1,-1
1025,2,936.11,84.57,73.54,61.99,0.63,-1,-1,-1
1025,3,1283.86,356.97,232.24,182.19,0.62,-1,-1,-1
1026,1,561.89,96.30,98.44,73.60,0.65,-1,-1,-1
1026,2,936.40,82.90,72.95,61.65,0.62,-1,-1,-1
1026,3,1284.45,356.82,232.18,182.66,0.61,-1,-1,-1
1027,1,561.76,97.03,98.69,72.99,0.63,-1,-1,-1
1027,3,1284.69,356.95,231.91,182.60,0.58,-1,-1,-1
1028,1,561.83,96.49,98.57,73.17,0.61,-1,-1,-1
1028,3,1284.35,356.36,232.41,183.07,0.54,-1,-1,-1
1029,1,561.72,96.78,98.70,72.85,0.61,-1,-1,-1
1029,3,1284.33,356.46,232.37,182.87,0.56,-1,-1,-1
1030,1,561.71,96.06,98.61,73.54,0.63,-1,-1,-1
1030,3,1284.51,356.32,232.17,183.03,0.55,-1,-1,-1
1031,1,561.90,95.36,98.84,74.55,0.64,-1,-1,-1
1031,2,936.99,84.05,72.90,63.45,0.50,-1,-1,-1
1031,3,1284.67,356.80,231.80,182.36,0.57,-1,-1,-1
1032,1,561.67,99.42,98.74,70.65,0.65,-1,-1,-1
1032,2,936.92,83.52,72.84,64.12,0.52,-1,-1,-1
1032,3,1284.68,356.76,231.91,182.55,0.57,-1,-1,-1
1033,1,561.88,98.69,98.67,71.18,0.64,-1,-1,-1
1033,2,936.63,83.39,73.10,64.12,0.50,-1,-1,-1
1033,3,1285.09,357.05,231.39,182.25,0.60,-1,-1,-1
1034,1,562.23,98.15,98.52,71.79,0.67,-1,-1,-1
1034,2,936.75,83.96,72.85,63.65,0.52,-1,-1,-1
1034,3,1285.16,357.03,231.32,182.20,0.61,-1,-1,-1
1035,1,562.01,98.57,98.59,71.33,0.65,-1,-1,-1
1035,2,936.92,84.20,72.53,63.50,0.52,-1,-1,-1
1035,3,1285.07,356.80,231.46,182.49,0.61,-1,-1,-1
1035,17,703.19,52.00,76.77,36.57,0.51,-1,-1,-1
1036,1,561.72,97.27,98.80,72.43,0.65,-1,-1,-1
1036,2,936.63,84.39,72.46,63.20,0.52,-1,-1,-1
1036,3,1285.06,356.82,231.53,182.40,0.60,-1,-1,-1
1037,1,562.04,97.64,98.42,72.02,0.64,-1,-1,-1
1037,2,937.19,83.86,72.21,63.82,0.52,-1,-1,-1
1037,3,1285.01,356.66,231.46,182.58,0.60,-1,-1,-1
1038,1,562.04,97.55,98.51,72.19,0.65,-1,-1,-1
1038,2,937.12,83.34,72.30,64.32,0.54,-1,-1,-1
1038,3,1285.04,356.79,231.44,182.48,0.60,-1,-1,-1
1039,1,561.71,97.01,98.95,72.97,0.66,-1,-1,-1
1039,2,936.71,84.13,72.64,63.63,0.55,-1,-1,-1
1039,3,1285.22,356.77,231.28,182.56,0.60,-1,-1,-1
1040,1,561.71,98.07,99.01,72.01,0.65,-1,-1,-1
1040,2,936.73,83.90,72.60,63.77,0.53,-1,-1,-1
1040,3,1285.19,356.97,231.35,182.20,0.61,-1,-1,-1
1041,1,562.12,98.00,98.62,71.97,0.64,-1,-1,-1
1041,3,1285.13,357.03,231.43,182.22,0.62,-1,-1,-1
1042,1,562.15,97.90,98.70,72.01,0.66,-1,-1,-1
1042,3,1285.09,357.14,231.47,182.10,0.62,-1,-1,-1
1043,1,561.41,99.66,98.76,70.68,0.65,-1,-1,-1
1043,3,1285.11,356.64,231.84,183.22,0.64,-1,-1,-1
1044,1,561.39,98.91,98.89,71.47,0.66,-1,-1,-1
1044,3,1284.99,356.60,231.99,183.41,0.66,-1,-1,-1
1045,1,561.61,100.72,99.24,69.58,0.63,-1,-1,-1
1045,2,935.38,84.33,74.69,61.19,0.55,-1,-1,-1
1045,3,1285.45,356.47,231.59,183.85,0.66,-1,-1,-1
1046,1,561.51,100.98,99.08,69.17,0.62,-1,-1,-1
1046,2,935.77,85.94,74.53,59.11,0.56,-1,-1,-1
1046,3,1285.35,356.22,231.86,183.93,0.68,-1,-1,-1
1046,18,780.70,108.05,98.58,38.31,0.52,-1,-1,-1
1047,1,561.03,100.51,99.22,69.84,0.63,-1,-1,-1
1047,2,932.37,85.42,78.46,59.96,0.59,-1,-1,-1
1047,3,1285.01,356.73,232.41,183.56,0.68,-1,-1,-1
1048,1,560.92,101.82,99.15,68.56,0.59,-1,-1,-1
1048,2,933.08,82.90,77.91,62.82,0.66,-1,-1,-1
1048,3,1284.85,356.60,232.97,183.95,0.66,-1,-1,-1
1049,1,560.95,101.95,99.22,68.56,0.59,-1,-1,-1
1049,2,936.09,88.39,73.12,57.58,0.54,-1,-1,-1
1049,3,1284.96,356.99,233.03,183.61,0.65,-1,-1,-1
1049,18,774.39,109.80,86.85,36.17,0.52,-1,-1,-1
1050,1,560.84,101.95,99.41,68.64,0.59,-1,-1,-1
1050,2,936.96,86.96,71.76,60.96,0.55,-1,-1,-1
1050,3,1284.84,356.95,233.14,183.76,0.64,-1,-1,-1
1051,1,560.96,102.37,99.27,68.08,0.57,-1,-1,-1
1051,2,935.56,87.39,73.93,59.09,0.56,-1,-1,-1
1051,3,1285.01,357.05,232.94,183.67,0.65,-1,-1,-1
1052,1,560.79,100.70,99.31,70.13,0.58,-1,-1,-1
1052,2,936.49,87.63,72.26,58.73,0.57,-1,-1,-1
1052,3,1284.65,356.90,233.62,183.96,0.66,-1,-1,-1
1052,18,750.09,108.40,92.30,38.64,0.55,-1,-1,-1
1053,1,560.59,100.78,99.43,70.12,0.58,-1,-1,-1
1053,2,937.62,90.37,71.48,57.63,0.56,-1,-1,-1
1053,3,1284.67,357.17,233.53,183.96,0.66,-1,-1,-1
1054,1,561.23,101.52,98.86,68.78,0.53,-1,-1,-1
1054,2,936.12,85.48,74.11,62.25,0.60,-1,-1,-1
1054,3,1284.89,356.71,233.01,183.56,0.66,-1,-1,-1
1055,1,561.13,101.86,99.04,68.44,0.52,-1,-1,-1
1055,2,936.24,85.58,73.88,62.24,0.60,-1,-1,-1
1055,3,1284.85,356.58,233.08,183.87,0.65,-1,-1,-1
1055,18,719.92,105.56,82.14,40.28,0.54,-1,-1,-1
1056,1,561.13,101.99,99.01,68.00,0.52,-1,-1,-1
1056,2,936.30,85.83,73.93,61.79,0.59,-1,-1,-1
1056,3,1284.70,356.59,233.12,183.69,0.65,-1,-1,-1
1056,18,713.61,107.10,83.60,39.30,0.55,-1,-1,-1
1057,1,561.40,101.68,98.80,68.15,0.54,-1,-1,-1
1057,2,936.30,86.01,73.45,61.65,0.57,-1,-1,-1
1057,3,1284.69,356.76,233.02,183.45,0.66,-1,-1,-1
1057,18,709.05,105.50,87.99,41.09,0.53,-1,-1,-1
1058,1,561.30,101.83,98.70,67.80,0.53,-1,-1,-1
1058,2,936.17,85.97,73.93,61.63,0.55,-1,-1,-1
1058,3,1284.61,356.66,233.19,183.55,0.67,-1,-1,-1
1059,2,936.92,86.96,73.89,61.03,0.52,-1,-1,-1
1059,3,1284.37,356.27,233.17,183.69,0.65,-1,-1,-1
1060,2,936.99,87.41,73.54,60.37,0.55,-1,-1,-1
1060,3,1284.43,356.04,233.08,183.94,0.65,-1,-1,-1
1061,2,937.00,87.91,73.48,59.93,0.54,-1,-1,-1
1061,3,1284.44,356.07,233.10,183.83,0.65,-1,-1,-1
1061,18,694.82,108.08,59.95,38.31,0.56,-1,-1,-1
1062,2,937.28,88.10,73.11,59.87,0.53,-1,-1,-1
1062,3,1284.40,356.21,233.13,183.82,0.64,-1,-1,-1
1063,1,557.99,99.65,102.95,69.77,0.50,-1,-1,-1
1063,2,936.78,89.66,73.85,58.20,0.55,-1,-1,-1
1063,3,1284.40,357.36,233.34,182.81,0.67,-1,-1,-1
1064,1,558.83,99.95,102.58,69.58,0.51,-1,-1,-1
1064,2,936.78,88.65,73.80,59.20,0.57,-1,-1,-1
1064,3,1284.52,357.14,233.35,183.13,0.70,-1,-1,-1
1065,1,558.41,99.16,102.42,70.55,0.54,-1,-1,-1
1065,2,937.02,89.14,73.78,58.77,0.56,-1,-1,-1
1065,3,1284.58,356.84,233.38,183.56,0.69,-1,-1,-1
1066,1,560.47,95.60,100.65,74.05,0.55,-1,-1,-1
1066,2,936.50,89.11,74.05,58.70,0.56,-1,-1,-1
1066,3,1284.53,356.86,233.28,183.56,0.69,-1,-1,-1
1067,1,558.95,96.98,101.42,72.39,0.55,-1,-1,-1
1067,2,936.97,88.75,73.49,59.20,0.56,-1,-1,-1
1067,3,1284.87,356.85,232.97,183.44,0.68,-1,-1,-1
1068,1,559.15,99.86,101.11,69.68,0.56,-1,-1,-1
1068,2,937.27,88.57,73.68,59.30,0.57,-1,-1,-1
1068,3,1284.86,356.89,233.05,183.51,0.68,-1,-1,-1
1069,1,561.87,101.19,100.08,68.53,0.58,-1,-1,-1
1069,2,936.65,91.29,72.88,56.93,0.55,-1,-1,-1
1069,3,1284.79,357.26,232.99,183.81,0.67,-1,-1,-1
1069,18,655.83,105.72,59.84,36.79,0.71,-1,-1,-1
1070,1,560.88,99.70,100.51,70.17,0.55,-1,-1,-1
1070,3,1284.72,356.96,233.13,184.04,0.67,-1,-1,-1
1070,18,662.28,107.50,65.28,36.70,0.74,-1,-1,-1
1071,1,560.94,101.68,100.80,68.19,0.53,-1,-1,-1
1071,2,936.94,88.07,73.64,60.68,0.56,-1,-1,-1
1071,3,1284.59,356.34,233.40,184.82,0.62,-1,-1,-1
1071,18,667.04,108.25,64.26,36.42,0.70,-1,-1,-1
1072,1,561.45,101.28,101.19,68.59,0.51,-1,-1,-1
1072,2,936.38,87.06,73.97,60.27,0.59,-1,-1,-1
1072,3,1284.63,356.30,233.36,184.70,0.63,-1,-1,-1
1072,18,671.05,108.17,62.43,35.78,0.69,-1,-1,-1
1073,2,936.83,85.52,73.47,61.10,0.56,-1,-1,-1
1073,3,1284.56,356.17,233.41,184.87,0.65,-1,-1,-1
1073,18,674.30,107.12,63.08,36.52,0.60,-1,-1,-1
1074,1,561.70,97.78,100.65,71.79,0.50,-1,-1,-1
1074,2,936.76,87.97,72.85,60.40,0.55,-1,-1,-1
1074,3,1284.63,356.48,233.37,184.49,0.65,-1,-1,-1
1074,18,677.51,108.19,62.88,35.03,0.60,-1,-1,-1
1075,1,561.11,98.52,101.75,71.14,0.50,-1,-1,-1
1075,2,936.52,87.53,73.28,60.83,0.53,-1,-1,-1
1075,3,1284.60,356.61,233.38,184.38,0.64,-1,-1,-1
1075,18,680.43,105.94,65.69,36.53,0.63,-1,-1,-1
1076,1,563.89,100.47,96.42,68.62,0.50,-1,-1,-1
1076,2,936.83,87.84,72.94,60.42,0.56,-1,-1,-1
1076,3,1284.54,356.30,233.42,184.74,0.65,-1,-1,-1
1076,18,685.93,105.23,63.97,38.04,0.64,-1,-1,-1
1077,2,936.39,87.38,73.46,60.86,0.55,-1,-1,-1
1077,3,1284.59,356.47,233.28,184.45,0.65,-1,-1,-1
1077,18,689.52,105.36,63.18,38.53,0.63,-1,-1,-1
1078,1,564.74,100.99,95.19,67.76,0.52,-1,-1,-1
1078,2,936.08,87.65,73.93,60.65,0.54,-1,-1,-1
1078,3,1284.63,356.30,233.22,184.66,0.64,-1,-1,-1
1078,18,693.78,104.40,62.81,39.23,0.66,-1,-1,-1
1079,1,564.25,101.38,95.75,67.40,0.53,-1,-1,-1
1079,2,936.32,87.87,73.70,60.48,0.54,-1,-1,-1
1079,3,1284.77,356.38,233.04,184.44,0.64,-1,-1,-1
1079,18,695.52,105.63,62.64,38.28,0.69,-1,-1,-1
1080,1,564.33,100.96,95.62,67.77,0.51,-1,-1,-1
1080,2,936.03,87.97,73.98,60.47,0.54,-1,-1,-1
1080,3,1284.70,356.30,233.02,184.53,0.63,-1,-1,-1
1080,18,696.65,106.48,64.56,37.66,0.63,-1,-1,-1
1081,1,563.12,100.83,96.67,67.91,0.55,-1,-1,-1
1081,2,937.17,86.15,72.66,62.15,0.57,-1,-1,-1
1081,3,1285.19,355.89,232.40,184.99,0.61,-1,-1,-1
1082,1,562.71,99.63,97.21,69.40,0.56,-1,-1,-1
1082,2,937.47,86.09,72.31,62.32,0.57,-1,-1,-1
1082,3,1285.68,356.09,233.37,185.66,0.59,-1,-1,-1
1083,1,562.32,101.13,97.43,68.00,0.56,-1,-1,-1
1083,2,937.25,85.62,72.48,62.78,0.56,-1,-1,-1
1083,3,1285.66,355.65,233.54,186.29,0.60,-1,-1,-1
1083,18,702.76,104.66,65.38,39.52,0.52,-1,-1,-1
1084,1,560.02,97.09,100.97,72.32,0.56,-1,-1,-1
1084,2,937.14,85.29,72.74,63.20,0.55,-1,-1,-1
1084,3,1285.72,356.62,233.45,185.16,0.62,-1,-1,-1
1084,18,704.04,101.92,66.26,42.56,0.55,-1,-1,-1
1085,1,562.83,102.24,97.02,66.96,0.60,-1,-1,-1
1085,2,937.18,85.32,72.65,63.15,0.55,-1,-1,-1
1085,3,1285.49,356.26,233.70,185.58,0.62,-1,-1,-1
1085,18,706.34,100.48,66.01,44.37,0.55,-1,-1,-1
1086,1,563.05,102.17,96.89,66.77,0.59,-1,-1,-1
1086,2,937.39,84.47,72.81,64.00,0.53,-1,-1,-1
1086,3,1285.47,356.47,233.66,185.53,0.61,-1,-1,-1
1086,18,707.87,101.54,65.85,43.77,0.56,-1,-1,-1
1087,1,563.12,102.77,96.70,66.29,0.60,-1,-1,-1
1087,2,937.23,84.74,72.99,63.69,0.54,-1,-1,-1
1087,3,1285.26,355.83,234.01,186.27,0.63,-1,-1,-1
1087,18,709.45,103.14,65.74,41.80,0.56,-1,-1,-1
1088,1,562.90,100.22,96.88,68.73,0.59,-1,-1,-1
1088,2,937.31,85.06,72.86,63.39,0.55,-1,-1,-1
1088,3,1285.36,356.29,233.90,185.73,0.62,-1,-1,-1
1088,18,709.91,102.65,66.51,42.24,0.56,-1,-1,-1
1089,1,562.64,101.17,97.32,68.13,0.59,-1,-1,-1
1089,2,937.33,85.06,72.82,63.38,0.55,-1,-1,-1
1089,3,1285.43,356.36,233.80,185.60,0.62,-1,-1,-1
1089,18,709.47,99.06,68.16,45.91,0.53,-1,-1,-1
1090,1,560.96,97.50,100.29,72.21,0.58,-1,-1,-1
1090,2,937.52,84.33,72.67,64.07,0.54,-1,-1,-1
1090,3,1285.05,356.46,232.84,184.67,0.63,-1,-1,-1
1090,18,713.84,98.96,68.88,45.68,0.62,-1,-1,-1
1091,1,560.97,97.62,100.20,72.11,0.58,-1,-1,-1
1091,2,936.50,88.27,73.18,58.57,0.53,-1,-1,-1
1091,3,1285.47,357.41,233.72,184.57,0.64,-1,-1,-1
1091,18,716.94,96.59,73.71,48.77,0.51,-1,-1,-1
1092,1,561.03,98.21,100.13,71.57,0.58,-1,-1,-1
1092,2,937.20,84.62,74.39,63.59,0.53,-1,-1,-1
1092,3,1285.46,357.55,233.83,184.61,0.64,-1,-1,-1
1093,1,563.26,100.08,96.67,69.45,0.57,-1,-1,-1
1093,2,936.53,85.74,73.92,62.61,0.53,-1,-1,-1
1093,3,1284.98,357.39,233.02,183.83,0.67,-1,-1,-1
1094,1,563.36,100.13,96.46,69.34,0.57,-1,-1,-1
1094,2,937.47,84.99,73.26,63.27,0.54,-1,-1,-1
1094,3,1284.95,357.48,233.00,183.72,0.66,-1,-1,-1
1095,1,561.44,97.78,99.43,71.92,0.56,-1,-1,-1
1095,2,937.98,85.04,72.82,63.34,0.53,-1,-1,-1
1095,3,1285.03,357.60,232.91,183.65,0.68,-1,-1,-1
1096,1,563.53,100.00,96.38,69.61,0.57,-1,-1,-1
1096,2,937.83,84.83,73.00,63.53,0.55,-1,-1,-1
1096,3,1284.94,357.59,233.05,183.73,0.68,-1,-1,-1
1097,1,563.60,100.13,96.25,69.46,0.58,-1,-1,-1
1097,2,937.78,84.95,73.14,63.50,0.55,-1,-1,-1
1097,3,1284.96,357.65,233.06,183.66,0.69,-1,-1,-1
1098,1,563.63,100.19,96.15,69.33,0.57,-1,-1,-1
1098,2,937.90,85.19,72.88,63.33,0.56,-1,-1,-1
1098,3,1284.94,357.57,233.08,183.78,0.68,-1,-1,-1
1099,1,563.47,98.72,96.37,70.83,0.60,-1,-1,-1
1099,2,937.90,86.18,72.77,62.43,0.56,-1,-1,-1
1099,3,1284.85,357.31,233.22,184.11,0.67,-1,-1,-1
1100,1,563.77,99.16,96.05,70.47,0.61,-1,-1,-1
1100,2,938.04,86.11,72.54,62.40,0.57,-1,-1,-1
1100,3,1284.85,357.51,233.01,183.74,0.69,-1,-1,-1
1101,1,563.71,98.04,96.14,71.67,0.61,-1,-1,-1
1101,2,938.09,85.93,72.40,62.59,0.56,-1,-1,-1
1101,3,1284.79,357.46,233.06,183.80,0.68,-1,-1,-1
1101,18,734.79,90.94,76.63,54.71,0.53,-1,-1,-1
1102,1,563.47,99.64,96.34,70.14,0.60,-1,-1,-1
1102,2,937.75,85.93,72.77,62.51,0.55,-1,-1,-1
1102,3,1284.79,357.47,233.18,183.95,0.68,-1,-1,-1
1103,1,562.36,101.55,98.98,68.35,0.61,-1,-1,-1
1103,2,937.55,85.90,72.50,62.44,0.54,-1,-1,-1
1103,3,1284.89,357.59,232.98,183.80,0.67,-1,-1,-1
1104,1,564.88,102.17,95.05,67.29,0.64,-1,-1,-1
1104,2,937.80,89.17,71.38,59.35,0.51,-1,-1,-1
1104,3,1285.29,357.88,233.89,184.41,0.67,-1,-1,-1
1105,1,563.51,102.40,96.13,67.28,0.67,-1,-1,-1
1105,2,937.44,90.30,71.43,56.49,0.51,-1,-1,-1
1105,3,1284.97,357.68,232.99,183.53,0.65,-1,-1,-1
1106,1,562.81,102.28,96.76,67.26,0.64,-1,-1,-1
1106,2,937.38,83.08,72.04,63.14,0.54,-1,-1,-1
1106,3,1284.95,357.79,233.02,183.39,0.66,-1,-1,-1
1107,1,563.05,99.97,96.82,69.90,0.64,-1,-1,-1
1107,2,938.15,91.11,70.93,55.46,0.57,-1,-1,-1
1107,3,1284.91,357.84,233.09,183.34,0.65,-1,-1,-1
1107,18,735.59,87.52,74.29,57.00,0.51,-1,-1,-1
1108,1,563.04,98.81,96.89,71.08,0.64,-1,-1,-1
1108,2,937.14,84.02,73.19,62.77,0.55,-1,-1,-1
1108,3,1284.96,357.24,233.02,183.74,0.65,-1,-1,-1
1108,18,733.70,85.94,78.11,58.86,0.51,-1,-1,-1
1109,1,563.09,97.78,96.87,72.08,0.63,-1,-1,-1
1109,2,937.47,86.20,72.55,62.22,0.54,-1,-1,-1
1109,3,1285.46,356.59,233.73,185.80,0.65,-1,-1,-1
1110,1,562.88,97.33,96.87,72.33,0.63,-1,-1,-1
1110,2,937.12,86.62,73.07,62.34,0.55,-1,-1,-1
1110,3,1285.46,357.29,233.73,185.33,0.73,-1,-1,-1
1111,1,562.79,98.24,96.86,71.39,0.61,-1,-1,-1
1111,2,937.13,86.19,73.25,62.53,0.57,-1,-1,-1
1111,3,1285.34,356.98,233.74,185.74,0.70,-1,-1,-1
1111,18,729.49,84.39,83.53,63.40,0.54,-1,-1,-1
1112,1,563.19,97.11,96.69,72.44,0.63,-1,-1,-1
1112,2,937.76,85.67,72.41,62.99,0.56,-1,-1,-1
1112,3,1285.43,356.83,233.84,185.49,0.68,-1,-1,-1
1112,18,727.01,84.71,85.59,64.84,0.51,-1,-1,-1
1113,1,563.21,99.38,96.73,70.20,0.61,-1,-1,-1
1113,2,937.86,86.85,72.05,61.73,0.56,-1,-1,-1
1113,3,1285.66,356.90,233.62,185.29,0.67,-1,-1,-1
1113,18,726.12,86.14,86.76,65.38,0.52,-1,-1,-1
1114,1,563.91,101.18,95.80,67.90,0.58,-1,-1,-1
1114,2,937.57,87.80,72.66,60.71,0.55,-1,-1,-1
1114,3,1285.10,356.38,233.11,185.01,0.65,-1,-1,-1
1115,1,564.24,102.52,95.37,66.77,0.60,-1,-1,-1
1115,2,937.49,86.92,72.59,61.39,0.55,-1,-1,-1
1115,3,1285.14,356.92,234.25,185.23,0.63,-1,-1,-1
1115,18,723.69,88.43,89.82,66.85,0.52,-1,-1,-1
1116,1,563.56,99.35,96.22,70.27,0.62,-1,-1,-1
1116,2,937.61,86.48,72.52,61.79,0.57,-1,-1,-1
1116,3,1285.42,357.09,233.98,184.94,0.66,-1,-1,-1
1117,1,561.49,96.77,99.81,72.62,0.58,-1,-1,-1
1117,2,937.22,86.29,72.74,61.73,0.57,-1,-1,-1
1117,3,1284.92,356.21,234.34,186.18,0.64,-1,-1,-1
1118,1,563.71,98.92,96.41,70.89,0.56,-1,-1,-1
1118,2,937.10,86.13,72.86,61.96,0.58,-1,-1,-1
1118,3,1284.97,356.28,234.22,186.04,0.65,-1,-1,-1
1118,18,719.91,91.55,92.59,72.54,0.55,-1,-1,-1
1119,1,561.70,99.05,97.88,70.63,0.59,-1,-1,-1
1119,2,937.59,86.31,72.66,61.81,0.61,-1,-1,-1
1119,3,1284.29,357.51,233.20,183.23,0.65,-1,-1,-1
1119,18,719.59,94.58,93.67,70.39,0.57,-1,-1,-1
1120,1,561.91,99.03,97.71,70.62,0.58,-1,-1,-1
1120,2,937.69,86.20,72.58,61.76,0.61,-1,-1,-1
1120,3,1284.35,357.48,233.06,183.22,0.67,-1,-1,-1
1121,1,561.83,99.42,97.75,70.06,0.60,-1,-1,-1
1121,2,937.59,85.95,72.44,62.00,0.63,-1,-1,-1
1121,3,1284.32,357.87,233.19,182.93,0.69,-1,-1,-1
1121,18,720.84,93.83,92.77,74.63,0.60,-1,-1,-1
1122,1,562.02,99.47,97.51,70.12,0.60,-1,-1,-1
1122,2,937.37,85.25,72.60,62.87,0.62,-1,-1,-1
1122,3,1284.37,357.95,233.15,182.72,0.69,-1,-1,-1
1122,18,721.44,95.50,93.28,74.06,0.66,-1,-1,-1
1123,1,562.08,97.80,97.47,71.79,0.58,-1,-1,-1
1123,2,937.54,85.62,71.95,62.41,0.62,-1,-1,-1
1123,3,1284.52,357.87,232.96,182.99,0.68,-1,-1,-1
1123,18,720.78,95.69,95.89,76.45,0.71,-1,-1,-1
1124,1,562.35,97.72,97.36,72.49,0.58,-1,-1,-1
1124,2,937.48,85.75,73.09,62.36,0.60,-1,-1,-1
1124,3,1284.58,357.44,232.90,183.41,0.68,-1,-1,-1
1124,18,721.09,96.71,95.83,78.54,0.66,-1,-1,-1
1125,1,561.56,97.39,98.40,73.11,0.62,-1,-1,-1
1125,2,937.62,85.58,72.74,62.53,0.60,-1,-1,-1
1125,3,1285.12,358.06,233.72,184.01,0.71,-1,-1,-1
1125,18,718.11,97.25,98.53,79.89,0.71,-1,-1,-1
1126,1,562.00,98.29,98.14,72.28,0.62,-1,-1,-1
1126,2,937.28,85.61,72.61,62.70,0.59,-1,-1,-1
1126,3,1285.40,358.14,233.36,184.18,0.70,-1,-1,-1
1126,18,718.75,99.92,98.57,77.98,0.72,-1,-1,-1
1127,1,562.08,97.44,97.92,73.30,0.64,-1,-1,-1
1127,2,937.27,85.59,72.44,62.69,0.60,-1,-1,-1
1127,3,1285.31,358.44,233.31,183.83,0.70,-1,-1,-1
1127,18,721.29,101.04,97.74,77.53,0.73,-1,-1,-1
1128,1,562.04,97.63,97.99,73.12,0.64,-1,-1,-1
1128,2,937.87,85.55,72.16,62.60,0.60,-1,-1,-1
1128,3,1285.19,358.28,233.52,183.90,0.70,-1,-1,-1
1128,18,720.90,102.48,99.59,80.28,0.77,-1,-1,-1
1129,1,561.54,97.62,98.63,72.78,0.65,-1,-1,-1
1129,2,937.19,86.04,73.13,61.95,0.60,-1,-1,-1
1129,3,1284.94,358.49,233.73,183.54,0.69,-1,-1,-1
1129,18,720.80,102.59,98.99,84.02,0.80,-1,-1,-1
1130,1,561.38,98.56,98.55,71.47,0.62,-1,-1,-1
1130,2,937.62,85.97,72.72,62.03,0.58,-1,-1,-1
1130,3,1284.60,358.64,232.45,182.33,0.68,-1,-1,-1
1130,18,720.74,105.48,100.37,83.08,0.74,-1,-1,-1
1131,1,561.81,97.75,97.74,72.27,0.62,-1,-1,-1
1131,2,938.11,85.79,72.29,62.15,0.58,-1,-1,-1
1131,3,1285.40,358.45,232.98,183.42,0.66,-1,-1,-1
1131,18,717.97,115.60,105.48,79.65,0.77,-1,-1,-1
1132,1,561.35,97.67,98.30,72.40,0.65,-1,-1,-1
1132,2,938.04,85.98,72.20,62.24,0.58,-1,-1,-1
1132,3,1285.01,357.58,233.65,184.51,0.70,-1,-1,-1
1132,18,718.74,116.99,104.11,83.90,0.79,-1,-1,-1
1133,1,561.12,97.34,98.52,72.53,0.64,-1,-1,-1
1133,2,937.86,85.39,72.55,62.93,0.56,-1,-1,-1
1133,3,1285.51,358.31,233.14,183.66,0.68,-1,-1,-1
1133,18,717.90,118.17,105.93,84.09,0.74,-1,-1,-1
1134,1,561.34,98.12,98.25,71.92,0.65,-1,-1,-1
1134,2,937.65,84.92,72.70,63.20,0.58,-1,-1,-1
1134,3,1284.33,357.68,233.13,183.19,0.69,-1,-1,-1
1134,18,720.11,119.61,103.47,84.52,0.71,-1,-1,-1
1135,1,561.21,97.54,98.24,72.92,0.64,-1,-1,-1
1135,2,937.43,84.88,72.92,63.00,0.57,-1,-1,-1
1135,3,1284.36,358.04,232.94,183.07,0.67,-1,-1,-1
1135,18,716.78,121.16,106.81,88.31,0.73,-1,-1,-1
1136,1,561.28,99.12,98.34,71.29,0.60,-1,-1,-1
1136,2,937.72,84.78,72.65,62.94,0.57,-1,-1,-1
1136,3,1284.26,358.01,233.08,182.80,0.67,-1,-1,-1
1136,18,715.02,123.93,107.76,89.40,0.72,-1,-1,-1
1137,1,561.14,99.54,98.38,70.50,0.54,-1,-1,-1
1137,2,937.65,84.87,72.73,62.77,0.56,-1,-1,-1
1137,3,1284.24,357.98,233.13,182.79,0.67,-1,-1,-1
1137,18,714.06,125.46,109.16,89.91,0.74,-1,-1,-1
1138,1,561.13,97.90,98.56,72.40,0.56,-1,-1,-1
1138,2,937.72,84.73,72.77,63.27,0.56,-1,-1,-1
1138,3,1284.24,357.97,233.39,182.76,0.67,-1,-1,-1
1138,18,712.47,126.87,112.05,89.81,0.80,-1,-1,-1
1139,1,561.75,99.74,98.07,69.97,0.59,-1,-1,-1
1139,2,937.57,85.79,73.66,62.35,0.55,-1,-1,-1
1139,3,1284.18,358.05,233.12,182.89,0.71,-1,-1,-1
1139,18,711.17,129.48,114.27,90.10,0.84,-1,-1,-1
1140,1,561.69,99.23,98.13,70.52,0.60,-1,-1,-1
1140,2,937.76,85.54,73.69,62.70,0.54,-1,-1,-1
1140,3,1284.04,358.25,233.27,182.58,0.71,-1,-1,-1
1140,18,709.75,131.54,114.19,91.95,0.84,-1,-1,-1
1141,1,561.64,99.03,98.22,71.49,0.62,-1,-1,-1
1141,2,937.30,85.54,73.95,62.34,0.58,-1,-1,-1
1141,3,1283.79,358.85,233.78,182.14,0.68,-1,-1,-1
1141,18,708.29,135.56,114.13,90.66,0.79,-1,-1,-1
1142,1,561.31,101.06,98.87,69.41,0.61,-1,-1,-1
1142,2,937.50,85.27,73.61,63.09,0.58,-1,-1,-1
1142,3,1284.49,358.58,232.79,182.11,0.65,-1,-1,-1
1142,18,708.21,137.65,115.85,90.29,0.78,-1,-1,-1
1143,1,561.68,99.24,98.12,71.41,0.56,-1,-1,-1
1143,2,937.11,84.82,73.86,64.02,0.59,-1,-1,-1
1143,3,1284.17,358.98,233.81,182.39,0.65,-1,-1,-1
1143,18,707.58,140.50,115.22,93.76,0.80,-1,-1,-1
1144,1,562.09,98.98,97.61,71.62,0.55,-1,-1,-1
1144,2,936.60,85.45,74.61,63.16,0.59,-1,-1,-1
1144,3,1284.23,359.18,233.69,181.85,0.64,-1,-1,-1
1144,18,705.36,142.73,118.01,94.38,0.76,-1,-1,-1
1145,2,936.78,84.67,74.44,64.05,0.56,-1,-1,-1
1145,3,1284.98,359.38,234.22,182.37,0.66,-1,-1,-1
1145,18,703.29,145.15,118.93,94.68,0.77,-1,-1,-1
1146,2,937.04,84.40,74.09,63.77,0.56,-1,-1,-1
1146,3,1286.26,360.17,233.12,181.69,0.69,-1,-1,-1
1146,18,702.65,148.48,118.78,96.34,0.74,-1,-1,-1
1146,19,919.93,776.81,437.62,296.14,0.59,-1,-1,-1
1147,2,936.91,85.04,74.33,63.43,0.57,-1,-1,-1
1147,3,1285.97,359.70,232.37,182.10,0.65,-1,-1,-1
1147,18,700.04,149.28,122.23,99.95,0.80,-1,-1,-1
1147,19,919.77,752.54,430.65,320.11,0.54,-1,-1,-1
1148,2,936.68,85.13,74.75,63.41,0.53,-1,-1,-1
1148,3,1286.03,359.80,231.82,182.18,0.63,-1,-1,-1
1148,18,700.88,151.86,121.19,99.45,0.82,-1,-1,-1
1148,19,924.80,725.55,419.26,345.97,0.62,-1,-1,-1
1149,1,561.53,98.98,97.97,70.59,0.50,-1,-1,-1
1149,2,936.29,84.88,74.51,63.25,0.53,-1,-1,-1
1149,3,1285.54,358.13,232.57,183.47,0.57,-1,-1,-1
1149,18,695.10,154.25,125.70,105.56,0.82,-1,-1,-1
1150,1,561.42,98.61,98.13,71.23,0.51,-1,-1,-1
1150,2,936.21,84.84,74.67,63.41,0.53,-1,-1,-1
1150,3,1286.32,359.33,232.67,183.06,0.58,-1,-1,-1
1150,18,695.19,161.21,124.85,101.62,0.79,-1,-1,-1
1151,1,561.65,98.31,97.73,71.49,0.51,-1,-1,-1
1151,2,936.24,85.16,74.50,63.01,0.53,-1,-1,-1
1151,3,1286.41,359.35,232.50,183.02,0.57,-1,-1,-1
1151,18,694.35,164.21,125.78,100.21,0.79,-1,-1,-1
1152,1,561.97,97.35,97.63,72.36,0.50,-1,-1,-1
1152,2,936.98,84.16,74.03,64.07,0.56,-1,-1,-1
1152,3,1285.61,358.49,232.24,183.23,0.59,-1,-1,-1
1152,18,691.64,166.22,125.18,102.77,0.79,-1,-1,-1
1152,19,940.17,649.85,379.51,341.68,0.67,-1,-1,-1
1153,1,560.58,99.04,99.00,70.60,0.53,-1,-1,-1
1153,2,936.47,85.81,74.40,62.67,0.54,-1,-1,-1
1153,3,1286.29,360.49,232.28,181.47,0.62,-1,-1,-1
1153,18,691.79,167.90,125.90,106.60,0.81,-1,-1,-1
1153,19,940.20,625.27,373.62,338.12,0.73,-1,-1,-1
1154,1,560.63,98.60,99.17,71.04,0.51,-1,-1,-1
1154,2,936.70,85.55,74.08,62.78,0.54,-1,-1,-1
1154,3,1285.72,359.13,231.26,181.81,0.56,-1,-1,-1
1154,18,689.24,172.31,128.27,106.42,0.81,-1,-1,-1
1155,2,936.82,85.57,74.06,62.70,0.55,-1,-1,-1
1155,3,1285.35,358.51,231.62,182.51,0.52,-1,-1,-1
1155,18,688.70,176.20,127.45,105.25,0.82,-1,-1,-1
1156,1,560.25,97.32,100.19,72.28,0.52,-1,-1,-1
1156,2,937.43,84.53,73.75,63.83,0.55,-1,-1,-1
1156,3,1285.42,357.91,231.49,183.53,0.52,-1,-1,-1
1156,18,684.68,178.06,130.73,107.76,0.86,-1,-1,-1
1156,19,949.29,577.85,348.41,310.58,0.58,-1,-1,-1
1157,2,937.61,84.32,73.63,64.17,0.57,-1,-1,-1
1157,3,1285.38,358.26,231.75,183.46,0.50,-1,-1,-1
1157,18,682.41,183.21,133.94,105.08,0.89,-1,-1,-1
1157,19,941.79,557.37,356.92,309.85,0.51,-1,-1,-1
1158,1,560.79,98.03,98.81,71.09,0.53,-1,-1,-1
1158,2,937.58,84.55,73.70,63.89,0.59,-1,-1,-1
1158,3,1285.27,358.16,231.94,183.42,0.57,-1,-1,-1
1158,18,681.26,187.50,136.26,106.64,0.89,-1,-1,-1
1158,19,944.41,544.10,347.00,301.04,0.54,-1,-1,-1
1159,1,560.58,98.20,98.85,71.27,0.51,-1,-1,-1
1159,2,936.19,85.08,74.80,63.19,0.51,-1,-1,-1
1159,3,1285.85,359.06,231.38,182.83,0.55,-1,-1,-1
1159,18,678.82,188.97,136.70,111.64,0.83,-1,-1,-1
1159,19,951.41,528.56,331.49,296.29,0.67,-1,-1,-1
1160,1,560.40,97.10,98.80,72.04,0.52,-1,-1,-1
1160,2,936.23,85.01,74.52,63.01,0.53,-1,-1,-1
1160,3,1285.75,359.29,231.39,182.43,0.58,-1,-1,-1
1160,18,677.54,194.34,139.03,111.43,0.68,-1,-1,-1
1160,19,947.36,515.12,329.93,288.82,0.61,-1,-1,-1
1161,1,560.17,97.41,99.06,71.76,0.54,-1,-1,-1
1161,2,936.12,85.42,74.82,62.69,0.54,-1,-1,-1
1161,3,1285.69,359.30,231.54,182.70,0.56,-1,-1,-1
1161,18,675.16,197.77,140.67,112.39,0.76,-1,-1,-1
1161,19,943.44,500.79,328.36,282.43,0.76,-1,-1,-1
1162,1,560.41,97.24,98.66,71.91,0.54,-1,-1,-1
1162,2,936.39,85.37,74.55,62.88,0.53,-1,-1,-1
1162,3,1285.85,359.30,231.66,182.96,0.57,-1,-1,-1
1162,18,668.95,199.02,147.57,118.17,0.76,-1,-1,-1
1162,19,923.99,491.05,339.74,276.36,0.69,-1,-1,-1
1163,1,560.22,96.15,98.92,73.05,0.56,-1,-1,-1
1163,2,936.19,85.44,74.70,62.83,0.56,-1,-1,-1
1163,3,1285.75,359.10,231.42,183.10,0.53,-1,-1,-1
1163,18,669.55,203.76,146.34,119.71,0.78,-1,-1,-1
1163,19,945.45,476.63,312.42,273.95,0.75,-1,-1,-1
1164,1,560.51,96.60,98.62,72.39,0.53,-1,-1,-1
1164,2,935.67,85.74,75.32,62.74,0.54,-1,-1,-1
1164,3,1286.33,360.03,231.29,182.42,0.55,-1,-1,-1
1164,18,667.81,208.53,147.65,120.97,0.78,-1,-1,-1
1164,19,944.33,465.23,308.15,267.70,0.79,-1,-1,-1
1165,1,560.30,96.41,98.56,72.61,0.54,-1,-1,-1
1165,2,936.24,86.55,74.21,61.64,0.53,-1,-1,-1
1165,3,1288.45,360.41,230.44,182.21,0.63,-1,-1,-1
1165,18,664.03,212.22,153.14,121.09,0.81,-1,-1,-1
1165,19,938.39,451.70,304.35,262.50,0.78,-1,-1,-1
1166,1,556.81,94.95,103.70,74.83,0.56,-1,-1,-1
1166,2,936.05,86.56,74.39,61.74,0.54,-1,-1,-1
1166,3,1288.06,360.06,230.77,182.38,0.59,-1,-1,-1
1166,18,660.69,217.73,155.39,121.60,0.80,-1,-1,-1
1166,19,925.69,438.91,311.75,261.20,0.68,-1,-1,-1
1167,1,556.64,94.14,104.27,75.96,0.55,-1,-1,-1
1167,2,935.78,83.22,74.88,62.30,0.56,-1,-1,-1
1167,3,1287.87,360.35,231.22,182.26,0.64,-1,-1,-1
1167,18,657.33,222.80,157.60,125.30,0.80,-1,-1,-1
1167,19,920.58,430.90,311.30,253.55,0.77,-1,-1,-1
1168,1,559.25,96.76,99.59,72.28,0.51,-1,-1,-1
1168,2,935.61,83.21,75.01,62.65,0.53,-1,-1,-1
1168,3,1288.85,359.87,230.14,182.33,0.62,-1,-1,-1
1168,18,656.30,229.27,156.52,128.67,0.68,-1,-1,-1
1168,19,920.46,421.28,301.65,251.15,0.76,-1,-1,-1
1169,1,560.45,100.73,98.47,69.30,0.56,-1,-1,-1
1169,2,934.07,84.86,77.92,60.62,0.55,-1,-1,-1
1169,3,1287.37,359.73,231.71,182.37,0.57,-1,-1,-1
1169,18,651.10,231.30,163.54,130.67,0.72,-1,-1,-1
1169,19,922.13,408.57,293.06,251.53,0.68,-1,-1,-1
1170,1,560.46,100.34,98.63,69.79,0.54,-1,-1,-1
1170,2,933.79,84.53,78.39,61.06,0.56,-1,-1,-1
1170,3,1287.11,360.17,231.78,181.78,0.57,-1,-1,-1
1170,18,650.70,237.46,163.68,130.68,0.80,-1,-1,-1
1170,19,920.44,399.48,290.01,243.50,0.56,-1,-1,-1
1171,1,560.14,101.62,99.12,68.16,0.52,-1,-1,-1
1171,2,933.72,85.50,78.29,60.15,0.58,-1,-1,-1
1171,3,1286.75,360.15,232.17,181.73,0.55,-1,-1,-1
1171,18,646.41,242.78,166.10,132.56,0.78,-1,-1,-1
1171,19,920.22,391.06,284.59,238.95,0.60,-1,-1,-1
1172,1,560.04,101.28,99.19,67.81,0.52,-1,-1,-1
1172,2,936.34,87.39,74.77,61.39,0.57,-1,-1,-1
1172,3,1285.63,359.40,231.51,181.57,0.62,-1,-1,-1
1172,18,647.30,244.28,164.17,135.01,0.73,-1,-1,-1
1173,1,560.23,100.78,99.21,68.74,0.53,-1,-1,-1
1173,2,936.27,87.36,74.75,61.06,0.55,-1,-1,-1
1173,3,1287.07,359.88,231.84,182.04,0.58,-1,-1,-1
1173,18,642.52,248.17,169.14,136.04,0.73,-1,-1,-1
1173,19,919.68,372.12,276.48,231.45,0.66,-1,-1,-1
1174,1,559.76,100.25,99.60,69.31,0.58,-1,-1,-1
1174,2,934.00,85.11,77.86,60.65,0.58,-1,-1,-1
1174,3,1286.32,359.49,232.50,182.34,0.59,-1,-1,-1
1174,18,637.08,254.38,176.05,139.61,0.61,-1,-1,-1
1174,19,930.56,360.72,264.55,229.51,0.62,-1,-1,-1
1175,1,559.50,101.57,100.08,68.27,0.54,-1,-1,-1
1175,2,935.24,83.61,75.84,62.35,0.57,-1,-1,-1
1175,3,1286.18,359.27,232.62,182.89,0.60,-1,-1,-1
1175,18,633.15,254.24,183.69,147.39,0.75,-1,-1,-1
1175,19,930.22,353.41,259.86,225.94,0.60,-1,-1,-1
1176,1,559.24,101.13,100.31,68.65,0.55,-1,-1,-1
1176,2,935.05,83.71,76.04,62.21,0.59,-1,-1,-1
1176,3,1286.20,359.07,232.59,182.87,0.61,-1,-1,-1
1176,18,628.80,262.97,184.83,144.03,0.77,-1,-1,-1
1176,19,931.37,347.10,253.80,219.86,0.69,-1,-1,-1
1177,2,935.25,82.94,76.09,62.15,0.59,-1,-1,-1
1177,3,1286.34,359.48,232.72,182.49,0.58,-1,-1,-1
1177,18,628.83,265.05,184.14,150.05,0.77,-1,-1,-1
1177,19,928.58,339.68,253.48,219.07,0.67,-1,-1,-1
1178,1,559.29,100.32,100.30,69.33,0.55,-1,-1,-1
1178,2,935.12,83.03,76.21,62.24,0.60,-1,-1,-1
1178,3,1286.97,359.48,232.13,182.17,0.59,-1,-1,-1
1178,18,623.80,269.76,192.19,155.31,0.78,-1,-1,-1
1178,19,941.69,333.08,244.49,216.96,0.64,-1,-1,-1
1179,1,560.35,103.32,99.20,66.00,0.51,-1,-1,-1
1179,2,935.22,83.29,75.28,61.97,0.57,-1,-1,-1
1179,3,1286.36,361.11,231.18,178.88,0.59,-1,-1,-1
1179,18,619.17,279.37,197.11,153.49,0.71,-1,-1,-1
1179,19,945.25,325.22,237.46,210.75,0.71,-1,-1,-1
1180,1,560.40,103.06,99.31,65.99,0.51,-1,-1,-1
1180,2,935.39,83.25,75.09,62.03,0.58,-1,-1,-1
1180,3,1286.53,360.84,232.69,180.13,0.61,-1,-1,-1
1180,18,615.97,285.59,199.02,157.55,0.79,-1,-1,-1
1180,19,945.83,315.46,232.59,212.53,0.71,-1,-1,-1
1181,1,560.68,103.53,98.77,65.38,0.50,-1,-1,-1
1181,2,935.15,83.31,75.31,61.93,0.58,-1,-1,-1
1181,3,1286.15,359.88,231.27,180.23,0.61,-1,-1,-1
1181,18,616.34,292.12,201.16,162.95,0.83,-1,-1,-1
1181,19,947.91,311.29,228.14,206.22,0.80,-1,-1,-1
1182,1,561.24,102.61,98.28,66.20,0.52,-1,-1,-1
1182,2,935.16,83.14,75.19,62.02,0.58,-1,-1,-1
1182,3,1287.53,359.80,231.42,181.23,0.68,-1,-1,-1
1182,18,610.10,300.93,202.16,169.35,0.78,-1,-1,-1
1182,19,949.08,303.30,225.09,204.73,0.82,-1,-1,-1
1183,1,561.28,102.87,98.04,65.99,0.51,-1,-1,-1
1183,2,935.19,82.87,74.90,62.03,0.60,-1,-1,-1
1183,3,1287.80,359.82,231.20,181.29,0.66,-1,-1,-1
1183,18,608.28,309.40,205.46,171.01,0.84,-1,-1,-1
1183,19,950.71,297.82,221.34,202.90,0.72,-1,-1,-1
1184,1,561.37,102.77,97.93,66.31,0.54,-1,-1,-1
1184,2,935.24,83.02,75.30,61.73,0.60,-1,-1,-1
1184,3,1287.08,359.29,230.21,180.91,0.69,-1,-1,-1
1184,18,601.89,319.09,215.17,174.98,0.83,-1,-1,-1
1184,19,945.21,293.84,225.35,196.44,0.82,-1,-1,-1
1185,1,560.48,101.47,98.50,67.44,0.53,-1,-1,-1
1185,2,935.25,83.18,75.50,61.63,0.60,-1,-1,-1
1185,3,1287.48,359.96,231.69,181.28,0.70,-1,-1,-1
1185,18,594.34,331.40,217.10,176.67,0.85,-1,-1,-1
1185,19,951.49,288.84,218.35,192.60,0.79,-1,-1,-1
1186,1,560.19,102.58,98.83,66.46,0.53,-1,-1,-1
1186,2,935.03,83.32,75.55,61.44,0.59,-1,-1,-1
1186,3,1287.22,359.81,231.80,181.39,0.66,-1,-1,-1
1186,18,587.37,341.58,230.17,184.53,0.81,-1,-1,-1
1186,19,946.38,282.22,220.17,193.06,0.78,-1,-1,-1
1187,1,560.72,102.57,98.33,66.70,0.55,-1,-1,-1
1187,2,935.19,83.24,75.43,61.71,0.60,-1,-1,-1
1187,3,1286.72,359.41,230.34,180.88,0.66,-1,-1,-1
1187,18,587.14,353.87,230.18,185.48,0.84,-1,-1,-1
1187,19,949.64,277.12,212.55,189.02,0.79,-1,-1,-1
1188,1,560.47,102.61,98.79,67.23,0.55,-1,-1,-1
1188,2,935.24,83.30,75.50,61.62,0.58,-1,-1,-1
1188,3,1287.53,359.05,231.33,182.42,0.63,-1,-1,-1
1188,18,585.96,363.10,232.75,192.09,0.84,-1,-1,-1
1188,19,949.80,271.33,211.47,188.49,0.78,-1,-1,-1
1189,1,558.43,97.78,102.40,70.52,0.54,-1,-1,-1
1189,2,936.28,82.63,74.10,61.80,0.59,-1,-1,-1
1189,3,1285.96,358.77,230.68,181.56,0.64,-1,-1,-1
1189,18,581.60,380.29,235.54,190.76,0.83,-1,-1,-1
1189,19,951.21,265.16,208.77,188.71,0.66,-1,-1,-1
1190,1,559.97,100.05,99.29,68.67,0.53,-1,-1,-1
1190,2,936.30,82.60,74.02,61.80,0.58,-1,-1,-1
1190,3,1285.75,358.44,230.96,182.01,0.58,-1,-1,-1
1190,18,580.60,393.62,235.87,193.39,0.85,-1,-1,-1
1190,19,947.62,261.38,210.58,184.05,0.67,-1,-1,-1
1191,1,558.15,97.59,102.87,70.84,0.52,-1,-1,-1
1191,2,936.21,82.62,74.10,61.92,0.60,-1,-1,-1
1191,3,1286.06,358.21,230.62,182.24,0.56,-1,-1,-1
1191,18,565.36,405.28,253.36,201.49,0.83,-1,-1,-1
1191,19,951.66,258.89,206.20,178.45,0.66,-1,-1,-1
1192,1,557.43,97.38,103.64,71.16,0.57,-1,-1,-1
1192,2,935.83,82.86,74.89,61.76,0.61,-1,-1,-1
1192,3,1285.86,358.25,231.28,182.49,0.54,-1,-1,-1
1192,18,560.95,417.94,254.05,207.78,0.82,-1,-1,-1
1192,19,950.00,252.75,207.23,179.11,0.70,-1,-1,-1
1193,1,557.87,97.35,103.23,70.88,0.56,-1,-1,-1
1193,2,936.08,82.78,74.78,61.78,0.62,-1,-1,-1
1193,3,1286.41,358.85,232.35,182.52,0.55,-1,-1,-1
1193,18,555.84,433.89,261.55,213.97,0.86,-1,-1,-1
1193,19,952.12,250.31,201.90,178.31,0.69,-1,-1,-1
1194,1,558.43,97.22,102.83,71.29,0.58,-1,-1,-1
1194,2,935.77,82.92,75.25,61.70,0.63,-1,-1,-1
1194,3,1286.05,358.31,231.17,182.24,0.55,-1,-1,-1
1194,18,552.82,448.90,264.59,212.09,0.86,-1,-1,-1
1194,19,952.31,247.27,200.59,174.26,0.70,-1,-1,-1
1195,1,558.64,96.99,102.65,71.71,0.59,-1,-1,-1
1195,2,935.63,83.41,75.65,61.28,0.61,-1,-1,-1
1195,3,1285.91,358.18,231.18,182.46,0.61,-1,-1,-1
1195,18,540.46,463.87,276.41,220.70,0.88,-1,-1,-1
1195,19,954.15,243.55,195.39,171.24,0.82,-1,-1,-1
1196,1,558.54,96.69,102.59,72.05,0.55,-1,-1,-1
1196,2,936.19,83.21,75.09,61.73,0.61,-1,-1,-1
1196,3,1285.73,358.27,231.49,182.32,0.67,-1,-1,-1
1196,18,537.05,477.14,280.10,230.58,0.90,-1,-1,-1
1196,19,950.96,240.76,193.96,169.33,0.81,-1,-1,-1
1197,1,558.69,94.74,102.39,73.96,0.53,-1,-1,-1
1197,2,935.73,83.27,75.83,61.85,0.58,-1,-1,-1
1197,3,1286.18,358.10,230.87,182.69,0.64,-1,-1,-1
1197,18,530.05,494.88,290.31,236.97,0.78,-1,-1,-1
1197,19,954.40,237.68,186.61,166.54,0.75,-1,-1,-1
1198,1,558.84,95.93,102.38,72.90,0.54,-1,-1,-1
1198,2,935.75,83.10,76.14,62.13,0.57,-1,-1,-1
1198,3,1286.17,358.44,230.83,182.27,0.65,-1,-1,-1
1198,18,528.45,513.63,289.79,239.01,0.89,-1,-1,-1
1198,19,951.22,231.82,189.63,168.05,0.65,-1,-1,-1
1199,1,559.65,93.33,101.46,75.24,0.58,-1,-1,-1
1199,2,935.56,82.75,75.89,61.75,0.55,-1,-1,-1
1199,3,1286.06,358.78,231.45,182.07,0.62,-1,-1,-1
1199,18,515.33,532.56,303.59,250.89,0.89,-1,-1,-1
1199,19,951.32,227.58,185.26,164.13,0.65,-1,-1,-1
1200,1,561.25,97.26,98.34,71.87,0.58,-1,-1,-1
1200,2,935.82,82.79,75.49,61.74,0.54,-1,-1,-1
1200,3,1285.95,358.80,231.45,182.00,0.62,-1,-1,-1
1200,18,509.49,552.17,306.48,253.98,0.87,-1,-1,-1
1200,19,950.67,224.66,183.39,162.53,0.52,-1,-1,-1
1201,1,561.55,95.82,98.01,73.80,0.62,-1,-1,-1
1201,2,935.29,83.33,75.39,61.50,0.59,-1,-1,-1
1201,3,1286.82,359.47,232.37,182.99,0.68,-1,-1,-1
1201,18,496.96,575.55,320.79,266.37,0.88,-1,-1,-1
1201,19,952.59,218.31,179.84,163.88,0.67,-1,-1,-1
1202,1,561.50,96.52,98.02,73.00,0.63,-1,-1,-1
1202,2,935.48,83.67,74.95,61.07,0.57,-1,-1,-1
1202,3,1286.52,359.53,232.71,182.81,0.66,-1,-1,-1
1202,18,480.35,601.36,329.17,272.32,0.86,-1,-1,-1
1202,19,949.24,213.60,180.46,166.53,0.67,-1,-1,-1
1203,1,561.35,96.65,98.37,72.74,0.63,-1,-1,-1
1203,2,937.01,87.17,72.95,58.68,0.56,-1,-1,-1
1203,3,1285.74,358.72,231.70,182.27,0.64,-1,-1,-1
1203,18,470.41,623.67,330.68,275.55,0.89,-1,-1,-1
1203,19,947.59,213.05,178.67,159.73,0.75,-1,-1,-1
1204,1,560.28,93.78,100.72,74.69,0.62,-1,-1,-1
1204,2,936.49,84.48,74.22,60.35,0.55,-1,-1,-1
1204,3,1285.86,358.48,231.59,182.52,0.66,-1,-1,-1
1204,18,459.31,651.29,338.75,292.00,0.86,-1,-1,-1
1204,19,947.63,211.84,179.35,153.98,0.72,-1,-1,-1
1205,1,561.68,96.62,98.09,72.70,0.63,-1,-1,-1
1205,2,936.32,83.76,74.77,60.77,0.57,-1,-1,-1
1205,3,1285.80,357.64,231.60,183.39,0.65,-1,-1,-1
1205,18,434.38,679.28,352.95,295.57,0.92,-1,-1,-1
1205,19,944.42,209.47,179.65,153.85,0.71,-1,-1,-1
1206,1,561.59,97.17,98.17,72.40,0.63,-1,-1,-1
1206,2,936.59,83.27,74.54,61.51,0.57,-1,-1,-1
1206,3,1285.50,357.83,231.69,183.23,0.65,-1,-1,-1
1206,18,417.82,710.87,359.79,299.61,0.88,-1,-1,-1
1206,19,941.88,204.66,180.36,155.11,0.76,-1,-1,-1
1207,1,561.55,97.21,98.16,72.37,0.64,-1,-1,-1
1207,2,936.35,83.32,74.69,61.32,0.56,-1,-1,-1
1207,3,1285.72,357.79,231.49,183.30,0.65,-1,-1,-1
1207,18,396.64,737.18,372.49,310.74,0.81,-1,-1,-1
1207,19,944.39,203.57,175.49,153.24,0.54,-1,-1,-1
1208,1,561.34,97.21,98.28,72.28,0.64,-1,-1,-1
1208,2,937.92,84.43,73.31,62.47,0.56,-1,-1,-1
1208,3,1285.76,358.01,231.47,183.17,0.68,-1,-1,-1
1208,18,371.04,771.63,384.53,299.45,0.89,-1,-1,-1
1208,19,943.80,198.70,172.37,152.80,0.63,-1,-1,-1
1209,1,561.12,94.65,98.51,74.93,0.61,-1,-1,-1
1209,2,936.33,82.85,74.22,61.98,0.59,-1,-1,-1
1209,3,1285.44,359.29,232.02,181.79,0.66,-1,-1,-1
1209,18,342.56,806.80,398.09,266.87,0.81,-1,-1,-1
1209,19,943.93,197.77,169.43,146.33,0.62,-1,-1,-1
1210,1,561.26,94.98,98.40,74.46,0.59,-1,-1,-1
1210,2,936.08,83.04,74.32,61.88,0.58,-1,-1,-1
1210,3,1285.59,359.04,231.99,182.02,0.67,-1,-1,-1
1210,18,315.68,836.13,408.39,238.12,0.72,-1,-1,-1
1210,19,942.40,196.49,168.87,143.68,0.63,-1,-1,-1
1211,1,561.42,94.67,98.32,74.67,0.60,-1,-1,-1
1211,2,936.28,82.61,74.10,62.45,0.59,-1,-1,-1
1211,3,1285.48,358.99,232.26,182.08,0.67,-1,-1,-1
1211,18,286.69,874.93,418.45,204.38,0.78,-1,-1,-1
1211,19,939.22,193.56,171.39,142.56,0.68,-1,-1,-1
1212,1,561.27,94.91,98.47,74.39,0.58,-1,-1,-1
1212,2,936.02,82.63,74.07,62.22,0.60,-1,-1,-1
1212,3,1285.47,358.87,232.36,182.14,0.66,-1,-1,-1
1212,18,249.16,911.17,428.83,157.73,0.76,-1,-1,-1
1212,19,940.18,191.62,166.95,141.60,0.67,-1,-1,-1
1213,1,561.13,95.49,97.95,73.97,0.57,-1,-1,-1
1213,2,937.14,82.98,73.81,64.32,0.57,-1,-1,-1
1213,3,1285.66,359.75,232.16,181.45,0.61,-1,-1,-1
1213,18,253.53,953.76,401.70,124.86,0.72,-1,-1,-1
1213,19,936.16,188.22,169.33,142.13,0.75,-1,-1,-1
1214,1,561.35,96.36,97.82,72.77,0.55,-1,-1,-1
1214,2,937.11,83.20,73.59,64.66,0.60,-1,-1,-1
1214,3,1285.54,359.28,232.38,181.92,0.60,-1,-1,-1
1214,18,235.98,999.04,374.06,79.81,0.52,-1,-1,-1
1214,19,936.58,185.27,163.73,138.90,0.71,-1,-1,-1
1215,1,561.29,96.84,97.85,72.05,0.55,-1,-1,-1
1215,2,936.20,82.53,73.67,62.00,0.60,-1,-1,-1
1215,3,1287.05,359.59,232.40,182.68,0.56,-1,-1,-1
1215,19,935.93,184.29,160.25,137.90,0.71,-1,-1,-1
1216,1,560.70,97.71,98.42,71.62,0.60,-1,-1,-1
1216,2,936.17,82.90,73.91,61.26,0.60,-1,-1,-1
1216,3,1286.61,359.67,232.81,182.61,0.64,-1,-1,-1
1216,19,936.46,176.98,153.46,140.52,0.69,-1,-1,-1
1217,1,561.42,97.54,98.21,71.98,0.61,-1,-1,-1
1217,2,935.69,83.11,74.30,60.97,0.62,-1,-1,-1
1217,3,1286.06,358.84,232.06,182.27,0.68,-1,-1,-1
1217,19,934.50,176.78,151.63,135.19,0.73,-1,-1,-1
1218,1,561.31,97.55,98.14,71.89,0.59,-1,-1,-1
1218,2,935.93,82.43,74.05,61.72,0.66,-1,-1,-1
1218,3,1285.09,359.11,233.09,181.73,0.68,-1,-1,-1
1218,19,934.94,172.50,149.48,137.32,0.65,-1,-1,-1
1219,1,560.72,96.70,100.14,71.92,0.63,-1,-1,-1
1219,2,936.99,83.99,73.78,65.63,0.61,-1,-1,-1
1219,3,1286.24,360.70,233.06,180.63,0.75,-1,-1,-1
1219,19,927.19,167.67,156.32,135.86,0.68,-1,-1,-1
1220,1,560.60,98.68,100.35,69.91,0.61,-1,-1,-1
1220,2,935.74,83.15,75.29,68.00,0.58,-1,-1,-1
1220,3,1285.71,361.01,232.13,179.86,0.74,-1,-1,-1
1220,19,930.61,165.72,150.21,137.28,0.72,-1,-1,-1
1221,1,560.57,97.23,100.43,71.26,0.59,-1,-1,-1
1221,2,935.02,83.59,75.59,65.82,0.58,-1,-1,-1
1221,3,1286.04,361.04,233.20,180.34,0.75,-1,-1,-1
1221,19,924.43,165.57,154.13,132.27,0.70,-1,-1,-1
1222,1,560.64,97.93,100.67,70.70,0.61,-1,-1,-1
1222,2,935.59,82.15,75.13,63.20,0.58,-1,-1,-1
1222,3,1285.29,360.09,232.54,180.55,0.73,-1,-1,-1
1222,19,926.41,162.32,148.72,131.28,0.73,-1,-1,-1
1223,1,561.99,101.73,97.95,67.42,0.60,-1,-1,-1
1223,2,934.22,81.41,76.75,64.75,0.59,-1,-1,-1
1223,3,1286.12,359.50,233.24,181.94,0.71,-1,-1,-1
1223,19,927.33,203.83,143.91,85.10,0.51,-1,-1,-1
1224,1,561.58,101.12,98.13,67.89,0.62,-1,-1,-1
1224,2,935.31,81.19,75.06,63.96,0.60,-1,-1,-1
1224,3,1285.53,359.24,232.58,181.32,0.71,-1,-1,-1
1224,19,923.55,155.96,146.54,132.42,0.76,-1,-1,-1
1225,1,561.31,101.09,98.69,68.25,0.62,-1,-1,-1
1225,2,935.48,82.74,73.96,61.01,0.61,-1,-1,-1
1225,3,1286.47,359.78,233.33,181.16,0.69,-1,-1,-1
1225,19,921.13,154.24,143.05,130.73,0.71,-1,-1,-1
1226,1,562.05,101.71,98.13,67.50,0.61,-1,-1,-1
1226,2,935.09,82.94,74.30,59.20,0.64,-1,-1,-1
1226,3,1286.45,359.91,233.28,180.91,0.71,-1,-1,-1
1226,19,922.07,155.43,142.15,125.21,0.84,-1,-1,-1
1227,1,562.23,100.79,98.14,68.96,0.64,-1,-1,-1
1227,2,935.92,82.73,73.21,59.42,0.64,-1,-1,-1
1227,3,1286.33,359.25,233.39,181.28,0.71,-1,-1,-1
1227,19,921.49,152.31,138.71,124.70,0.82,-1,-1,-1
1228,1,560.09,99.77,101.57,69.25,0.62,-1,-1,-1
1228,2,935.67,83.03,73.52,58.61,0.63,-1,-1,-1
1228,3,1286.45,359.45,233.06,181.05,0.69,-1,-1,-1
1228,19,914.49,146.17,144.78,128.49,0.79,-1,-1,-1
1229,1,561.30,100.88,100.06,67.80,0.52,-1,-1,-1
1229,2,936.27,84.46,73.89,57.72,0.62,-1,-1,-1
1229,3,1285.76,358.01,232.13,182.16,0.69,-1,-1,-1
1229,19,913.44,151.23,143.72,121.77,0.83,-1,-1,-1
1230,1,561.30,100.08,100.09,68.71,0.50,-1,-1,-1
1230,2,936.02,84.36,73.75,55.24,0.60,-1,-1,-1
1230,3,1285.71,358.09,232.21,182.16,0.69,-1,-1,-1
1230,19,913.60,145.67,141.01,124.40,0.81,-1,-1,-1
1231,1,561.61,100.04,99.69,68.77,0.52,-1,-1,-1
1231,2,936.04,84.49,73.82,56.39,0.64,-1,-1,-1
1231,3,1285.68,358.10,232.21,182.17,0.69,-1,-1,-1
1231,19,913.83,144.54,138.33,120.59,0.83,-1,-1,-1
1232,1,561.37,100.23,99.96,68.56,0.52,-1,-1,-1
1232,2,936.23,84.38,74.12,55.07,0.62,-1,-1,-1
1232,3,1285.77,358.25,232.08,182.00,0.68,-1,-1,-1
1232,19,911.95,143.00,137.63,120.69,0.75,-1,-1,-1
1233,1,561.36,100.93,100.01,67.95,0.50,-1,-1,-1
1233,2,936.57,83.91,73.50,55.19,0.63,-1,-1,-1
1233,3,1285.79,358.24,232.07,182.00,0.69,-1,-1,-1
1233,19,912.88,143.29,132.93,119.23,0.83,-1,-1,-1
1234,1,561.06,100.49,100.36,68.18,0.51,-1,-1,-1
1234,2,936.24,83.96,73.84,54.40,0.64,-1,-1,-1
1234,3,1286.43,358.34,232.72,182.48,0.68,-1,-1,-1
1234,19,907.71,142.69,135.51,118.29,0.78,-1,-1,-1
1235,1,562.10,99.50,97.78,70.06,0.55,-1,-1,-1
1235,2,936.32,84.06,73.81,53.24,0.61,-1,-1,-1
1235,3,1286.04,358.30,233.02,182.61,0.65,-1,-1,-1
1235,19,909.13,140.16,131.96,119.02,0.82,-1,-1,-1
1236,1,562.21,99.13,97.83,70.72,0.60,-1,-1,-1
1236,2,936.32,83.80,73.69,50.38,0.53,-1,-1,-1
1236,3,1286.16,357.69,232.88,183.20,0.66,-1,-1,-1
1236,19,906.23,139.78,132.80,115.47,0.84,-1,-1,-1
1237,1,561.91,99.67,98.26,70.73,0.59,-1,-1,-1
1237,3,1285.42,357.07,231.55,183.55,0.65,-1,-1,-1
1237,19,904.41,139.64,132.72,111.64,0.84,-1,-1,-1
1238,1,562.14,98.98,97.97,71.33,0.60,-1,-1,-1
1238,3,1285.58,356.93,231.31,183.64,0.67,-1,-1,-1
1238,19,902.65,136.09,132.05,112.83,0.82,-1,-1,-1
1239,1,561.90,99.38,98.10,71.14,0.60,-1,-1,-1
1239,3,1285.42,356.85,231.55,183.58,0.66,-1,-1,-1
1239,19,903.17,135.75,128.46,110.31,0.80,-1,-1,-1
1240,1,561.37,101.80,98.45,68.52,0.57,-1,-1,-1
1240,3,1285.99,355.69,230.67,184.59,0.70,-1,-1,-1
1240,19,901.60,135.45,128.38,107.41,0.79,-1,-1,-1
1241,1,561.30,101.50,98.35,68.08,0.53,-1,-1,-1
1241,3,1286.38,356.30,232.61,185.27,0.71,-1,-1,-1
1241,19,899.42,133.56,128.86,105.58,0.73,-1,-1,-1
1242,1,561.07,101.76,98.44,67.88,0.52,-1,-1,-1
1242,3,1286.27,356.54,232.87,185.15,0.73,-1,-1,-1
1242,19,899.96,134.76,126.69,104.30,0.75,-1,-1,-1
1243,1,561.14,102.11,98.30,67.47,0.52,-1,-1,-1
1243,3,1286.42,357.12,232.41,184.47,0.73,-1,-1,-1
1243,19,899.08,129.85,125.05,107.78,0.79,-1,-1,-1
1244,1,561.43,102.04,98.08,67.49,0.53,-1,-1,-1
1244,3,1286.49,357.38,232.21,184.07,0.73,-1,-1,-1
1244,19,896.00,127.88,125.00,108.60,0.77,-1,-1,-1
1245,1,561.21,101.66,98.53,68.35,0.57,-1,-1,-1
1245,3,1286.50,357.34,232.32,184.20,0.73,-1,-1,-1
1245,19,892.37,125.16,124.70,108.70,0.70,-1,-1,-1
1246,1,561.33,101.66,98.29,68.55,0.60,-1,-1,-1
1246,3,1286.56,357.18,232.07,184.48,0.74,-1,-1,-1
1246,19,890.08,123.50,125.00,105.86,0.79,-1,-1,-1
1247,1,561.65,100.79,98.02,69.32,0.59,-1,-1,-1
1247,3,1286.28,357.09,232.43,184.81,0.74,-1,-1,-1
1247,19,888.92,126.24,124.24,100.52,0.81,-1,-1,-1
1248,1,561.80,99.01,98.02,71.41,0.60,-1,-1,-1
1248,3,1286.10,357.30,232.40,184.37,0.73,-1,-1,-1
1248,19,888.42,122.69,121.57,103.45,0.77,-1,-1,-1
1249,1,562.03,99.06,97.63,71.54,0.57,-1,-1,-1
1249,3,1286.28,357.54,232.28,183.96,0.75,-1,-1,-1
1249,19,886.98,118.08,121.34,105.41,0.82,-1,-1,-1
1250,1,560.35,99.24,100.30,70.42,0.55,-1,-1,-1
1250,3,1285.73,358.31,232.84,183.39,0.68,-1,-1,-1
1250,19,886.86,117.64,119.39,102.85,0.80,-1,-1,-1
1251,1,561.24,100.03,98.27,69.43,0.55,-1,-1,-1
1251,3,1284.61,359.11,232.95,181.50,0.69,-1,-1,-1
1251,19,885.67,115.98,119.84,103.18,0.76,-1,-1,-1
1252,1,562.82,100.56,97.16,69.34,0.57,-1,-1,-1
1252,3,1285.09,357.92,232.06,182.55,0.71,-1,-1,-1
1252,19,881.50,112.72,123.11,104.28,0.79,-1,-1,-1
1253,1,563.02,100.81,96.82,69.23,0.55,-1,-1,-1
1253,3,1285.47,358.14,231.77,182.19,0.72,-1,-1,-1
1253,19,881.47,112.37,119.58,102.31,0.81,-1,-1,-1
1254,1,562.88,101.05,97.10,69.09,0.55,-1,-1,-1
1254,3,1285.54,358.05,231.73,182.39,0.71,-1,-1,-1
1254,19,879.79,110.59,119.45,102.91,0.76,-1,-1,-1
1255,1,562.84,101.01,97.09,69.10,0.56,-1,-1,-1
1255,3,1285.57,357.98,231.81,182.48,0.71,-1,-1,-1
1255,19,879.26,111.09,117.61,101.20,0.70,-1,-1,-1
1256,1,563.53,99.19,96.39,70.57,0.56,-1,-1,-1
1256,3,1285.42,358.32,231.69,182.04,0.72,-1,-1,-1
1256,19,878.40,110.67,115.56,101.05,0.81,-1,-1,-1
1257,1,563.77,98.10,96.44,71.46,0.55,-1,-1,-1
1257,3,1285.08,358.05,231.85,182.30,0.66,-1,-1,-1
1257,19,876.86,105.54,115.51,102.83,0.78,-1,-1,-1
1258,1,563.56,99.20,96.51,70.57,0.55,-1,-1,-1
1258,3,1285.26,358.22,231.86,182.26,0.67,-1,-1,-1
1258,19,874.24,104.54,115.30,99.61,0.80,-1,-1,-1
1259,1,562.72,99.01,97.43,71.21,0.60,-1,-1,-1
1259,3,1285.32,358.05,231.79,182.59,0.67,-1,-1,-1
1259,19,874.07,103.53,114.37,99.72,0.83,-1,-1,-1
1260,1,562.49,98.46,97.71,71.55,0.62,-1,-1,-1
1260,3,1285.14,357.96,231.79,182.61,0.68,-1,-1,-1
1260,19,873.36,103.47,113.17,98.11,0.80,-1,-1,-1
1261,1,562.73,99.02,97.42,70.89,0.59,-1,-1,-1
1261,2,942.99,83.02,67.62,62.14,0.50,-1,-1,-1
1261,3,1285.30,357.57,231.68,183.08,0.66,-1,-1,-1
1261,19,873.29,101.59,112.22,99.65,0.76,-1,-1,-1
1262,1,562.34,99.45,98.03,70.56,0.60,-1,-1,-1
1262,2,946.00,82.99,64.39,62.53,0.51,-1,-1,-1
1262,3,1285.92,358.10,232.76,183.43,0.63,-1,-1,-1
1262,19,872.58,99.92,107.97,97.84,0.80,-1,-1,-1
1263,1,561.58,100.17,98.66,69.86,0.62,-1,-1,-1
1263,2,944.54,83.05,65.99,61.51,0.58,-1,-1,-1
1263,3,1285.59,358.36,233.28,183.48,0.69,-1,-1,-1
1263,19,872.13,99.51,108.18,97.15,0.85,-1,-1,-1
1264,1,561.67,99.94,98.36,69.95,0.62,-1,-1,-1
1264,2,946.12,82.50,64.36,62.78,0.56,-1,-1,-1
1264,3,1286.55,359.47,232.59,182.53,0.70,-1,-1,-1
1264,19,871.97,97.28,107.96,96.12,0.81,-1,-1,-1
1265,1,562.69,100.10,96.82,69.93,0.59,-1,-1,-1
1265,2,943.72,82.86,67.24,62.28,0.55,-1,-1,-1
1265,3,1285.42,359.32,232.21,180.95,0.69,-1,-1,-1
1265,19,871.34,95.99,107.37,95.98,0.84,-1,-1,-1
1266,1,561.34,101.77,98.43,68.37,0.59,-1,-1,-1
1266,2,945.75,82.51,65.48,62.51,0.53,-1,-1,-1
1266,3,1285.65,358.43,231.72,181.53,0.69,-1,-1,-1
1266,19,868.79,94.85,107.24,96.74,0.86,-1,-1,-1
1267,1,561.58,100.99,98.23,69.18,0.61,-1,-1,-1
1267,2,948.23,82.55,62.51,61.78,0.52,-1,-1,-1
1267,3,1285.67,358.34,231.65,181.34,0.70,-1,-1,-1
1267,19,868.96,94.59,105.01,95.77,0.83,-1,-1,-1
1268,1,560.82,100.34,98.77,69.64,0.62,-1,-1,-1
1268,2,944.94,82.85,65.59,62.02,0.55,-1,-1,-1
1268,3,1286.48,357.57,232.32,183.68,0.73,-1,-1,-1
1268,19,866.78,95.23,104.12,92.82,0.79,-1,-1,-1
1269,1,560.77,101.14,98.85,68.72,0.63,-1,-1,-1
1269,2,944.06,84.20,66.85,61.53,0.52,-1,-1,-1
1269,3,1286.40,357.41,232.70,183.95,0.72,-1,-1,-1
1269,19,863.09,92.89,105.87,94.42,0.81,-1,-1,-1
1270,1,561.21,100.16,98.67,69.68,0.62,-1,-1,-1
1270,2,946.76,84.29,63.51,60.56,0.52,-1,-1,-1
1270,3,1286.53,357.50,232.64,183.68,0.74,-1,-1,-1
1270,19,863.04,92.39,107.24,93.74,0.83,-1,-1,-1
1271,1,561.29,100.64,98.52,68.99,0.64,-1,-1,-1
1271,2,947.67,84.05,62.78,60.96,0.51,-1,-1,-1
1271,3,1285.72,357.48,231.65,182.47,0.70,-1,-1,-1
1271,19,858.44,90.13,107.08,91.42,0.72,-1,-1,-1
1272,1,561.33,100.28,98.34,69.60,0.62,-1,-1,-1
1272,2,946.24,84.44,63.91,60.03,0.57,-1,-1,-1
1272,3,1286.04,357.42,233.15,183.97,0.71,-1,-1,-1
1272,19,857.34,89.49,106.72,89.82,0.80,-1,-1,-1
1273,1,560.10,100.51,99.49,69.62,0.65,-1,-1,-1
1273,2,946.13,85.14,63.98,58.28,0.57,-1,-1,-1
1273,3,1285.92,357.22,232.69,184.23,0.71,-1,-1,-1
1273,19,857.50,88.31,104.92,90.23,0.75,-1,-1,-1
1274,1,559.91,98.48,99.72,71.37,0.67,-1,-1,-1
1274,2,946.82,84.48,63.10,59.48,0.52,-1,-1,-1
1274,3,1286.00,357.34,232.82,184.00,0.69,-1,-1,-1
1274,19,856.33,86.14,103.81,91.03,0.74,-1,-1,-1
1275,1,560.00,100.02,99.64,69.67,0.65,-1,-1,-1
1275,2,944.93,83.67,65.52,60.37,0.52,-1,-1,-1
1275,3,1286.25,357.88,232.93,182.96,0.70,-1,-1,-1
1275,19,855.45,86.61,105.34,89.54,0.68,-1,-1,-1
1276,1,560.12,101.14,99.40,68.35,0.65,-1,-1,-1
1276,2,944.55,83.86,65.91,60.24,0.56,-1,-1,-1
1276,3,1286.13,356.90,230.92,183.42,0.68,-1,-1,-1
1276,19,854.55,86.69,103.85,87.91,0.69,-1,-1,-1
1277,1,560.66,101.49,98.92,68.00,0.65,-1,-1,-1
1277,2,943.17,83.22,66.77,60.32,0.62,-1,-1,-1
1277,3,1285.86,356.51,231.31,183.83,0.67,-1,-1,-1
1277,19,854.53,85.04,101.70,87.76,0.72,-1,-1,-1
1278,1,560.23,101.73,99.37,67.87,0.63,-1,-1,-1
1278,2,941.67,84.16,68.49,59.97,0.61,-1,-1,-1
1278,3,1286.10,356.28,231.37,183.98,0.64,-1,-1,-1
1278,19,854.23,86.29,102.21,84.72,0.71,-1,-1,-1
1279,1,560.18,99.29,99.70,70.04,0.58,-1,-1,-1
1279,2,940.88,84.13,69.29,60.40,0.55,-1,-1,-1
1279,3,1285.81,356.15,231.78,183.92,0.67,-1,-1,-1
1279,19,853.40,86.02,101.76,83.96,0.73,-1,-1,-1
1280,1,560.24,98.17,99.54,71.71,0.60,-1,-1,-1
1280,2,938.99,83.09,71.69,62.11,0.57,-1,-1,-1
1280,3,1285.52,356.11,231.40,183.69,0.65,-1,-1,-1
1280,19,851.81,87.70,101.96,81.99,0.73,-1,-1,-1
1281,1,560.47,98.17,99.30,71.76,0.62,-1,-1,-1
1281,2,938.31,83.42,72.32,62.01,0.58,-1,-1,-1
1281,3,1285.32,355.99,231.54,183.99,0.65,-1,-1,-1
1281,19,851.94,93.79,100.82,74.54,0.73,-1,-1,-1
1282,1,560.11,100.21,99.67,69.66,0.65,-1,-1,-1
1282,2,938.62,84.11,72.08,61.59,0.63,-1,-1,-1
1282,3,1285.37,356.41,231.77,183.59,0.67,-1,-1,-1
1282,19,850.73,92.46,99.10,75.15,0.70,-1,-1,-1
1283,1,560.41,100.14,99.29,69.57,0.63,-1,-1,-1
1283,2,938.13,83.51,74.23,61.43,0.66,-1,-1,-1
1283,3,1285.20,356.77,232.21,183.29,0.67,-1,-1,-1
1283,19,847.25,79.85,100.59,86.40,0.71,-1,-1,-1
1284,1,560.47,99.78,99.12,69.52,0.63,-1,-1,-1
1284,2,939.70,84.34,70.89,60.78,0.62,-1,-1,-1
1284,3,1284.95,356.62,232.29,183.19,0.67,-1,-1,-1
1284,19,847.42,78.11,98.94,87.70,0.64,-1,-1,-1
1285,1,560.47,98.89,99.09,71.25,0.63,-1,-1,-1
1285,2,939.95,84.54,70.92,60.10,0.60,-1,-1,-1
1285,3,1285.16,356.64,232.08,183.04,0.66,-1,-1,-1
1285,19,846.93,78.05,99.52,85.98,0.66,-1,-1,-1
1286,1,561.16,99.87,98.34,70.11,0.63,-1,-1,-1
1286,2,940.33,83.16,71.35,60.30,0.59,-1,-1,-1
1286,3,1285.25,357.25,231.94,182.31,0.67,-1,-1,-1
1286,19,845.70,79.12,97.75,85.08,0.64,-1,-1,-1
1287,1,561.09,99.55,98.66,70.52,0.63,-1,-1,-1
1287,2,939.33,83.18,72.20,60.07,0.59,-1,-1,-1
1287,3,1285.29,357.42,231.99,182.38,0.68,-1,-1,-1
1287,19,846.04,79.13,96.05,83.35,0.64,-1,-1,-1
1288,1,561.24,98.83,98.61,71.01,0.63,-1,-1,-1
1288,2,939.57,83.57,71.80,59.71,0.60,-1,-1,-1
1288,3,1285.39,357.48,231.82,182.26,0.68,-1,-1,-1
1288,19,845.55,76.66,95.23,83.72,0.63,-1,-1,-1
1289,1,561.21,99.16,98.55,70.71,0.63,-1,-1,-1
1289,2,942.41,83.43,68.06,61.11,0.65,-1,-1,-1
1289,3,1285.45,356.93,231.88,182.82,0.67,-1,-1,-1
1289,19,844.44,73.19,95.22,83.89,0.63,-1,-1,-1
1290,1,561.41,98.64,98.37,71.37,0.64,-1,-1,-1
1290,2,942.91,84.23,67.66,60.46,0.65,-1,-1,-1
1290,3,1285.38,356.93,231.93,182.80,0.66,-1,-1,-1
1290,19,843.93,74.56,95.34,79.86,0.64,-1,-1,-1
1291,1,560.95,98.81,98.89,71.24,0.65,-1,-1,-1
1291,2,940.64,82.77,70.15,62.50,0.66,-1,-1,-1
1291,3,1285.44,357.15,231.97,182.87,0.65,-1,-1,-1
1291,19,842.82,74.29,95.73,79.50,0.61,-1,-1,-1
1292,1,561.47,98.29,98.19,71.75,0.65,-1,-1,-1
1292,2,940.17,81.54,71.19,64.38,0.60,-1,-1,-1
1292,3,1285.29,356.99,232.01,183.02,0.68,-1,-1,-1
1292,19,841.46,72.21,98.05,81.66,0.63,-1,-1,-1
1293,1,561.32,98.70,98.46,71.24,0.65,-1,-1,-1
1293,2,940.26,84.08,70.11,61.93,0.64,-1,-1,-1
1293,3,1284.85,357.10,232.36,182.77,0.66,-1,-1,-1
1293,19,840.63,72.15,98.96,80.98,0.60,-1,-1,-1
1294,1,561.32,97.77,98.46,72.02,0.65,-1,-1,-1
1294,2,937.18,85.58,73.32,61.40,0.69,-1,-1,-1
1294,3,1284.84,357.11,232.47,182.74,0.63,-1,-1,-1
1294,19,841.69,71.66,96.86,80.81,0.53,-1,-1,-1
1295,1,561.35,98.00,98.55,71.74,0.66,-1,-1,-1
1295,2,937.65,82.73,73.58,63.94,0.66,-1,-1,-1
1295,3,1284.75,357.11,232.61,182.85,0.65,-1,-1,-1
1296,1,561.13,98.07,98.74,71.80,0.67,-1,-1,-1
1296,2,939.80,84.21,71.31,61.20,0.63,-1,-1,-1
1296,3,1284.78,357.35,232.48,182.58,0.65,-1,-1,-1
1297,1,561.23,98.28,98.84,71.76,0.67,-1,-1,-1
1297,2,937.99,84.45,73.64,60.75,0.64,-1,-1,-1
1297,3,1284.89,357.96,232.67,182.10,0.63,-1,-1,-1
1298,1,560.90,97.73,99.06,72.54,0.66,-1,-1,-1
1298,2,938.01,84.53,73.69,60.28,0.61,-1,-1,-1
1298,3,1284.81,357.99,232.35,181.84,0.66,-1,-1,-1
1299,1,561.01,97.68,99.09,72.68,0.64,-1,-1,-1
1299,2,937.60,83.68,73.68,60.73,0.63,-1,-1,-1
1299,3,1284.76,357.93,232.19,181.73,0.64,-1,-1,-1
1299,19,837.28,71.52,94.79,76.82,0.58,-1,-1,-1
1300,1,561.25,97.64,98.89,72.77,0.64,-1,-1,-1
1300,2,939.08,84.21,72.38,60.41,0.61,-1,-1,-1
1300,3,1284.78,357.78,232.28,182.07,0.65,-1,-1,-1
1301,1,561.23,97.48,98.74,72.73,0.64,-1,-1,-1
1301,2,937.64,83.40,73.83,64.38,0.59,-1,-1,-1
1301,3,1284.85,357.49,232.21,182.27,0.66,-1,-1,-1
1302,1,561.23,97.57,98.81,72.59,0.64,-1,-1,-1
1302,2,935.76,83.53,75.54,64.36,0.63,-1,-1,-1
1302,3,1284.85,357.52,232.26,182.24,0.66,-1,-1,-1
1302,19,834.18,70.20,90.86,75.18,0.54,-1,-1,-1
1303,1,560.60,96.52,99.30,73.58,0.64,-1,-1,-1
1303,2,935.51,83.06,75.74,64.86,0.62,-1,-1,-1
1303,3,1285.09,357.12,231.78,182.71,0.64,-1,-1,-1
1304,1,560.42,95.68,99.41,74.47,0.65,-1,-1,-1
1304,2,934.53,83.07,76.31,64.90,0.64,-1,-1,-1
1304,3,1284.89,357.29,231.83,182.45,0.64,-1,-1,-1
1304,19,833.32,68.73,89.25,76.40,0.61,-1,-1,-1
1305,1,560.48,96.41,99.32,73.99,0.65,-1,-1,-1
1305,2,934.83,83.61,76.50,63.88,0.64,-1,-1,-1
1305,3,1285.24,357.47,231.54,182.31,0.65,-1,-1,-1
1305,19,832.62,69.45,89.82,75.49,0.63,-1,-1,-1
1306,1,560.57,97.63,99.33,72.99,0.64,-1,-1,-1
1306,2,934.38,83.53,76.97,64.17,0.63,-1,-1,-1
1306,3,1285.31,357.83,231.66,181.91,0.66,-1,-1,-1
1306,19,831.89,69.30,88.55,75.77,0.57,-1,-1,-1
1307,1,560.37,96.99,99.62,73.66,0.65,-1,-1,-1
1307,2,933.20,83.65,78.24,63.76,0.64,-1,-1,-1
1307,3,1285.23,357.96,231.77,181.90,0.67,-1,-1,-1
1307,19,831.11,69.60,89.90,75.43,0.64,-1,-1,-1
1308,1,560.29,95.36,99.91,74.93,0.65,-1,-1,-1
1308,2,935.74,83.58,75.56,63.64,0.64,-1,-1,-1
1308,3,1285.06,357.55,231.83,182.29,0.68,-1,-1,-1
1308,19,830.83,70.05,87.94,74.52,0.67,-1,-1,-1
1309,1,561.56,93.68,98.45,76.39,0.65,-1,-1,-1
1309,2,933.65,83.96,77.46,63.17,0.64,-1,-1,-1
1309,3,1284.99,357.20,232.05,182.36,0.66,-1,-1,-1
1309,19,830.63,70.03,85.96,74.07,0.68,-1,-1,-1
1310,1,561.51,93.25,98.50,76.84,0.66,-1,-1,-1
1310,2,936.77,83.33,74.53,63.93,0.66,-1,-1,-1
1310,3,1284.87,357.25,232.12,182.32,0.66,-1,-1,-1
1310,19,828.50,69.33,86.08,73.20,0.65,-1,-1,-1
1311,1,561.11,94.64,98.90,76.05,0.66,-1,-1,-1
1311,2,938.10,83.57,73.15,63.79,0.64,-1,-1,-1
1311,3,1284.80,357.26,232.57,182.56,0.68,-1,-1,-1
1311,19,826.47,69.23,84.88,73.25,0.59,-1,-1,-1
1312,1,561.65,93.91,98.46,76.53,0.65,-1,-1,-1
1312,2,937.29,83.42,73.85,64.02,0.64,-1,-1,-1
1312,3,1285.04,357.26,232.21,182.20,0.69,-1,-1,-1
1312,19,824.59,69.11,86.43,74.10,0.55,-1,-1,-1
1313,1,561.65,93.82,98.54,76.76,0.65,-1,-1,-1
1313,2,937.23,83.30,73.83,64.09,0.63,-1,-1,-1
1313,3,1285.09,357.31,232.01,182.04,0.68,-1,-1,-1
1313,19,823.67,69.71,85.78,72.91,0.51,-1,-1,-1
1314,1,562.03,94.00,97.99,76.38,0.64,-1,-1,-1
1314,2,936.90,83.53,73.67,63.82,0.65,-1,-1,-1
1314,3,1285.14,357.09,231.84,182.56,0.68,-1,-1,-1
1314,19,823.21,70.11,86.37,72.11,0.52,-1,-1,-1
1315,1,561.98,93.53,98.33,76.64,0.64,-1,-1,-1
1315,2,937.76,83.00,72.87,64.09,0.66,-1,-1,-1
1315,3,1285.71,357.02,231.05,182.50,0.71,-1,-1,-1
1315,19,821.94,69.97,87.11,70.49,0.55,-1,-1,-1
1316,1,562.40,93.20,97.91,76.74,0.65,-1,-1,-1
1316,2,938.40,82.12,72.16,64.60,0.67,-1,-1,-1
1316,3,1285.41,356.79,231.20,182.92,0.70,-1,-1,-1
1316,19,820.78,70.45,86.54,69.95,0.59,-1,-1,-1
1317,1,562.38,93.93,98.01,76.17,0.65,-1,-1,-1
1317,2,938.20,81.98,72.47,64.69,0.65,-1,-1,-1
1317,3,1285.10,356.44,231.44,183.32,0.69,-1,-1,-1
1317,19,819.67,71.19,84.47,69.21,0.54,-1,-1,-1
1318,1,562.43,94.44,97.90,75.65,0.66,-1,-1,-1
1318,2,937.78,82.24,72.83,64.62,0.66,-1,-1,-1
1318,3,1285.25,356.55,231.29,183.14,0.68,-1,-1,-1
1318,19,819.49,71.21,85.79,69.04,0.50,-1,-1,-1
1319,1,562.60,94.08,97.78,75.67,0.66,-1,-1,-1
1319,2,937.72,82.20,73.06,64.54,0.66,-1,-1,-1
1319,3,1285.03,355.86,231.68,183.57,0.64,-1,-1,-1
1319,19,818.89,71.68,83.89,68.65,0.51,-1,-1,-1
1320,1,562.31,93.59,97.88,76.20,0.70,-1,-1,-1
1320,2,937.39,82.38,73.32,64.08,0.64,-1,-1,-1
1320,3,1284.86,355.56,231.62,184.03,0.68,-1,-1,-1
1321,1,562.39,93.19,98.09,76.49,0.72,-1,-1,-1
1321,2,935.94,82.24,74.60,62.23,0.65,-1,-1,-1
1321,3,1284.11,355.72,232.50,183.80,0.67,-1,-1,-1
1322,1,561.91,92.60,98.50,77.34,0.71,-1,-1,-1
1322,2,934.92,82.84,76.65,61.96,0.64,-1,-1,-1
1322,3,1284.39,356.31,232.59,183.20,0.68,-1,-1,-1
1323,1,561.90,91.81,98.36,78.06,0.73,-1,-1,-1
1323,2,934.60,82.95,76.85,61.75,0.64,-1,-1,-1
1323,3,1284.81,356.46,232.12,183.33,0.68,-1,-1,-1
1323,19,812.22,75.72,78.75,66.53,0.54,-1,-1,-1
1324,1,562.05,91.89,98.21,77.96,0.72,-1,-1,-1
1324,2,936.96,83.51,74.02,63.43,0.64,-1,-1,-1
1324,3,1284.94,356.63,232.02,183.18,0.69,-1,-1,-1
1324,19,811.02,76.30,78.15,65.41,0.56,-1,-1,-1
1325,1,561.45,92.04,98.71,77.72,0.71,-1,-1,-1
1325,2,936.66,83.58,74.36,63.36,0.64,-1,-1,-1
1325,3,1284.82,356.53,232.05,183.41,0.68,-1,-1,-1
1325,19,809.96,75.90,77.91,65.99,0.53,-1,-1,-1
1326,1,561.49,91.59,98.76,78.16,0.72,-1,-1,-1
1326,2,936.51,83.69,74.27,63.66,0.64,-1,-1,-1
1326,3,1284.92,356.77,232.02,183.41,0.65,-1,-1,-1
1326,19,809.86,76.17,77.65,65.86,0.57,-1,-1,-1
1327,1,561.70,92.04,98.55,77.66,0.71,-1,-1,-1
1327,2,936.46,83.53,74.43,63.96,0.62,-1,-1,-1
1327,3,1284.81,357.19,232.09,182.95,0.66,-1,-1,-1
1327,19,810.00,75.76,76.19,65.76,0.56,-1,-1,-1
1328,1,561.93,93.12,98.22,76.59,0.70,-1,-1,-1
1328,2,936.20,82.85,74.44,61.61,0.62,-1,-1,-1
1328,3,1285.29,356.94,231.50,182.99,0.68,-1,-1,-1
1328,19,810.33,78.35,73.84,62.83,0.58,-1,-1,-1
1329,1,561.80,93.67,98.52,76.13,0.72,-1,-1,-1
1329,2,937.38,81.81,73.13,62.56,0.62,-1,-1,-1
1329,3,1284.86,356.19,231.91,184.02,0.64,-1,-1,-1
1329,19,805.32,79.17,74.80,61.78,0.59,-1,-1,-1
1330,1,562.31,93.94,98.14,75.98,0.72,-1,-1,-1
1330,2,936.84,83.11,73.76,61.04,0.63,-1,-1,-1
1330,3,1284.59,356.04,232.31,183.80,0.62,-1,-1,-1
1330,19,798.43,79.86,78.44,61.27,0.61,-1,-1,-1
1331,1,562.26,95.05,98.34,74.72,0.70,-1,-1,-1
1331,2,937.70,82.56,72.67,61.64,0.61,-1,-1,-1
1331,3,1284.79,354.99,231.89,185.29,0.63,-1,-1,-1
1331,19,798.17,81.34,74.58,60.50,0.57,-1,-1,-1
1332,1,562.39,94.64,98.10,75.20,0.71,-1,-1,-1
1332,2,937.12,82.77,73.53,61.71,0.61,-1,-1,-1
1332,3,1284.82,355.16,231.91,185.08,0.65,-1,-1,-1
1332,19,793.57,84.19,75.47,58.06,0.59,-1,-1,-1
1333,1,561.76,92.68,99.23,77.36,0.68,-1,-1,-1
1333,2,938.05,83.35,73.48,63.30,0.61,-1,-1,-1
1333,3,1284.81,355.76,231.37,183.90,0.66,-1,-1,-1
1333,19,788.45,86.00,70.69,56.05,0.60,-1,-1,-1
1334,1,561.85,93.60,99.03,76.44,0.67,-1,-1,-1
1334,2,938.01,82.85,73.60,63.68,0.61,-1,-1,-1
1334,3,1284.82,356.05,231.34,183.82,0.66,-1,-1,-1
1334,19,785.61,86.73,68.38,55.12,0.69,-1,-1,-1
1335,1,562.26,93.66,98.65,76.45,0.68,-1,-1,-1
1335,2,937.98,83.89,72.58,62.59,0.60,-1,-1,-1
1335,3,1284.62,355.31,231.55,184.54,0.65,-1,-1,-1
1335,19,781.84,87.66,68.58,53.85,0.66,-1,-1,-1
1336,1,561.73,96.30,98.49,73.43,0.60,-1,-1,-1
1336,2,937.79,79.56,73.51,67.27,0.59,-1,-1,-1
1336,3,1284.86,356.57,231.24,183.50,0.66,-1,-1,-1
1336,19,780.79,87.20,69.84,55.56,0.51,-1,-1,-1
1337,1,561.41,96.91,98.61,72.51,0.63,-1,-1,-1
1337,2,937.75,79.98,72.76,64.55,0.57,-1,-1,-1
1337,3,1284.35,356.82,231.53,183.47,0.70,-1,-1,-1
1337,19,778.52,87.53,69.73,54.60,0.59,-1,-1,-1
1338,1,561.68,96.89,98.26,72.36,0.66,-1,-1,-1
1338,2,937.53,80.83,73.13,64.01,0.62,-1,-1,-1
1338,3,1284.26,356.60,231.82,183.25,0.67,-1,-1,-1
1338,19,777.75,87.14,69.54,54.93,0.58,-1,-1,-1
1339,1,561.75,95.80,98.49,73.49,0.66,-1,-1,-1
1339,2,937.72,81.14,73.21,63.21,0.57,-1,-1,-1
1339,3,1284.16,356.34,231.77,183.38,0.67,-1,-1,-1
1339,19,778.35,87.83,68.51,53.44,0.55,-1,-1,-1
1340,1,562.16,95.18,98.09,74.11,0.65,-1,-1,-1
1340,2,937.04,81.66,73.14,64.91,0.60,-1,-1,-1
1340,3,1284.16,355.85,231.85,183.99,0.64,-1,-1,-1
1340,19,777.57,87.91,69.17,53.28,0.56,-1,-1,-1
1341,1,561.77,94.52,98.52,74.86,0.66,-1,-1,-1
1341,2,936.37,79.89,73.16,63.79,0.57,-1,-1,-1
1341,3,1283.94,355.78,232.10,183.89,0.66,-1,-1,-1
1341,19,776.02,89.41,70.47,52.56,0.51,-1,-1,-1
1342,1,561.94,94.05,98.37,75.20,0.67,-1,-1,-1
1342,2,936.36,80.35,72.68,63.02,0.58,-1,-1,-1
1342,3,1283.92,355.61,232.08,184.09,0.66,-1,-1,-1
1342,19,775.42,91.52,71.43,50.43,0.50,-1,-1,-1
1343,1,561.76,97.03,98.54,72.25,0.65,-1,-1,-1
1343,2,936.33,81.66,72.19,60.53,0.52,-1,-1,-1
1343,3,1283.92,355.66,232.14,183.93,0.62,-1,-1,-1
1343,19,775.10,93.41,69.41,48.56,0.51,-1,-1,-1
1344,1,561.50,95.41,98.51,73.54,0.65,-1,-1,-1
1344,2,937.04,80.93,71.68,61.22,0.55,-1,-1,-1
1344,3,1284.16,355.09,232.24,184.90,0.61,-1,-1,-1
1345,1,561.50,95.39,98.50,73.61,0.66,-1,-1,-1
1345,2,936.16,81.56,72.29,61.21,0.61,-1,-1,-1
1345,3,1284.64,354.81,231.82,184.68,0.62,-1,-1,-1
1346,1,562.15,96.66,97.80,72.26,0.64,-1,-1,-1
1346,2,936.59,80.43,72.59,62.08,0.58,-1,-1,-1
1346,3,1284.85,354.92,231.57,184.61,0.63,-1,-1,-1
1347,1,562.00,96.00,97.89,72.98,0.64,-1,-1,-1
1347,2,936.72,79.78,72.71,62.79,0.55,-1,-1,-1
1347,3,1285.07,355.40,231.35,184.14,0.59,-1,-1,-1
1348,1,561.77,93.78,98.42,75.25,0.64,-1,-1,-1
1348,2,936.94,79.84,73.04,63.49,0.53,-1,-1,-1
1348,3,1284.98,355.33,231.16,184.58,0.61,-1,-1,-1
1349,1,562.07,96.65,98.02,72.22,0.61,-1,-1,-1
1349,2,937.31,79.76,73.34,63.46,0.52,-1,-1,-1
1349,3,1284.90,355.47,231.21,184.36,0.64,-1,-1,-1
1350,1,562.43,98.22,97.82,70.71,0.59,-1,-1,-1
1350,2,938.23,81.00,72.55,65.72,0.52,-1,-1,-1
1350,3,1285.55,355.49,230.59,184.30,0.66,-1,-1,-1
1351,1,562.96,99.38,97.41,69.53,0.59,-1,-1,-1
1351,2,937.77,79.80,72.86,63.69,0.51,-1,-1,-1
1351,3,1285.95,355.55,230.22,184.33,0.65,-1,-1,-1
1352,1,562.49,96.27,97.81,73.10,0.66,-1,-1,-1
1352,2,937.74,79.14,72.93,64.86,0.53,-1,-1,-1
1352,3,1286.09,356.12,230.21,183.92,0.65,-1,-1,-1
1353,1,562.44,100.52,97.82,68.71,0.60,-1,-1,-1
1353,2,938.08,80.04,72.51,64.52,0.53,-1,-1,-1
1353,3,1286.62,357.07,231.59,183.68,0.66,-1,-1,-1
1354,1,562.87,101.14,97.54,68.01,0.56,-1,-1,-1
1354,2,937.86,80.06,72.70,64.13,0.52,-1,-1,-1
1354,3,1286.54,356.81,231.63,183.96,0.65,-1,-1,-1
1355,1,563.11,101.09,97.29,67.72,0.55,-1,-1,-1
1355,2,937.61,79.55,73.25,64.27,0.53,-1,-1,-1
1355,3,1286.69,357.32,231.38,183.46,0.66,-1,-1,-1
1356,1,562.51,100.12,97.86,69.09,0.58,-1,-1,-1
1356,2,937.68,79.22,72.42,64.18,0.53,-1,-1,-1
1356,3,1285.50,355.61,230.58,184.32,0.65,-1,-1,-1
1356,19,762.70,93.93,63.68,47.14,0.59,-1,-1,-1
1357,1,561.81,100.63,98.58,68.60,0.60,-1,-1,-1
1357,2,937.43,80.54,72.58,63.50,0.51,-1,-1,-1
1357,3,1285.34,355.80,230.72,184.22,0.64,-1,-1,-1
1358,1,561.90,100.35,98.49,69.03,0.59,-1,-1,-1
1358,2,937.57,80.40,72.37,63.52,0.51,-1,-1,-1
1358,3,1285.33,355.93,230.74,184.21,0.62,-1,-1,-1
1359,1,561.75,100.25,98.47,70.29,0.58,-1,-1,-1
1359,3,1286.98,358.05,231.34,182.81,0.67,-1,-1,-1
1359,19,754.28,102.01,57.35,39.83,0.51,-1,-1,-1
1360,1,561.44,99.66,99.02,70.73,0.58,-1,-1,-1
1360,3,1286.72,357.98,231.99,182.92,0.69,-1,-1,-1
1360,19,751.18,102.74,55.98,40.55,0.57,-1,-1,-1
1361,1,561.29,98.59,99.07,71.79,0.60,-1,-1,-1
1361,3,1286.69,357.44,231.82,183.55,0.65,-1,-1,-1
1362,1,562.06,97.88,98.54,72.02,0.55,-1,-1,-1
1362,3,1286.47,357.50,231.98,183.49,0.69,-1,-1,-1
1363,1,561.77,99.21,98.57,70.55,0.54,-1,-1,-1
1363,3,1286.80,358.23,231.86,182.37,0.73,-1,-1,-1
1364,1,561.92,98.54,98.19,71.22,0.55,-1,-1,-1
1364,3,1286.76,358.49,231.96,182.23,0.74,-1,-1,-1
1365,1,560.15,97.11,101.61,72.74,0.51,-1,-1,-1
1365,3,1286.75,358.65,231.91,182.14,0.74,-1,-1,-1
1366,1,561.85,98.64,98.19,71.11,0.52,-1,-1,-1
1366,3,1286.68,358.68,232.02,182.13,0.74,-1,-1,-1
1366,19,723.79,89.12,60.01,50.91,0.50,-1,-1,-1
1367,1,560.00,98.28,101.94,71.46,0.53,-1,-1,-1
1367,3,1286.70,358.37,232.11,182.32,0.74,-1,-1,-1
1367,19,720.09,85.65,55.74,46.36,0.65,-1,-1,-1
1368,1,561.91,97.61,98.07,71.89,0.51,-1,-1,-1
1368,2,937.16,81.48,73.57,62.88,0.50,-1,-1,-1
1368,3,1286.76,357.09,231.94,183.39,0.69,-1,-1,-1
1368,19,713.28,82.90,55.27,44.19,0.73,-1,-1,-1
1369,1,562.03,99.20,97.70,70.35,0.55,-1,-1,-1
1369,2,937.33,81.46,73.13,63.33,0.57,-1,-1,-1
1369,3,1286.28,356.62,232.92,183.57,0.68,-1,-1,-1
1369,19,705.64,75.64,57.74,43.04,0.63,-1,-1,-1
1370,1,562.16,99.70,97.51,69.62,0.54,-1,-1,-1
1370,2,937.17,81.08,73.42,63.13,0.58,-1,-1,-1
1370,3,1285.86,356.17,231.22,183.09,0.68,-1,-1,-1
1370,19,707.19,72.64,54.78,45.32,0.61,-1,-1,-1
1371,1,561.76,100.14,97.75,68.81,0.52,-1,-1,-1
1371,2,937.58,80.91,72.78,63.00,0.55,-1,-1,-1
1371,3,1285.67,356.20,231.34,183.32,0.66,-1,-1,-1
1371,19,706.64,71.15,54.25,45.50,0.59,-1,-1,-1
1372,1,561.81,100.98,97.71,68.08,0.51,-1,-1,-1
1372,2,937.63,80.75,72.97,63.00,0.55,-1,-1,-1
1372,3,1285.60,356.05,231.35,183.38,0.66,-1,-1,-1
1372,19,705.79,69.83,54.88,45.91,0.60,-1,-1,-1
1373,1,560.66,98.97,100.48,70.55,0.55,-1,-1,-1
1373,2,936.94,81.75,73.42,62.59,0.58,-1,-1,-1
1373,3,1286.25,356.86,232.76,183.61,0.66,-1,-1,-1
1373,19,706.12,68.73,54.26,44.24,0.57,-1,-1,-1
1374,1,561.02,99.39,100.32,70.15,0.56,-1,-1,-1
1374,2,936.83,81.85,73.51,62.53,0.59,-1,-1,-1
1374,3,1286.51,356.93,232.49,183.21,0.70,-1,-1,-1
1374,19,706.52,69.40,53.71,41.96,0.58,-1,-1,-1
1375,1,561.17,99.94,100.19,69.61,0.56,-1,-1,-1
1375,2,937.01,82.08,73.40,62.49,0.58,-1,-1,-1
1375,3,1286.55,356.77,232.54,183.38,0.70,-1,-1,-1
1375,19,706.04,65.24,54.73,44.62,0.62,-1,-1,-1
1376,1,562.57,100.97,97.26,68.57,0.58,-1,-1,-1
1376,2,937.07,82.08,73.34,62.49,0.58,-1,-1,-1
1376,3,1286.53,356.79,232.59,183.42,0.70,-1,-1,-1
1376,19,707.07,62.58,55.63,46.72,0.63,-1,-1,-1
1377,1,562.44,101.01,97.28,68.59,0.58,-1,-1,-1
1377,2,937.00,82.72,73.42,61.83,0.57,-1,-1,-1
1377,3,1286.61,357.12,232.81,183.45,0.71,-1,-1,-1
1377,19,707.60,62.43,56.63,46.72,0.62,-1,-1,-1
1378,1,562.06,100.03,97.85,69.62,0.60,-1,-1,-1
1378,2,936.66,82.74,73.83,62.23,0.56,-1,-1,-1
1378,3,1286.72,357.35,232.55,183.63,0.72,-1,-1,-1
1378,19,709.92,61.16,58.29,48.18,0.64,-1,-1,-1
1379,1,562.37,100.00,97.36,69.57,0.60,-1,-1,-1
1379,2,936.83,82.51,73.59,62.78,0.56,-1,-1,-1
1379,3,1286.80,357.32,232.71,183.57,0.72,-1,-1,-1
1379,19,714.27,59.49,58.46,49.20,0.64,-1,-1,-1
1380,1,562.58,101.13,96.89,68.33,0.59,-1,-1,-1
1380,2,936.73,82.60,73.56,62.63,0.54,-1,-1,-1
1380,3,1286.83,357.28,232.68,183.69,0.71,-1,-1,-1
1380,19,717.64,58.88,60.54,47.77,0.53,-1,-1,-1
1381,1,562.52,98.63,97.60,71.37,0.61,-1,-1,-1
1381,2,936.36,82.84,74.57,62.05,0.53,-1,-1,-1
1381,3,1286.74,357.96,232.51,182.88,0.69,-1,-1,-1
1381,19,718.82,56.98,61.66,44.90,0.58,-1,-1,-1
1382,1,562.44,98.19,97.56,71.73,0.62,-1,-1,-1
1382,2,936.85,83.18,73.84,61.14,0.54,-1,-1,-1
1382,3,1286.70,358.12,232.56,182.60,0.68,-1,-1,-1
1383,1,562.21,98.42,97.80,71.57,0.62,-1,-1,-1
1383,2,936.78,82.59,74.01,61.95,0.54,-1,-1,-1
1383,3,1286.69,358.10,232.61,182.58,0.68,-1,-1,-1
1383,19,725.90,55.54,65.82,46.14,0.66,-1,-1,-1
1384,1,562.40,99.01,97.76,70.96,0.62,-1,-1,-1
1384,2,937.14,82.61,73.78,61.95,0.55,-1,-1,-1
1384,3,1286.75,357.91,232.54,182.83,0.67,-1,-1,-1
1384,19,730.90,56.16,66.17,43.69,0.61,-1,-1,-1
1385,1,562.20,99.21,97.90,70.62,0.63,-1,-1,-1
1385,2,937.19,82.63,73.74,61.87,0.54,-1,-1,-1
1385,3,1286.76,357.61,232.58,183.18,0.67,-1,-1,-1
1385,19,736.10,56.24,66.69,42.48,0.52,-1,-1,-1
1386,1,562.13,98.83,98.01,70.96,0.64,-1,-1,-1
1386,2,936.97,82.42,74.20,62.70,0.55,-1,-1,-1
1386,3,1286.63,357.67,232.78,183.27,0.67,-1,-1,-1
1387,1,562.03,99.30,98.06,70.66,0.63,-1,-1,-1
1387,3,1286.53,357.67,232.88,183.16,0.67,-1,-1,-1
1388,1,562.44,99.55,97.72,70.41,0.65,-1,-1,-1
1388,2,937.11,83.59,73.22,61.29,0.62,-1,-1,-1
1388,3,1286.40,357.28,232.94,183.59,0.68,-1,-1,-1
1389,1,561.50,98.03,97.91,72.40,0.59,-1,-1,-1
1389,3,1285.93,357.45,233.32,182.94,0.64,-1,-1,-1
1390,1,561.64,97.58,97.82,72.79,0.59,-1,-1,-1
1390,2,937.82,80.79,73.84,66.49,0.52,-1,-1,-1
1390,3,1286.04,357.44,233.19,183.00,0.65,-1,-1,-1
1391,1,562.48,97.25,97.04,73.15,0.58,-1,-1,-1
1391,2,935.64,80.17,75.07,66.54,0.60,-1,-1,-1
1391,3,1286.06,357.10,233.28,183.37,0.66,-1,-1,-1
1392,1,561.87,96.66,97.81,74.03,0.62,-1,-1,-1
1392,2,937.83,82.98,71.90,64.29,0.66,-1,-1,-1
1392,3,1286.04,357.31,233.39,183.23,0.66,-1,-1,-1
1393,1,562.26,96.00,97.59,74.48,0.63,-1,-1,-1
1393,2,936.15,82.67,74.47,62.14,0.64,-1,-1,-1
1393,3,1285.32,357.62,234.46,182.86,0.61,-1,-1,-1
1394,1,562.35,95.99,97.53,74.44,0.62,-1,-1,-1
1394,2,936.96,82.63,73.49,62.22,0.63,-1,-1,-1
1394,3,1285.37,357.37,234.62,183.10,0.62,-1,-1,-1
1395,1,562.81,96.82,96.87,73.61,0.63,-1,-1,-1
1395,2,936.68,82.78,73.60,64.07,0.59,-1,-1,-1
1395,3,1285.54,357.71,234.57,182.83,0.60,-1,-1,-1
1396,1,562.64,98.00,97.02,72.48,0.62,-1,-1,-1
1396,2,936.71,82.97,73.79,63.76,0.58,-1,-1,-1
1396,3,1285.60,357.82,234.46,183.06,0.60,-1,-1,-1
1397,1,562.84,97.46,96.99,73.18,0.60,-1,-1,-1
1397,2,936.41,83.18,74.17,63.68,0.57,-1,-1,-1
1397,3,1285.65,357.64,234.40,183.19,0.61,-1,-1,-1
1398,1,562.73,96.64,97.11,74.00,0.63,-1,-1,-1
1398,2,936.14,83.51,73.97,63.10,0.61,-1,-1,-1
1398,3,1285.64,357.44,234.42,183.12,0.64,-1,-1,-1
1399,1,562.73,96.54,97.05,74.07,0.63,-1,-1,-1
1399,2,937.11,82.36,73.28,62.44,0.65,-1,-1,-1
1399,3,1285.75,357.60,234.30,182.88,0.62,-1,-1,-1
1400,1,562.79,96.08,96.97,74.37,0.61,-1,-1,-1
1400,2,936.40,82.43,74.23,62.74,0.61,-1,-1,-1
1400,3,1285.53,357.66,234.37,182.80,0.62,-1,-1,-1
1401,1,562.73,95.38,97.03,74.95,0.60,-1,-1,-1
1401,2,937.74,82.53,72.74,62.70,0.54,-1,-1,-1
1401,3,1285.53,357.93,234.33,182.27,0.62,-1,-1,-1
1402,1,562.76,95.90,96.84,74.38,0.60,-1,-1,-1
1402,2,938.97,81.07,71.33,63.83,0.54,-1,-1,-1
1402,3,1285.29,357.60,234.62,182.65,0.62,-1,-1,-1
1402,19,714.66,51.17,59.99,32.66,0.54,-1,-1,-1
1403,1,562.96,94.82,96.72,75.47,0.62,-1,-1,-1
1403,2,938.13,81.65,72.05,63.28,0.63,-1,-1,-1
1403,3,1285.20,357.59,234.57,182.69,0.62,-1,-1,-1
1404,1,563.01,95.65,96.61,74.61,0.61,-1,-1,-1
1404,3,1285.04,358.29,234.83,182.09,0.63,-1,-1,-1
1405,1,561.74,94.09,98.03,75.87,0.58,-1,-1,-1
1405,3,1285.47,358.69,234.16,181.66,0.60,-1,-1,-1
1406,1,562.47,96.55,97.45,73.47,0.61,-1,-1,-1
1406,3,1285.51,358.64,234.10,181.66,0.61,-1,-1,-1
1407,1,562.41,96.58,97.45,73.03,0.58,-1,-1,-1
1407,2,934.69,85.08,76.34,60.01,0.50,-1,-1,-1
1407,3,1285.51,358.71,234.15,181.50,0.60,-1,-1,-1
1408,1,562.04,101.22,97.44,68.26,0.62,-1,-1,-1
1408,2,937.80,82.22,71.62,63.13,0.56,-1,-1,-1
1408,3,1285.61,358.86,233.96,181.29,0.59,-1,-1,-1
1409,1,562.25,99.29,97.31,70.22,0.56,-1,-1,-1
1409,2,937.31,83.00,73.29,62.49,0.51,-1,-1,-1
1409,3,1285.11,358.41,232.82,180.86,0.60,-1,-1,-1
1410,1,562.11,96.10,97.55,73.76,0.55,-1,-1,-1
1410,2,936.75,82.40,73.37,62.83,0.52,-1,-1,-1
1410,3,1285.61,358.92,234.15,181.31,0.60,-1,-1,-1
1411,2,936.41,83.17,74.15,61.94,0.59,-1,-1,-1
1411,3,1285.94,358.80,233.96,181.71,0.61,-1,-1,-1
1412,1,562.62,99.12,97.14,70.98,0.55,-1,-1,-1
1412,2,936.10,82.71,74.42,62.16,0.56,-1,-1,-1
1412,3,1285.96,359.47,233.80,181.06,0.60,-1,-1,-1
1413,1,563.01,99.15,96.64,70.85,0.52,-1,-1,-1
1413,2,936.41,82.39,74.23,62.43,0.55,-1,-1,-1
1413,3,1286.04,359.39,233.96,181.24,0.56,-1,-1,-1
1414,1,562.93,96.58,96.65,73.38,0.52,-1,-1,-1
1414,2,936.38,82.18,74.26,62.36,0.53,-1,-1,-1
1414,3,1285.97,359.53,234.01,181.17,0.58,-1,-1,-1
1415,1,562.94,98.04,96.68,72.08,0.54,-1,-1,-1
1415,2,936.30,82.23,74.29,62.30,0.53,-1,-1,-1
1415,3,1286.02,359.13,233.91,181.55,0.60,-1,-1,-1
1416,1,563.01,97.15,96.60,72.89,0.53,-1,-1,-1
1416,2,936.35,82.20,74.35,62.51,0.52,-1,-1,-1
1416,3,1286.04,359.41,233.83,181.20,0.62,-1,-1,-1
1416,20,956.92,923.37,409.09,152.43,0.53,-1,-1,-1
1417,1,563.48,100.02,96.31,69.46,0.58,-1,-1,-1
1417,2,936.01,81.01,74.92,63.74,0.57,-1,-1,-1
1417,3,1284.56,356.75,231.98,183.35,0.57,-1,-1,-1
1418,1,563.69,101.74,95.91,67.78,0.56,-1,-1,-1
1418,2,936.77,81.77,74.38,64.47,0.59,-1,-1,-1
1419,1,563.74,100.23,96.17,69.22,0.61,-1,-1,-1
1419,2,937.07,81.37,74.33,64.68,0.57,-1,-1,-1
1419,3,1284.26,355.67,231.88,184.21,0.51,-1,-1,-1
1419,20,947.54,825.99,413.73,246.42,0.61,-1,-1,-1
1420,1,563.16,100.74,96.63,68.66,0.63,-1,-1,-1
1420,2,936.91,81.29,74.95,64.72,0.58,-1,-1,-1
1420,20,979.78,795.62,388.13,275.73,0.85,-1,-1,-1
1421,1,563.02,100.75,96.96,68.72,0.62,-1,-1,-1
1421,2,936.91,81.51,74.97,64.86,0.59,-1,-1,-1
1421,3,1284.29,356.02,231.96,183.79,0.54,-1,-1,-1
1421,20,988.50,766.92,366.39,299.56,0.86,-1,-1,-1
1422,1,563.60,101.99,96.21,67.36,0.60,-1,-1,-1
1422,2,936.98,81.42,74.70,65.73,0.57,-1,-1,-1
1422,20,994.41,740.64,353.14,308.72,0.85,-1,-1,-1
1423,1,564.05,100.53,96.04,68.92,0.60,-1,-1,-1
1423,2,936.78,81.62,74.32,65.73,0.58,-1,-1,-1
1423,20,991.62,709.46,361.83,304.26,0.83,-1,-1,-1
1424,1,562.89,99.36,97.13,70.05,0.60,-1,-1,-1
1424,2,936.66,81.60,74.48,65.65,0.58,-1,-1,-1
1424,20,991.60,685.18,350.87,296.50,0.85,-1,-1,-1
1425,1,563.40,99.55,96.67,69.79,0.61,-1,-1,-1
1425,2,936.58,81.78,74.51,65.45,0.56,-1,-1,-1
1425,3,1284.37,355.34,231.89,184.27,0.50,-1,-1,-1
1425,20,1000.46,661.67,334.92,285.43,0.78,-1,-1,-1
1426,1,563.41,99.55,96.72,69.84,0.60,-1,-1,-1
1426,2,936.66,81.64,75.05,65.70,0.55,-1,-1,-1
1426,20,1003.32,637.08,333.24,281.81,0.65,-1,-1,-1
1427,1,563.13,97.56,96.71,72.35,0.63,-1,-1,-1
1427,2,935.98,80.84,75.14,64.03,0.57,-1,-1,-1
1427,20,1000.83,615.91,326.63,273.10,0.77,-1,-1,-1
1428,1,563.40,98.28,96.35,71.59,0.61,-1,-1,-1
1428,2,936.03,81.04,75.02,63.80,0.56,-1,-1,-1
1428,20,1011.63,595.14,309.79,270.07,0.80,-1,-1,-1
1429,1,562.16,96.91,97.83,73.13,0.63,-1,-1,-1
1429,2,935.79,81.76,74.87,62.99,0.58,-1,-1,-1
1429,3,1285.69,356.35,230.57,184.11,0.52,-1,-1,-1
1429,20,1010.60,576.09,301.35,262.07,0.82,-1,-1,-1
1430,1,561.41,96.12,99.95,72.99,0.64,-1,-1,-1
1430,2,935.79,81.71,75.20,62.98,0.61,-1,-1,-1
1430,20,1007.85,559.09,300.81,255.77,0.66,-1,-1,-1
1431,1,561.93,98.48,99.61,71.16,0.64,-1,-1,-1
1431,2,935.62,81.25,74.82,62.87,0.60,-1,-1,-1
1431,20,1002.86,540.10,301.30,250.68,0.77,-1,-1,-1
1432,1,562.05,97.00,97.97,73.31,0.62,-1,-1,-1
1432,2,935.95,81.42,74.66,62.74,0.59,-1,-1,-1
1432,3,1285.91,358.26,230.32,182.21,0.50,-1,-1,-1
1432,20,1005.03,525.64,292.96,244.87,0.78,-1,-1,-1
1433,1,561.84,93.05,98.29,77.40,0.64,-1,-1,-1
1433,2,936.01,81.48,74.42,62.69,0.58,-1,-1,-1
1433,20,1003.50,509.62,292.45,238.16,0.77,-1,-1,-1
1434,1,563.02,92.29,97.12,78.03,0.64,-1,-1,-1
1434,2,937.35,82.75,73.76,64.15,0.58,-1,-1,-1
1434,3,1286.02,358.25,230.14,182.63,0.51,-1,-1,-1
1434,20,1003.70,492.21,280.57,236.27,0.72,-1,-1,-1
1435,1,562.27,93.28,97.94,76.56,0.63,-1,-1,-1
1435,2,937.56,82.35,73.64,64.57,0.58,-1,-1,-1
1435,20,1000.99,478.56,279.65,228.13,0.77,-1,-1,-1
1436,1,562.40,94.83,97.56,75.02,0.62,-1,-1,-1
1436,2,935.51,81.06,75.37,63.40,0.59,-1,-1,-1
1436,20,997.66,464.29,270.76,223.85,0.77,-1,-1,-1
1437,1,561.50,94.80,98.45,75.24,0.63,-1,-1,-1
1437,2,935.65,81.36,75.61,62.76,0.58,-1,-1,-1
1437,3,1287.03,357.80,231.19,184.29,0.52,-1,-1,-1
1437,20,998.83,450.64,265.64,220.92,0.80,-1,-1,-1
1438,1,561.11,95.80,98.79,74.50,0.62,-1,-1,-1
1438,2,935.48,81.31,75.45,63.23,0.59,-1,-1,-1
1438,20,993.81,438.18,264.04,215.02,0.72,-1,-1,-1
1439,1,560.92,95.71,99.08,74.32,0.64,-1,-1,-1
1439,2,935.55,81.00,75.22,63.36,0.60,-1,-1,-1
1439,20,988.33,427.30,260.48,210.17,0.71,-1,-1,-1
1440,1,560.78,97.24,99.03,72.89,0.62,-1,-1,-1
1440,2,935.64,81.09,75.07,63.15,0.62,-1,-1,-1
1440,3,1286.18,359.15,232.17,183.31,0.51,-1,-1,-1
1440,20,988.08,413.71,253.89,210.20,0.71,-1,-1,-1
1441,1,561.80,98.85,98.16,71.39,0.59,-1,-1,-1
1441,2,935.82,80.33,74.69,64.83,0.62,-1,-1,-1
1441,3,1285.61,358.99,232.56,183.21,0.57,-1,-1,-1
1441,20,989.59,401.86,246.81,204.51,0.69,-1,-1,-1
1442,1,562.18,97.93,99.66,72.34,0.58,-1,-1,-1
1442,2,936.30,80.35,75.16,64.60,0.61,-1,-1,-1
1442,3,1285.14,358.13,233.27,184.10,0.54,-1,-1,-1
1442,20,981.35,390.83,249.83,200.95,0.67,-1,-1,-1
1443,1,561.80,98.61,100.60,71.37,0.57,-1,-1,-1
1443,2,936.26,80.36,75.28,64.61,0.60,-1,-1,-1
1443,3,1284.86,357.93,233.58,184.14,0.53,-1,-1,-1
1443,20,980.54,382.39,240.17,194.33,0.71,-1,-1,-1
1444,1,561.99,98.00,100.31,71.79,0.57,-1,-1,-1
1444,2,935.82,80.09,75.44,64.87,0.60,-1,-1,-1
1444,20,978.05,370.68,236.13,193.64,0.56,-1,-1,-1
1445,1,561.93,99.46,99.63,70.16,0.53,-1,-1,-1
1445,2,935.70,79.79,74.92,65.10,0.60,-1,-1,-1
1445,20,974.07,360.82,234.42,189.92,0.51,-1,-1,-1
1446,1,561.89,98.87,98.46,70.80,0.56,-1,-1,-1
1446,2,935.51,79.49,75.15,65.58,0.62,-1,-1,-1
1446,3,1285.65,357.62,232.81,184.18,0.56,-1,-1,-1
1446,20,973.51,349.48,230.81,187.91,0.64,-1,-1,-1
1447,1,564.35,98.87,95.48,70.66,0.53,-1,-1,-1
1447,2,936.55,79.89,74.65,64.62,0.63,-1,-1,-1
1447,3,1284.35,356.20,231.70,183.78,0.56,-1,-1,-1
1447,20,967.81,341.56,229.14,186.62,0.67,-1,-1,-1
1448,1,562.13,96.39,99.65,74.04,0.53,-1,-1,-1
1448,2,936.53,79.77,74.71,65.12,0.63,-1,-1,-1
1448,3,1285.85,357.08,232.46,184.03,0.57,-1,-1,-1
1448,20,965.01,334.05,226.95,182.12,0.79,-1,-1,-1
1449,1,562.43,99.40,99.20,71.10,0.54,-1,-1,-1
1449,2,936.37,79.76,74.54,64.56,0.64,-1,-1,-1
1449,3,1285.87,357.09,232.32,184.20,0.62,-1,-1,-1
1449,20,964.40,324.89,222.52,178.61,0.65,-1,-1,-1
1450,1,562.32,98.14,99.10,72.23,0.55,-1,-1,-1
1450,2,936.40,79.92,74.48,64.41,0.63,-1,-1,-1
1450,3,1285.73,357.95,232.47,183.33,0.56,-1,-1,-1
1450,20,966.62,316.00,215.33,177.54,0.80,-1,-1,-1
1451,1,562.06,97.94,98.75,72.23,0.52,-1,-1,-1
1451,2,936.55,79.91,73.86,64.24,0.62,-1,-1,-1
1451,3,1285.06,357.13,230.98,182.82,0.59,-1,-1,-1
1451,20,964.98,310.50,211.84,172.11,0.74,-1,-1,-1
1452,1,561.82,97.82,99.17,72.39,0.52,-1,-1,-1
1452,2,936.61,79.76,73.84,64.58,0.62,-1,-1,-1
1452,3,1284.84,356.98,231.29,182.89,0.61,-1,-1,-1
1452,20,960.77,303.66,208.95,170.24,0.64,-1,-1,-1
1453,1,561.72,99.60,98.98,70.66,0.51,-1,-1,-1
1453,2,936.75,79.76,73.90,64.59,0.63,-1,-1,-1
1453,3,1285.21,357.39,230.99,182.58,0.63,-1,-1,-1
1453,20,955.58,296.62,209.40,168.14,0.82,-1,-1,-1
1454,1,561.66,97.42,99.28,73.05,0.53,-1,-1,-1
1454,2,936.88,79.89,73.78,64.31,0.62,-1,-1,-1
1454,3,1285.25,357.41,230.89,182.38,0.62,-1,-1,-1
1454,20,951.61,290.98,207.34,163.79,0.59,-1,-1,-1
1455,1,561.40,96.58,99.81,73.96,0.52,-1,-1,-1
1455,2,936.91,79.81,73.70,64.16,0.61,-1,-1,-1
1455,3,1285.93,357.17,230.35,182.39,0.60,-1,-1,-1
1455,20,955.26,286.06,200.70,159.81,0.54,-1,-1,-1
1456,1,561.85,96.90,99.57,73.73,0.51,-1,-1,-1
1456,2,936.60,79.72,74.11,64.41,0.61,-1,-1,-1
1456,3,1286.09,357.22,230.11,182.46,0.58,-1,-1,-1
1456,20,952.30,279.73,199.23,159.39,0.58,-1,-1,-1
1457,2,936.04,80.15,75.75,64.19,0.65,-1,-1,-1
1457,20,949.76,275.47,193.16,155.19,0.59,-1,-1,-1
1458,2,936.18,80.11,75.69,64.28,0.66,-1,-1,-1
1458,3,1286.79,357.27,231.95,183.93,0.52,-1,-1,-1
1459,2,936.41,80.16,75.37,64.18,0.65,-1,-1,-1
1459,3,1286.86,357.37,231.94,183.96,0.51,-1,-1,-1
1459,20,943.68,263.06,189.02,154.84,0.70,-1,-1,-1
1460,2,936.18,80.02,75.41,64.26,0.64,-1,-1,-1
1460,3,1286.94,357.71,231.94,183.81,0.52,-1,-1,-1
1460,20,943.88,259.94,184.34,150.33,0.55,-1,-1,-1
1461,2,936.28,80.14,75.37,64.13,0.64,-1,-1,-1
1461,3,1286.85,357.82,232.11,183.54,0.55,-1,-1,-1
1462,1,563.98,100.96,95.40,69.31,0.52,-1,-1,-1
1462,2,936.15,80.05,75.99,63.96,0.66,-1,-1,-1
1462,3,1286.75,358.21,232.10,183.17,0.55,-1,-1,-1
1462,20,939.51,250.27,180.85,145.92,0.62,-1,-1,-1
1462,21,650.06,101.61,47.99,39.77,0.50,-1,-1,-1
1463,1,564.06,100.67,95.34,69.40,0.51,-1,-1,-1
1463,2,936.13,79.91,75.59,64.02,0.66,-1,-1,-1
1463,3,1286.79,358.29,232.09,183.12,0.53,-1,-1,-1
1463,20,936.03,244.43,180.00,144.30,0.72,-1,-1,-1
1463,21,649.84,101.26,48.69,39.80,0.53,-1,-1,-1
1464,1,561.49,98.25,99.39,72.06,0.51,-1,-1,-1
1464,2,936.21,79.81,75.57,64.13,0.67,-1,-1,-1
1464,3,1287.17,358.67,231.69,182.73,0.56,-1,-1,-1
1464,20,933.70,239.67,178.91,142.89,0.74,-1,-1,-1
1464,21,649.82,102.24,49.31,38.94,0.54,-1,-1,-1
1465,1,562.59,99.21,96.99,70.60,0.53,-1,-1,-1
1465,2,935.70,79.81,75.82,64.15,0.64,-1,-1,-1
1465,3,1287.21,359.06,231.51,182.44,0.52,-1,-1,-1
1465,20,935.62,237.74,172.57,141.42,0.83,-1,-1,-1
1465,21,650.37,101.14,49.30,39.38,0.53,-1,-1,-1
1466,1,562.09,99.73,97.53,70.04,0.52,-1,-1,-1
1466,2,935.66,79.90,75.83,64.10,0.63,-1,-1,-1
1466,20,934.81,232.70,171.17,138.89,0.82,-1,-1,-1
1466,21,651.27,101.01,47.56,40.19,0.50,-1,-1,-1
1467,1,561.29,99.30,98.37,70.85,0.54,-1,-1,-1
1467,2,935.72,80.98,75.45,63.24,0.62,-1,-1,-1
1467,3,1287.36,358.74,231.30,182.76,0.53,-1,-1,-1
1467,20,932.87,227.94,169.54,138.35,0.78,-1,-1,-1
1467,21,651.68,101.88,46.08,39.34,0.51,-1,-1,-1
1468,1,561.32,99.56,98.48,70.63,0.55,-1,-1,-1
1468,2,935.82,80.42,75.48,63.56,0.62,-1,-1,-1
1468,20,927.67,226.43,169.64,134.18,0.75,-1,-1,-1
1469,1,561.25,98.19,98.53,71.73,0.55,-1,-1,-1
1469,2,935.88,80.37,75.49,63.68,0.62,-1,-1,-1
1469,20,923.51,221.64,170.45,134.25,0.58,-1,-1,-1
1470,1,561.99,98.69,97.82,71.12,0.56,-1,-1,-1
1470,2,936.06,79.71,75.45,64.15,0.64,-1,-1,-1
1470,3,1286.32,358.22,232.34,183.20,0.55,-1,-1,-1
1470,20,926.19,217.69,161.62,129.82,0.71,-1,-1,-1
1471,1,558.60,97.56,102.66,72.91,0.54,-1,-1,-1
1471,2,936.31,79.25,75.63,64.64,0.62,-1,-1,-1
1471,3,1286.33,357.65,232.35,183.74,0.51,-1,-1,-1
1471,20,923.37,215.37,156.93,127.10,0.80,-1,-1,-1
1472,1,562.24,99.19,97.44,70.58,0.51,-1,-1,-1
1472,2,936.23,79.23,75.61,64.51,0.61,-1,-1,-1
1472,3,1286.28,357.92,232.46,183.46,0.53,-1,-1,-1
1472,20,923.90,212.37,155.13,123.92,0.75,-1,-1,-1
1473,1,562.15,98.93,97.50,70.85,0.54,-1,-1,-1
1473,2,936.19,79.23,75.21,64.33,0.61,-1,-1,-1
1473,3,1286.47,357.92,232.30,183.54,0.51,-1,-1,-1
1473,20,921.57,207.01,155.50,126.92,0.77,-1,-1,-1
1473,21,651.37,103.50,49.04,37.31,0.57,-1,-1,-1
1474,1,562.12,99.53,97.48,70.46,0.53,-1,-1,-1
1474,2,935.72,79.78,75.12,64.23,0.60,-1,-1,-1
1474,3,1286.42,357.62,232.33,183.87,0.52,-1,-1,-1
1474,20,918.14,205.43,157.35,122.96,0.84,-1,-1,-1
1474,21,651.35,103.89,51.01,36.94,0.61,-1,-1,-1
1475,2,935.77,79.69,75.06,64.18,0.60,-1,-1,-1
1475,3,1286.47,358.15,232.34,183.29,0.51,-1,-1,-1
1475,20,917.18,200.37,152.66,120.53,0.64,-1,-1,-1
1475,21,651.32,103.87,50.41,37.00,0.55,-1,-1,-1
1476,1,563.00,98.20,96.58,71.68,0.52,-1,-1,-1
1476,2,936.21,79.55,74.91,64.08,0.60,-1,-1,-1
1476,3,1286.71,358.51,232.06,182.96,0.52,-1,-1,-1
1476,20,914.76,195.06,150.31,120.83,0.70,-1,-1,-1
1476,21,650.82,101.83,49.83,38.93,0.53,-1,-1,-1
1477,1,562.00,98.16,97.64,71.54,0.50,-1,-1,-1
1477,2,935.88,80.50,76.17,67.11,0.59,-1,-1,-1
1477,20,911.97,193.14,150.60,118.39,0.74,-1,-1,-1
1477,21,651.22,103.37,48.79,37.28,0.54,-1,-1,-1
1478,1,562.00,97.89,97.53,71.70,0.50,-1,-1,-1
1478,2,935.46,79.93,75.22,63.95,0.58,-1,-1,-1
1478,20,911.71,191.56,149.27,116.28,0.75,-1,-1,-1
1478,21,651.13,103.93,50.28,36.81,0.57,-1,-1,-1
1479,1,561.89,98.28,97.61,71.48,0.52,-1,-1,-1
1479,2,935.94,80.21,76.06,66.43,0.62,-1,-1,-1
1479,3,1286.69,359.13,231.97,182.42,0.50,-1,-1,-1
1479,20,912.81,188.83,142.97,115.14,0.86,-1,-1,-1
1479,21,651.76,104.60,50.78,36.15,0.61,-1,-1,-1
1480,1,562.18,98.17,97.31,71.74,0.52,-1,-1,-1
1480,2,936.80,79.75,75.24,66.80,0.62,-1,-1,-1
1480,20,912.09,183.97,143.12,114.23,0.83,-1,-1,-1
1480,21,651.65,102.80,52.97,38.57,0.62,-1,-1,-1
1481,1,557.87,93.34,102.65,76.75,0.53,-1,-1,-1
1481,2,936.72,78.79,74.84,67.72,0.60,-1,-1,-1
1481,20,910.07,179.98,142.01,111.39,0.79,-1,-1,-1
1481,21,652.07,104.70,53.66,36.90,0.60,-1,-1,-1
1482,1,557.84,92.47,103.63,77.49,0.51,-1,-1,-1
1482,2,935.66,78.76,75.67,66.96,0.62,-1,-1,-1
1482,20,908.76,174.28,137.82,113.77,0.72,-1,-1,-1
1482,21,653.54,104.69,53.39,37.05,0.52,-1,-1,-1
1483,1,561.16,95.64,99.01,73.88,0.51,-1,-1,-1
1483,2,935.91,78.56,74.56,65.12,0.59,-1,-1,-1
1483,20,906.05,169.27,139.22,115.71,0.72,-1,-1,-1
1484,1,557.70,92.23,104.22,77.72,0.52,-1,-1,-1
1484,2,935.95,79.12,75.27,65.13,0.57,-1,-1,-1
1484,20,897.52,169.64,145.90,110.86,0.78,-1,-1,-1
1485,1,561.35,97.31,99.09,71.93,0.51,-1,-1,-1
1485,2,935.85,78.71,74.72,65.47,0.56,-1,-1,-1
1485,20,900.58,167.01,139.47,108.57,0.75,-1,-1,-1
1486,1,561.01,97.07,99.72,71.95,0.50,-1,-1,-1
1486,2,935.18,78.77,75.27,65.48,0.60,-1,-1,-1
1486,20,894.99,163.38,138.85,110.71,0.71,-1,-1,-1
1487,2,935.65,79.68,75.17,64.23,0.59,-1,-1,-1
1487,20,899.35,162.41,131.70,107.91,0.79,-1,-1,-1
1488,2,935.64,79.70,75.13,63.22,0.60,-1,-1,-1
1488,20,897.78,159.18,133.91,105.68,0.83,-1,-1,-1
1489,2,935.12,80.33,75.31,63.18,0.62,-1,-1,-1
1489,3,1286.51,356.68,229.19,183.55,0.51,-1,-1,-1
1489,20,896.55,158.60,131.11,104.54,0.85,-1,-1,-1
1490,1,561.87,100.64,97.72,69.52,0.51,-1,-1,-1
1490,2,935.41,80.43,75.16,62.07,0.65,-1,-1,-1
1490,3,1286.63,356.67,229.03,183.46,0.53,-1,-1,-1
1490,20,894.60,156.28,132.71,105.14,0.80,-1,-1,-1
1490,21,650.25,94.37,68.46,47.21,0.53,-1,-1,-1
1491,1,561.80,100.56,97.75,69.70,0.51,-1,-1,-1
1491,2,935.61,80.38,74.82,62.38,0.65,-1,-1,-1
1491,3,1286.50,356.55,229.12,183.59,0.55,-1,-1,-1
1491,20,893.74,154.88,128.50,104.27,0.77,-1,-1,-1
1491,21,650.34,94.12,68.77,47.53,0.53,-1,-1,-1
1492,2,935.85,80.15,74.49,61.65,0.67,-1,-1,-1
1492,3,1286.42,356.65,229.34,183.53,0.53,-1,-1,-1
1492,20,890.18,151.12,130.40,101.69,0.83,-1,-1,-1
1492,21,651.42,95.32,68.16,47.13,0.51,-1,-1,-1
1493,2,935.41,80.38,75.23,60.70,0.64,-1,-1,-1
1493,3,1286.38,356.57,229.40,183.54,0.55,-1,-1,-1
1493,20,888.91,147.21,130.30,102.45,0.74,-1,-1,-1
1493,21,652.20,93.80,68.20,48.96,0.50,-1,-1,-1
1494,2,936.48,80.26,73.86,60.16,0.64,-1,-1,-1
1494,3,1286.65,356.55,229.14,183.62,0.57,-1,-1,-1
1494,20,888.87,143.95,127.15,101.22,0.74,-1,-1,-1
1494,21,652.38,90.60,68.06,52.24,0.52,-1,-1,-1
1495,2,936.59,79.85,73.64,60.26,0.61,-1,-1,-1
1495,3,1286.48,356.60,229.43,183.54,0.53,-1,-1,-1
1495,20,888.69,144.52,123.46,95.87,0.78,-1,-1,-1
1495,21,652.37,92.68,68.44,49.85,0.54,-1,-1,-1
1496,2,936.56,80.22,73.28,59.06,0.56,-1,-1,-1
1496,3,1286.57,356.46,229.40,183.65,0.54,-1,-1,-1
1496,20,887.93,142.16,121.16,97.06,0.81,-1,-1,-1
1496,21,652.32,94.59,68.44,47.58,0.56,-1,-1,-1
1497,1,555.54,95.10,106.08,73.81,0.51,-1,-1,-1
1497,2,936.73,80.21,73.42,59.32,0.52,-1,-1,-1
1497,3,1286.63,356.51,229.27,183.63,0.56,-1,-1,-1
1497,20,884.99,141.57,119.65,95.43,0.84,-1,-1,-1
1497,21,652.70,93.81,68.83,48.93,0.61,-1,-1,-1
1498,1,560.85,98.65,98.67,71.30,0.51,-1,-1,-1
1498,2,937.20,80.19,73.52,60.06,0.53,-1,-1,-1
1498,3,1286.53,356.01,229.47,184.15,0.56,-1,-1,-1
1498,20,884.23,139.02,118.00,96.11,0.81,-1,-1,-1
1498,21,653.17,92.34,68.68,50.20,0.60,-1,-1,-1
1499,1,554.83,87.78,106.44,81.09,0.52,-1,-1,-1
1499,2,937.52,79.96,72.77,59.99,0.53,-1,-1,-1
1499,3,1286.19,355.61,229.99,184.28,0.56,-1,-1,-1
1499,20,879.62,138.32,118.49,92.56,0.78,-1,-1,-1
1499,21,653.69,91.20,69.68,51.08,0.60,-1,-1,-1
1500,1,555.13,87.27,105.97,81.60,0.51,-1,-1,-1
1500,2,939.03,79.63,71.65,60.10,0.58,-1,-1,-1
1500,3,1285.95,355.87,230.38,184.03,0.52,-1,-1,-1
1500,20,878.23,133.58,119.12,93.92,0.84,-1,-1,-1
1500,21,654.22,92.01,70.51,50.32,0.58,-1,-1,-1
1501,1,555.43,85.75,105.82,82.77,0.51,-1,-1,-1
1501,2,939.21,80.12,71.02,60.56,0.57,-1,-1,-1
1501,3,1285.70,356.10,230.27,183.92,0.59,-1,-1,-1
1501,20,875.80,131.91,119.75,93.90,0.82,-1,-1,-1
1501,21,655.92,94.09,69.27,48.24,0.55,-1,-1,-1
1502,1,557.76,89.70,103.29,78.74,0.51,-1,-1,-1
1502,2,939.80,79.90,71.26,61.66,0.63,-1,-1,-1
1502,3,1285.66,356.02,230.33,183.99,0.60,-1,-1,-1
1502,20,876.00,130.96,116.80,91.06,0.82,-1,-1,-1
1502,21,657.09,95.71,66.91,47.06,0.56,-1,-1,-1
1503,1,555.38,84.37,105.70,84.03,0.50,-1,-1,-1
1503,2,939.27,80.32,71.42,61.72,0.61,-1,-1,-1
1503,3,1285.80,355.72,230.54,184.40,0.58,-1,-1,-1
1503,20,872.93,129.40,113.97,87.60,0.80,-1,-1,-1
1503,21,658.87,93.50,65.84,49.28,0.53,-1,-1,-1
1504,2,939.32,80.36,70.77,62.91,0.60,-1,-1,-1
1504,3,1285.70,355.73,230.63,184.18,0.59,-1,-1,-1
1504,20,873.75,128.55,112.38,87.23,0.78,-1,-1,-1
1504,21,659.89,89.97,67.20,52.92,0.51,-1,-1,-1
1505,1,555.56,84.75,105.70,83.99,0.51,-1,-1,-1
1505,2,938.61,80.75,71.28,63.68,0.59,-1,-1,-1
1505,3,1285.47,355.85,230.85,183.90,0.58,-1,-1,-1
1505,20,873.42,124.18,111.19,89.65,0.79,-1,-1,-1
1505,21,658.81,89.71,69.57,52.97,0.53,-1,-1,-1
1506,1,554.93,83.82,106.58,84.90,0.51,-1,-1,-1
1506,2,939.47,80.71,70.37,64.42,0.58,-1,-1,-1
1506,3,1285.24,355.73,230.93,184.20,0.58,-1,-1,-1
1506,20,875.37,122.07,108.95,89.30,0.79,-1,-1,-1
1506,21,659.34,89.73,68.66,53.17,0.51,-1,-1,-1
1507,1,553.30,80.25,108.26,88.33,0.53,-1,-1,-1
1507,2,940.29,80.41,68.68,63.19,0.59,-1,-1,-1
1507,3,1285.04,353.97,231.16,185.62,0.55,-1,-1,-1
1507,20,870.95,118.43,108.27,89.94,0.78,-1,-1,-1
1508,1,553.87,83.03,107.87,85.33,0.55,-1,-1,-1
1508,2,939.46,79.89,69.31,65.68,0.66,-1,-1,-1
1508,20,867.58,114.92,111.22,90.68,0.88,-1,-1,-1
1509,1,553.98,83.70,108.62,84.65,0.57,-1,-1,-1
1509,2,939.72,80.39,69.04,64.18,0.65,-1,-1,-1
1509,20,866.30,114.27,109.49,87.71,0.87,-1,-1,-1
1510,1,554.55,83.22,108.63,85.64,0.57,-1,-1,-1
1510,2,941.46,80.44,67.51,64.31,0.60,-1,-1,-1
1510,20,869.06,111.58,104.63,89.52,0.84,-1,-1,-1
1511,1,554.56,82.17,109.42,86.80,0.58,-1,-1,-1
1511,2,942.32,80.23,66.26,64.00,0.64,-1,-1,-1
1511,20,867.74,113.80,105.90,84.37,0.83,-1,-1,-1
1512,1,554.60,81.54,109.97,87.53,0.59,-1,-1,-1
1512,2,942.52,80.45,66.18,63.47,0.61,-1,-1,-1
1512,20,865.98,110.18,106.67,84.09,0.80,-1,-1,-1
1513,1,555.77,82.90,107.46,85.98,0.56,-1,-1,-1
1513,2,940.04,81.48,68.82,61.81,0.64,-1,-1,-1
1513,20,866.08,107.30,103.31,84.17,0.78,-1,-1,-1
1513,21,667.53,93.25,65.88,48.70,0.51,-1,-1,-1
1514,1,555.49,83.06,107.72,85.99,0.57,-1,-1,-1
1514,2,940.28,81.62,68.40,60.88,0.67,-1,-1,-1
1514,3,1285.84,354.71,230.78,184.75,0.51,-1,-1,-1
1514,20,864.58,106.57,102.54,83.41,0.80,-1,-1,-1
1514,21,667.90,91.77,66.98,50.77,0.52,-1,-1,-1
1515,1,556.18,84.50,107.42,84.61,0.57,-1,-1,-1
1515,2,940.03,81.93,68.57,60.94,0.68,-1,-1,-1
1515,3,1285.69,355.03,231.02,184.56,0.51,-1,-1,-1
1515,20,862.38,102.14,104.96,87.11,0.80,-1,-1,-1
1515,21,667.83,90.54,67.05,51.80,0.54,-1,-1,-1
1516,1,556.31,82.89,107.90,86.36,0.58,-1,-1,-1
1516,2,939.38,81.70,69.63,61.63,0.67,-1,-1,-1
1516,3,1285.83,355.21,230.44,184.41,0.51,-1,-1,-1
1516,20,858.56,100.72,105.77,85.24,0.82,-1,-1,-1
1516,21,669.00,86.85,66.53,55.24,0.57,-1,-1,-1
1517,1,556.58,83.45,106.78,85.66,0.57,-1,-1,-1
1517,2,938.72,80.75,70.18,62.81,0.65,-1,-1,-1
1517,3,1285.91,355.13,230.58,184.55,0.51,-1,-1,-1
1517,20,857.93,100.79,102.24,84.42,0.80,-1,-1,-1
1517,21,670.12,86.02,65.01,55.88,0.56,-1,-1,-1
1518,1,556.37,82.07,107.26,86.95,0.56,-1,-1,-1
1518,2,939.36,80.58,69.99,63.60,0.68,-1,-1,-1
1518,3,1285.99,355.15,230.54,184.57,0.51,-1,-1,-1
1518,20,856.44,97.45,101.07,83.48,0.81,-1,-1,-1
1518,21,669.51,85.07,67.28,56.92,0.53,-1,-1,-1
1519,1,556.35,81.84,106.90,87.36,0.58,-1,-1,-1
1519,2,938.89,80.49,70.61,63.21,0.68,-1,-1,-1
1519,3,1286.42,355.37,229.86,184.32,0.51,-1,-1,-1
1519,20,856.69,96.15,100.29,82.02,0.81,-1,-1,-1
1519,21,667.87,81.55,69.49,60.67,0.53,-1,-1,-1
1520,1,561.37,90.29,99.45,79.68,0.58,-1,-1,-1
1520,2,938.75,80.65,71.02,63.07,0.69,-1,-1,-1
1520,3,1286.35,356.25,230.00,183.18,0.61,-1,-1,-1
1520,20,854.36,96.82,101.88,80.15,0.81,-1,-1,-1
1520,21,666.89,81.06,69.91,60.71,0.51,-1,-1,-1
1521,1,560.83,92.97,99.88,77.15,0.57,-1,-1,-1
1521,2,935.93,80.38,73.57,64.69,0.70,-1,-1,-1
1521,3,1286.02,356.27,230.50,183.40,0.57,-1,-1,-1
1521,20,853.07,96.00,102.78,80.27,0.83,-1,-1,-1
1522,1,560.14,92.90,100.69,77.61,0.60,-1,-1,-1
1522,2,936.22,80.34,73.23,64.83,0.67,-1,-1,-1
1522,3,1286.10,356.46,230.39,183.18,0.57,-1,-1,-1
1522,20,852.79,95.73,103.19,78.56,0.82,-1,-1,-1
1523,1,560.44,94.02,100.35,76.49,0.59,-1,-1,-1
1523,2,936.55,80.32,73.29,63.95,0.66,-1,-1,-1
1523,3,1286.24,356.32,229.95,183.05,0.58,-1,-1,-1
1523,20,851.47,94.35,103.54,77.25,0.78,-1,-1,-1
1523,21,670.03,83.75,73.09,57.70,0.53,-1,-1,-1
1524,1,561.45,94.43,99.73,75.98,0.56,-1,-1,-1
1524,2,937.03,80.62,72.47,63.51,0.64,-1,-1,-1
1524,3,1285.93,356.16,230.53,183.25,0.58,-1,-1,-1
1524,20,852.67,90.32,98.21,78.81,0.76,-1,-1,-1
1524,21,671.94,82.62,71.82,58.94,0.58,-1,-1,-1
1525,1,561.40,93.21,99.53,77.02,0.58,-1,-1,-1
1525,2,939.55,79.93,70.16,64.21,0.64,-1,-1,-1
1525,3,1286.10,355.74,230.47,183.73,0.60,-1,-1,-1
1525,20,851.83,90.05,94.55,77.60,0.74,-1,-1,-1
1525,21,673.98,81.91,70.73,58.98,0.63,-1,-1,-1
1526,1,560.49,92.28,100.39,77.70,0.60,-1,-1,-1
1526,2,939.17,81.09,70.62,62.21,0.66,-1,-1,-1
1526,3,1285.80,355.32,230.66,184.10,0.60,-1,-1,-1
1526,20,851.20,90.94,94.14,75.08,0.72,-1,-1,-1
1526,21,674.95,81.44,71.83,59.83,0.65,-1,-1,-1
1527,1,561.23,91.57,98.92,77.70,0.58,-1,-1,-1
1527,2,938.50,80.29,70.79,61.53,0.65,-1,-1,-1
1527,3,1285.09,355.20,231.30,184.09,0.59,-1,-1,-1
1527,20,851.80,90.01,90.85,74.84,0.71,-1,-1,-1
1527,21,675.40,80.54,70.87,59.47,0.58,-1,-1,-1
1528,1,561.31,92.50,98.84,76.32,0.55,-1,-1,-1
1528,2,938.65,80.78,70.30,61.28,0.64,-1,-1,-1
1528,3,1284.44,355.03,232.14,184.54,0.52,-1,-1,-1
1528,20,849.89,91.39,88.68,70.07,0.57,-1,-1,-1
1528,21,675.97,79.76,72.07,60.05,0.61,-1,-1,-1
1529,1,560.21,93.47,99.71,75.54,0.58,-1,-1,-1
1529,2,938.83,81.18,69.72,60.39,0.66,-1,-1,-1
1529,3,1284.59,355.03,232.13,184.73,0.50,-1,-1,-1
1529,20,851.92,88.07,88.15,72.26,0.65,-1,-1,-1
1529,21,676.38,80.38,71.79,59.42,0.57,-1,-1,-1
1530,1,560.31,95.49,99.41,73.60,0.61,-1,-1,-1
1530,2,938.31,81.48,70.31,60.94,0.66,-1,-1,-1
1530,20,850.00,86.30,90.34,72.08,0.67,-1,-1,-1
1530,21,676.26,79.49,73.22,61.11,0.60,-1,-1,-1
1531,1,560.56,95.83,99.13,73.02,0.59,-1,-1,-1
1531,2,938.43,81.60,70.24,60.55,0.64,-1,-1,-1
1531,20,848.72,84.77,92.47,71.65,0.59,-1,-1,-1
1531,21,677.15,80.66,73.82,60.53,0.60,-1,-1,-1
1532,1,560.79,91.80,98.69,77.14,0.65,-1,-1,-1
1532,2,937.99,81.43,70.65,61.11,0.62,-1,-1,-1
1532,21,679.01,81.83,74.11,59.18,0.57,-1,-1,-1
1533,1,560.59,94.99,98.36,74.00,0.64,-1,-1,-1
1533,2,936.18,81.38,72.39,60.93,0.60,-1,-1,-1
1533,21,681.39,82.21,72.64,58.77,0.63,-1,-1,-1
1534,1,561.08,93.57,98.12,75.36,0.70,-1,-1,-1
1534,2,935.51,81.41,73.25,61.19,0.56,-1,-1,-1
1534,21,683.85,82.11,72.53,59.20,0.60,-1,-1,-1
1535,1,561.78,94.10,97.11,74.17,0.66,-1,-1,-1
1535,2,936.38,81.14,72.28,61.12,0.61,-1,-1,-1
1535,21,683.32,82.12,74.02,58.59,0.61,-1,-1,-1
1536,1,562.34,95.92,96.63,71.99,0.64,-1,-1,-1
1536,2,935.17,80.86,73.63,61.14,0.61,-1,-1,-1
1536,21,684.87,83.54,74.42,56.90,0.61,-1,-1,-1
1537,1,562.41,93.48,96.60,74.33,0.66,-1,-1,-1
1537,2,935.37,81.12,73.85,61.75,0.61,-1,-1,-1
1537,21,685.27,80.87,74.36,60.05,0.61,-1,-1,-1
1538,1,561.79,93.66,97.11,74.44,0.69,-1,-1,-1
1538,2,934.01,81.31,75.19,62.08,0.61,-1,-1,-1
1538,21,687.08,79.72,75.84,61.25,0.67,-1,-1,-1
1539,1,560.95,94.42,97.95,74.05,0.66,-1,-1,-1
1539,2,933.45,81.05,75.52,62.71,0.63,-1,-1,-1
1540,1,561.15,92.20,97.68,76.29,0.66,-1,-1,-1
1540,2,933.58,81.09,75.62,62.81,0.61,-1,-1,-1
1541,1,561.59,90.50,97.60,78.03,0.64,-1,-1,-1
1541,2,933.40,81.01,75.79,62.87,0.61,-1,-1,-1
1541,3,1284.42,354.06,232.78,185.48,0.53,-1,-1,-1
1542,1,561.66,91.33,97.73,76.96,0.63,-1,-1,-1
1542,2,934.67,80.89,74.41,62.42,0.59,-1,-1,-1
1542,3,1284.81,353.81,232.40,185.65,0.53,-1,-1,-1
1543,1,561.25,88.67,98.37,79.69,0.63,-1,-1,-1
1543,2,934.88,80.71,74.81,62.15,0.61,-1,-1,-1
1543,3,1284.94,354.86,232.33,184.83,0.57,-1,-1,-1
1543,21,693.88,79.56,74.87,61.57,0.60,-1,-1,-1
1544,1,561.13,86.82,98.61,81.47,0.60,-1,-1,-1
1544,2,936.32,80.21,73.56,62.88,0.61,-1,-1,-1
1544,3,1284.87,354.85,232.56,184.82,0.65,-1,-1,-1
1544,21,694.95,81.44,73.17,60.16,0.50,-1,-1,-1
1545,1,561.81,88.38,97.90,79.94,0.60,-1,-1,-1
1545,2,936.47,80.62,73.33,62.69,0.59,-1,-1,-1
1545,3,1285.07,355.46,232.17,184.25,0.66,-1,-1,-1
1545,21,697.44,81.00,74.95,61.32,0.53,-1,-1,-1
1546,1,561.71,86.84,98.11,81.48,0.61,-1,-1,-1
1546,2,936.02,80.76,73.87,62.58,0.58,-1,-1,-1
1546,3,1285.39,355.60,231.90,183.87,0.66,-1,-1,-1
1546,21,699.07,80.42,76.43,62.08,0.54,-1,-1,-1
1547,1,562.22,87.35,97.68,81.22,0.62,-1,-1,-1
1547,2,935.99,82.01,74.19,63.93,0.58,-1,-1,-1
1547,3,1285.98,355.46,232.79,185.05,0.65,-1,-1,-1
1547,21,698.81,81.87,75.46,60.55,0.59,-1,-1,-1
1548,1,562.07,88.09,97.96,80.78,0.62,-1,-1,-1
1548,2,931.61,82.22,78.44,63.56,0.57,-1,-1,-1
1548,3,1286.22,355.32,232.49,185.43,0.62,-1,-1,-1
1548,21,700.00,81.76,74.78,60.49,0.50,-1,-1,-1
1549,1,562.03,93.43,97.96,75.59,0.64,-1,-1,-1
1549,2,937.15,81.55,72.29,62.19,0.61,-1,-1,-1
1549,3,1285.49,355.19,231.15,184.41,0.63,-1,-1,-1
1549,21,700.80,80.56,74.91,61.69,0.59,-1,-1,-1
1550,1,561.55,93.82,98.25,75.23,0.67,-1,-1,-1
1550,2,934.75,81.57,75.01,62.62,0.67,-1,-1,-1
1550,3,1285.22,355.55,231.44,184.15,0.65,-1,-1,-1
1550,21,700.95,78.83,75.94,63.20,0.64,-1,-1,-1
1551,1,561.50,89.18,98.30,79.64,0.66,-1,-1,-1
1551,2,933.55,80.99,75.49,63.07,0.69,-1,-1,-1
1551,3,1285.40,354.99,231.29,184.29,0.58,-1,-1,-1
1551,21,701.81,78.17,75.25,63.16,0.54,-1,-1,-1
1552,1,561.15,91.45,98.27,77.65,0.65,-1,-1,-1
1552,2,934.86,79.62,74.40,64.41,0.60,-1,-1,-1
1552,3,1284.60,354.58,232.05,185.06,0.50,-1,-1,-1
1552,21,703.14,78.57,74.76,62.37,0.54,-1,-1,-1
1553,1,560.99,92.06,98.33,77.13,0.65,-1,-1,-1
1553,2,935.69,81.81,73.67,62.44,0.56,-1,-1,-1
1554,1,560.86,91.03,98.52,78.33,0.64,-1,-1,-1
1554,2,934.53,82.46,74.30,62.24,0.60,-1,-1,-1
1554,3,1284.65,354.49,231.86,184.93,0.52,-1,-1,-1
1555,1,560.24,91.64,99.12,77.61,0.67,-1,-1,-1
1555,2,935.27,83.34,73.68,61.04,0.56,-1,-1,-1
1555,3,1284.44,354.58,232.10,184.86,0.53,-1,-1,-1
1555,21,703.00,76.57,78.90,63.97,0.58,-1,-1,-1
1556,1,560.49,91.54,98.91,77.76,0.67,-1,-1,-1
1556,2,934.75,81.67,73.72,63.00,0.61,-1,-1,-1
1556,3,1284.50,354.58,232.35,184.97,0.53,-1,-1,-1
1556,21,706.00,78.73,75.51,61.80,0.51,-1,-1,-1
1557,1,561.02,91.94,98.76,77.13,0.66,-1,-1,-1
1557,2,935.18,81.50,74.10,63.48,0.60,-1,-1,-1
1557,3,1284.86,354.21,231.94,185.25,0.55,-1,-1,-1
1557,20,830.92,82.89,73.19,58.64,0.54,-1,-1,-1
1558,1,561.14,93.91,98.33,75.17,0.64,-1,-1,-1
1558,2,935.93,81.36,73.12,64.47,0.55,-1,-1,-1
1558,3,1286.31,355.60,232.05,184.61,0.60,-1,-1,-1
1558,20,830.01,83.58,72.29,57.96,0.53,-1,-1,-1
1558,21,709.76,76.27,75.24,64.28,0.51,-1,-1,-1
1559,1,561.11,94.56,98.34,74.61,0.63,-1,-1,-1
1559,2,936.66,80.83,72.11,64.71,0.60,-1,-1,-1
1559,3,1285.71,355.29,231.09,183.95,0.60,-1,-1,-1
1560,1,561.33,92.07,98.00,77.16,0.63,-1,-1,-1
1560,2,934.97,80.31,74.91,63.82,0.59,-1,-1,-1
1560,3,1285.00,355.95,232.03,183.13,0.62,-1,-1,-1
1561,1,562.07,90.10,97.77,79.19,0.62,-1,-1,-1
1561,2,934.76,79.39,75.08,64.90,0.57,-1,-1,-1
1561,3,1284.83,355.99,232.14,183.21,0.60,-1,-1,-1
1562,1,561.89,89.10,98.00,80.21,0.60,-1,-1,-1
1562,2,935.52,79.74,74.03,64.55,0.58,-1,-1,-1
1562,3,1284.94,355.72,231.65,183.45,0.61,-1,-1,-1
1563,1,561.51,93.15,98.52,76.27,0.60,-1,-1,-1
1563,2,935.75,80.09,73.80,63.96,0.58,-1,-1,-1
1563,3,1285.85,355.96,232.50,184.52,0.61,-1,-1,-1
1564,1,562.00,91.87,98.00,77.43,0.60,-1,-1,-1
1564,2,936.09,79.51,74.26,64.56,0.57,-1,-1,-1
1564,3,1285.98,356.02,232.33,184.39,0.61,-1,-1,-1
1565,1,562.18,90.90,97.91,78.42,0.59,-1,-1,-1
1565,2,935.99,79.44,74.36,64.69,0.57,-1,-1,-1
1565,3,1285.82,355.67,232.55,184.71,0.60,-1,-1,-1
1566,1,560.08,94.01,99.88,75.38,0.63,-1,-1,-1
1566,2,935.77,80.04,74.33,64.05,0.57,-1,-1,-1
1566,3,1285.92,356.17,232.53,184.22,0.61,-1,-1,-1
1566,22,929.38,964.44,462.48,110.19,0.55,-1,-1,-1
1567,1,560.49,102.43,99.25,67.18,0.64,-1,-1,-1
1567,2,936.35,81.08,75.00,63.09,0.59,-1,-1,-1
1567,3,1285.02,355.81,231.48,184.34,0.59,-1,-1,-1
1567,22,947.68,923.94,475.56,151.66,0.58,-1,-1,-1
1568,1,559.43,101.65,100.43,67.71,0.63,-1,-1,-1
1568,2,936.70,80.88,73.97,62.80,0.60,-1,-1,-1
1568,3,1284.77,355.66,231.89,184.33,0.61,-1,-1,-1
1568,22,926.10,884.05,493.33,185.92,0.60,-1,-1,-1
1569,1,560.76,101.77,98.92,67.54,0.59,-1,-1,-1
1569,2,936.58,80.12,74.01,62.44,0.57,-1,-1,-1
1569,3,1284.44,355.09,232.29,184.48,0.62,-1,-1,-1
1569,22,972.71,848.36,439.17,225.53,0.73,-1,-1,-1
1570,1,559.88,101.12,99.88,68.45,0.62,-1,-1,-1
1570,2,936.90,80.24,73.70,62.44,0.57,-1,-1,-1
1570,3,1284.51,355.07,232.21,184.31,0.65,-1,-1,-1
1570,22,1001.14,815.54,401.97,258.96,0.80,-1,-1,-1
1571,1,558.78,102.26,100.94,67.31,0.61,-1,-1,-1
1571,2,936.89,80.38,74.17,63.58,0.57,-1,-1,-1
1571,3,1284.73,355.61,231.80,183.79,0.65,-1,-1,-1
1571,22,1006.32,785.60,388.87,291.89,0.85,-1,-1,-1
1572,1,558.66,101.92,100.95,67.55,0.64,-1,-1,-1
1572,2,936.71,80.51,73.28,63.09,0.58,-1,-1,-1
1572,3,1284.49,355.57,232.04,183.69,0.64,-1,-1,-1
1572,22,1002.58,756.32,390.46,317.66,0.81,-1,-1,-1
1573,1,559.93,99.16,99.30,69.64,0.59,-1,-1,-1
1573,2,936.39,80.80,73.41,63.26,0.65,-1,-1,-1
1573,3,1285.07,354.58,233.76,186.01,0.54,-1,-1,-1
1573,22,1015.66,727.77,373.06,348.40,0.74,-1,-1,-1
1574,1,555.83,90.54,105.69,76.89,0.63,-1,-1,-1
1574,2,936.02,80.32,73.53,62.87,0.63,-1,-1,-1
1574,22,995.68,698.35,387.32,351.41,0.69,-1,-1,-1
1575,1,559.73,95.24,99.74,72.84,0.63,-1,-1,-1
1575,2,935.91,80.02,73.64,63.36,0.61,-1,-1,-1
1575,22,1011.35,673.08,364.58,347.94,0.63,-1,-1,-1
1576,1,560.13,96.24,99.30,72.21,0.64,-1,-1,-1
1576,2,935.34,80.20,74.25,62.92,0.61,-1,-1,-1
1577,1,558.85,88.42,101.74,78.52,0.64,-1,-1,-1
1577,2,934.65,80.70,74.88,62.36,0.55,-1,-1,-1
1577,22,1002.63,625.16,353.31,324.88,0.68,-1,-1,-1
1578,1,559.51,90.31,101.16,75.79,0.66,-1,-1,-1
1578,2,934.27,80.16,75.69,63.13,0.56,-1,-1,-1
1578,22,996.74,600.96,350.94,321.58,0.51,-1,-1,-1
1579,1,559.84,89.44,101.05,76.71,0.64,-1,-1,-1
1579,2,934.21,80.38,75.83,62.49,0.56,-1,-1,-1
1580,1,558.14,88.73,102.80,77.77,0.64,-1,-1,-1
1580,2,934.96,80.23,74.97,62.93,0.55,-1,-1,-1
1581,1,560.25,95.80,99.20,71.94,0.65,-1,-1,-1
1581,2,935.11,80.68,74.77,62.48,0.56,-1,-1,-1
1581,22,1005.00,540.65,320.20,297.81,0.54,-1,-1,-1
1582,1,562.03,95.21,97.31,73.03,0.62,-1,-1,-1
1582,2,935.43,80.69,74.35,62.20,0.57,-1,-1,-1
1582,22,990.18,523.70,321.77,293.24,0.60,-1,-1,-1
1583,1,560.03,94.18,99.35,74.12,0.64,-1,-1,-1
1583,2,935.24,80.81,74.33,62.19,0.57,-1,-1,-1
1583,22,989.38,506.46,312.70,285.75,0.75,-1,-1,-1
1584,1,560.67,93.27,99.01,75.02,0.65,-1,-1,-1
1584,2,935.69,80.87,73.73,62.19,0.58,-1,-1,-1
1585,1,560.98,91.66,98.60,76.70,0.67,-1,-1,-1
1585,2,936.72,80.99,72.93,61.73,0.57,-1,-1,-1
1586,1,561.40,91.44,97.94,77.22,0.64,-1,-1,-1
1586,2,936.34,81.06,73.23,62.24,0.52,-1,-1,-1
1587,1,562.13,94.41,98.37,74.39,0.60,-1,-1,-1
1587,2,936.04,80.89,73.70,62.59,0.62,-1,-1,-1
1588,1,562.19,94.11,98.19,74.54,0.61,-1,-1,-1
1588,2,936.02,81.08,73.80,62.32,0.62,-1,-1,-1
1588,22,964.27,430.11,287.25,259.79,0.66,-1,-1,-1
1589,1,562.02,91.78,98.49,76.87,0.61,-1,-1,-1
1589,2,936.35,80.69,73.88,62.99,0.62,-1,-1,-1
1589,22,963.41,418.18,279.91,252.43,0.54,-1,-1,-1
1590,1,561.06,96.36,99.65,72.52,0.60,-1,-1,-1
1590,2,937.17,79.77,73.51,63.96,0.63,-1,-1,-1
1590,3,1286.50,355.75,231.91,184.63,0.54,-1,-1,-1
1591,1,560.97,96.84,99.47,72.60,0.60,-1,-1,-1
1591,2,937.29,79.76,73.42,64.51,0.64,-1,-1,-1
1591,3,1285.63,355.57,232.74,184.96,0.67,-1,-1,-1
1591,22,953.12,394.40,274.59,241.41,0.66,-1,-1,-1
1592,1,561.14,98.57,99.19,70.77,0.58,-1,-1,-1
1592,2,936.68,79.67,74.14,64.39,0.66,-1,-1,-1
1592,3,1284.67,355.17,232.13,185.26,0.64,-1,-1,-1
1592,22,960.13,382.45,256.07,239.64,0.70,-1,-1,-1
1593,1,561.41,98.28,98.81,71.09,0.55,-1,-1,-1
1593,2,936.93,79.43,73.93,64.49,0.64,-1,-1,-1
1593,3,1284.07,355.22,232.66,185.30,0.58,-1,-1,-1
1594,1,561.94,97.55,98.52,72.00,0.55,-1,-1,-1
1594,2,937.09,79.42,74.02,64.58,0.64,-1,-1,-1
1594,3,1284.31,355.57,232.49,185.02,0.60,-1,-1,-1
1594,21,723.35,69.34,91.15,83.40,0.54,-1,-1,-1
1595,1,562.12,95.86,98.16,73.59,0.57,-1,-1,-1
1595,2,937.05,79.51,73.69,64.37,0.63,-1,-1,-1
1595,3,1284.19,355.52,232.45,184.98,0.59,-1,-1,-1
1595,22,950.42,347.68,244.46,227.83,0.51,-1,-1,-1
1596,1,561.09,94.45,98.67,74.56,0.58,-1,-1,-1
1596,2,936.38,79.26,74.01,64.57,0.64,-1,-1,-1
1596,3,1284.59,355.07,231.54,184.50,0.55,-1,-1,-1
1596,21,726.16,68.72,89.20,81.74,0.50,-1,-1,-1
1597,1,559.45,95.63,100.62,72.76,0.60,-1,-1,-1
1597,2,936.44,79.96,73.10,62.87,0.59,-1,-1,-1
1598,1,558.78,94.99,100.67,72.87,0.65,-1,-1,-1
1598,2,936.05,79.74,73.81,62.71,0.64,-1,-1,-1
1598,22,946.04,321.87,231.69,213.85,0.55,-1,-1,-1
1599,1,558.23,95.00,101.07,72.86,0.64,-1,-1,-1
1599,2,935.85,79.96,73.43,62.65,0.61,-1,-1,-1
1599,21,725.04,69.43,93.88,84.21,0.61,-1,-1,-1
1600,1,557.78,94.86,101.49,72.85,0.65,-1,-1,-1
1600,2,935.71,80.08,73.55,62.10,0.64,-1,-1,-1
1600,21,723.12,70.91,96.30,83.64,0.75,-1,-1,-1
1600,22,946.54,304.82,221.86,207.90,0.58,-1,-1,-1
1601,1,559.58,95.34,100.03,72.28,0.64,-1,-1,-1
1601,2,935.97,80.11,73.27,61.93,0.61,-1,-1,-1
1601,21,723.91,72.66,95.93,81.83,0.70,-1,-1,-1
1601,22,942.04,295.79,220.98,205.92,0.54,-1,-1,-1
1602,1,559.86,96.20,99.59,71.13,0.63,-1,-1,-1
1602,2,935.47,80.01,74.01,62.26,0.61,-1,-1,-1
1602,21,724.80,72.90,94.60,81.88,0.68,-1,-1,-1
1602,22,937.75,289.21,221.03,201.28,0.60,-1,-1,-1
1603,1,559.67,96.05,99.96,71.58,0.64,-1,-1,-1
1603,2,935.53,79.97,74.01,62.42,0.62,-1,-1,-1
1603,21,724.84,73.69,94.80,82.54,0.67,-1,-1,-1
1603,22,940.17,283.10,219.77,197.49,0.55,-1,-1,-1
1604,1,559.50,96.55,99.52,70.82,0.62,-1,-1,-1
1604,2,935.39,79.69,73.76,62.68,0.63,-1,-1,-1
1604,21,722.95,74.64,96.71,83.37,0.60,-1,-1,-1
1605,1,560.93,94.39,98.52,72.84,0.64,-1,-1,-1
1605,2,935.63,80.16,73.65,61.57,0.60,-1,-1,-1
1605,21,722.25,75.66,97.90,83.65,0.71,-1,-1,-1
1606,1,560.45,93.75,99.12,73.28,0.66,-1,-1,-1
1606,2,935.50,80.24,73.68,61.49,0.61,-1,-1,-1
1606,21,720.74,75.95,98.65,83.36,0.71,-1,-1,-1
1607,1,561.76,92.87,97.37,73.94,0.63,-1,-1,-1
1607,2,934.93,80.02,74.88,62.35,0.62,-1,-1,-1
1607,21,721.45,76.23,99.38,85.39,0.69,-1,-1,-1
1608,1,561.77,92.53,97.26,74.77,0.63,-1,-1,-1
1608,2,934.79,80.07,75.34,62.55,0.62,-1,-1,-1
1608,21,720.31,75.81,100.93,86.48,0.68,-1,-1,-1
1608,22,937.88,251.58,201.97,185.74,0.53,-1,-1,-1
1609,1,561.01,87.50,99.52,79.15,0.58,-1,-1,-1
1609,2,934.09,81.40,76.11,61.72,0.61,-1,-1,-1
1609,21,719.26,77.90,102.26,86.23,0.64,-1,-1,-1
1610,1,560.11,87.67,100.36,79.12,0.58,-1,-1,-1
1610,2,934.12,81.54,76.33,61.76,0.62,-1,-1,-1
1610,21,716.76,78.83,104.07,86.79,0.72,-1,-1,-1
1610,22,935.92,241.38,200.82,182.45,0.58,-1,-1,-1
1611,1,561.97,92.69,97.05,75.42,0.58,-1,-1,-1
1611,2,934.10,81.25,76.20,62.17,0.62,-1,-1,-1
1611,21,715.82,79.54,105.51,86.60,0.75,-1,-1,-1
1611,22,937.08,238.73,195.72,177.73,0.58,-1,-1,-1
1612,1,562.79,93.55,96.07,74.62,0.55,-1,-1,-1
1612,2,934.80,80.91,75.92,62.94,0.61,-1,-1,-1
1612,3,1284.78,354.09,231.54,185.64,0.51,-1,-1,-1
1612,21,714.90,80.58,104.14,87.78,0.73,-1,-1,-1
1612,22,936.77,232.99,195.61,176.10,0.60,-1,-1,-1
1613,1,563.15,93.61,95.84,74.80,0.57,-1,-1,-1
1613,2,934.75,80.77,75.89,62.85,0.61,-1,-1,-1
1613,3,1284.71,354.08,231.67,185.71,0.55,-1,-1,-1
1613,21,714.09,80.72,105.40,89.65,0.74,-1,-1,-1
1613,22,937.83,228.21,191.96,176.00,0.55,-1,-1,-1
1614,1,562.59,94.40,96.75,73.95,0.56,-1,-1,-1
1614,2,935.38,81.01,76.43,62.83,0.60,-1,-1,-1
1614,3,1285.18,354.65,231.33,185.13,0.63,-1,-1,-1
1614,21,712.92,82.79,105.45,90.52,0.78,-1,-1,-1
1614,22,939.19,224.96,188.78,172.49,0.57,-1,-1,-1
1615,1,561.71,97.02,97.34,72.09,0.59,-1,-1,-1
1615,2,935.75,81.54,75.91,62.80,0.62,-1,-1,-1
1615,3,1285.20,354.88,231.52,185.01,0.66,-1,-1,-1
1615,21,711.70,84.57,103.98,90.50,0.78,-1,-1,-1
1615,22,936.95,218.72,188.86,169.85,0.58,-1,-1,-1
1616,1,560.58,93.64,98.87,75.45,0.60,-1,-1,-1
1616,2,937.15,81.47,74.15,62.70,0.59,-1,-1,-1
1616,3,1286.47,356.09,231.97,184.94,0.65,-1,-1,-1
1616,21,711.22,85.43,101.86,90.59,0.83,-1,-1,-1
1616,22,941.67,215.16,184.57,168.59,0.58,-1,-1,-1
1617,1,559.46,96.17,100.08,73.61,0.63,-1,-1,-1
1617,2,936.26,80.00,76.09,63.91,0.65,-1,-1,-1
1617,3,1285.92,356.35,230.40,184.02,0.65,-1,-1,-1
1617,21,710.32,85.63,103.19,91.56,0.81,-1,-1,-1
1617,22,942.44,213.45,176.49,166.52,0.59,-1,-1,-1
1618,1,560.78,95.62,98.44,74.06,0.62,-1,-1,-1
1618,2,936.46,80.17,76.03,63.47,0.63,-1,-1,-1
1618,3,1285.75,356.62,230.74,183.68,0.68,-1,-1,-1
1618,21,709.39,85.89,103.31,91.74,0.84,-1,-1,-1
1618,22,943.06,208.96,173.69,163.56,0.62,-1,-1,-1
1619,1,562.13,96.26,97.08,73.30,0.56,-1,-1,-1
1619,2,935.96,80.20,76.39,63.64,0.64,-1,-1,-1
1619,3,1286.22,356.50,230.36,183.62,0.71,-1,-1,-1
1619,21,707.57,86.44,103.97,91.35,0.83,-1,-1,-1
1619,22,938.11,207.44,177.44,159.42,0.63,-1,-1,-1
1620,1,559.44,94.49,101.00,74.11,0.55,-1,-1,-1
1620,2,936.07,81.43,75.73,62.91,0.64,-1,-1,-1
1620,3,1286.55,357.92,230.77,182.23,0.72,-1,-1,-1
1620,21,705.62,86.77,103.79,94.56,0.83,-1,-1,-1
1620,22,933.63,203.96,176.33,156.72,0.74,-1,-1,-1
1621,1,560.06,95.75,99.07,73.88,0.55,-1,-1,-1
1621,2,936.18,81.50,75.20,62.67,0.64,-1,-1,-1
1621,3,1286.18,358.26,231.02,182.27,0.70,-1,-1,-1
1621,21,705.11,86.39,102.73,96.23,0.92,-1,-1,-1
1621,22,933.15,202.73,176.57,154.57,0.66,-1,-1,-1
1622,1,560.31,94.92,99.28,75.09,0.57,-1,-1,-1
1622,2,936.56,80.45,74.54,63.57,0.64,-1,-1,-1
1622,3,1286.04,358.69,230.30,181.35,0.66,-1,-1,-1
1622,21,703.99,87.51,103.02,98.01,0.86,-1,-1,-1
1622,22,938.08,196.22,168.58,151.72,0.71,-1,-1,-1
1623,1,559.85,94.72,100.28,75.53,0.63,-1,-1,-1
1623,2,937.44,80.97,74.86,65.96,0.62,-1,-1,-1
1623,3,1286.48,356.36,231.26,184.42,0.66,-1,-1,-1
1623,21,701.71,87.60,103.75,99.88,0.85,-1,-1,-1
1623,22,935.72,192.54,169.27,149.86,0.67,-1,-1,-1
1624,1,559.32,93.68,100.78,76.36,0.65,-1,-1,-1
1624,2,937.23,81.05,74.87,65.83,0.64,-1,-1,-1
1624,3,1286.69,356.31,231.06,184.58,0.67,-1,-1,-1
1624,21,698.18,88.99,106.93,99.37,0.85,-1,-1,-1
1624,22,934.66,188.42,169.52,148.00,0.64,-1,-1,-1
1625,1,559.00,95.08,101.08,74.45,0.60,-1,-1,-1
1625,2,937.62,81.02,74.34,66.41,0.63,-1,-1,-1
1625,3,1286.86,356.32,230.91,184.51,0.66,-1,-1,-1
1625,21,696.76,90.41,105.55,98.64,0.84,-1,-1,-1
1625,22,936.50,186.08,163.08,146.76,0.62,-1,-1,-1
1626,1,559.46,94.85,100.48,74.96,0.58,-1,-1,-1
1626,2,937.66,80.69,74.43,66.54,0.64,-1,-1,-1
1626,3,1286.64,356.38,231.01,184.33,0.66,-1,-1,-1
1626,21,693.37,93.31,108.00,97.01,0.78,-1,-1,-1
1626,22,929.25,182.11,164.86,145.63,0.72,-1,-1,-1
1627,1,560.19,94.48,99.95,75.26,0.58,-1,-1,-1
1627,2,937.17,80.83,74.72,65.89,0.68,-1,-1,-1
1627,3,1286.33,356.55,231.45,183.55,0.72,-1,-1,-1
1627,21,691.60,93.54,107.32,98.11,0.78,-1,-1,-1
1627,22,933.77,176.51,155.34,144.25,0.77,-1,-1,-1
1628,1,559.73,97.71,100.16,71.82,0.54,-1,-1,-1
1628,2,937.33,80.45,74.61,66.67,0.70,-1,-1,-1
1628,3,1286.10,356.26,231.69,183.95,0.71,-1,-1,-1
1628,21,690.51,94.88,108.12,98.29,0.73,-1,-1,-1
1628,22,935.88,175.28,149.19,139.29,0.79,-1,-1,-1
1629,1,559.81,95.95,100.48,73.51,0.51,-1,-1,-1
1629,2,936.54,80.79,75.10,67.73,0.71,-1,-1,-1
1629,3,1286.23,356.02,231.59,184.63,0.67,-1,-1,-1
1629,21,686.63,95.83,109.85,99.40,0.81,-1,-1,-1
1629,22,934.02,170.76,148.38,139.22,0.75,-1,-1,-1
1629,23,810.77,108.03,68.00,34.55,0.50,-1,-1,-1
1630,1,559.43,97.09,101.54,72.27,0.54,-1,-1,-1
1630,2,936.18,80.76,75.27,68.30,0.68,-1,-1,-1
1630,3,1285.79,356.01,230.41,183.93,0.68,-1,-1,-1
1630,21,685.23,96.03,111.63,103.71,0.83,-1,-1,-1
1630,22,933.76,164.76,146.53,143.97,0.77,-1,-1,-1
1631,1,559.34,98.50,101.62,70.79,0.55,-1,-1,-1
1631,2,935.00,80.31,75.86,67.15,0.70,-1,-1,-1
1631,3,1285.65,355.19,230.66,184.20,0.68,-1,-1,-1
1631,21,683.37,95.95,111.05,104.84,0.87,-1,-1,-1
1631,22,933.23,164.86,142.85,136.53,0.79,-1,-1,-1
1632,1,553.32,85.97,108.85,82.56,0.53,-1,-1,-1
1632,2,934.12,80.07,76.10,65.16,0.67,-1,-1,-1
1632,3,1286.66,355.80,231.25,184.53,0.67,-1,-1,-1
1632,21,682.19,97.62,112.35,104.62,0.80,-1,-1,-1
1632,22,931.96,162.75,142.85,134.98,0.83,-1,-1,-1
1633,2,934.89,81.00,74.50,61.65,0.65,-1,-1,-1
1633,3,1285.94,355.41,232.31,185.25,0.59,-1,-1,-1
1633,21,680.37,100.58,112.09,101.48,0.81,-1,-1,-1
1633,22,927.07,157.29,144.12,132.98,0.77,-1,-1,-1
1634,2,935.01,81.22,74.36,60.84,0.64,-1,-1,-1
1634,3,1285.83,355.47,232.26,184.98,0.57,-1,-1,-1
1634,21,679.83,101.50,110.52,101.34,0.83,-1,-1,-1
1634,22,926.39,155.02,139.02,130.91,0.81,-1,-1,-1
1635,2,935.01,80.89,73.99,60.74,0.64,-1,-1,-1
1635,3,1285.60,355.66,232.54,184.98,0.60,-1,-1,-1
1635,21,676.81,101.75,112.64,104.28,0.87,-1,-1,-1
1635,22,924.97,152.46,136.99,129.54,0.83,-1,-1,-1
1636,1,562.19,102.00,98.14,67.95,0.53,-1,-1,-1
1636,2,935.10,80.66,73.87,60.65,0.66,-1,-1,-1
1636,3,1285.96,355.69,232.23,184.64,0.58,-1,-1,-1
1636,21,676.52,104.94,110.18,104.70,0.91,-1,-1,-1
1636,22,924.86,153.68,135.51,122.99,0.85,-1,-1,-1
1637,1,562.48,98.51,100.23,71.78,0.57,-1,-1,-1
1637,2,936.80,79.52,73.31,62.18,0.65,-1,-1,-1
1637,3,1285.96,355.83,232.02,184.61,0.63,-1,-1,-1
1637,21,675.76,103.24,109.33,108.77,0.91,-1,-1,-1
1637,22,924.04,147.57,132.66,127.89,0.79,-1,-1,-1
1638,1,561.14,98.70,100.99,71.74,0.59,-1,-1,-1
1638,2,937.29,79.16,72.93,62.08,0.65,-1,-1,-1
1638,3,1286.76,356.81,231.23,183.87,0.66,-1,-1,-1
1638,21,672.40,107.33,113.59,107.08,0.91,-1,-1,-1
1638,22,924.28,144.42,131.84,128.77,0.79,-1,-1,-1
1639,1,561.01,100.47,101.52,70.65,0.59,-1,-1,-1
1639,2,936.81,79.20,73.22,59.98,0.66,-1,-1,-1
1639,3,1286.89,356.71,231.09,183.82,0.68,-1,-1,-1
1639,21,672.50,107.60,110.08,106.56,0.89,-1,-1,-1
1639,22,918.20,147.21,134.54,121.04,0.77,-1,-1,-1
1640,1,560.78,100.01,102.73,70.85,0.54,-1,-1,-1
1640,2,936.55,79.32,73.62,60.19,0.68,-1,-1,-1
1640,3,1286.71,356.89,231.25,183.30,0.66,-1,-1,-1
1640,21,670.74,107.78,111.23,107.95,0.89,-1,-1,-1
1640,22,916.66,147.17,133.57,118.06,0.79,-1,-1,-1
1641,1,561.40,96.02,101.18,74.66,0.53,-1,-1,-1
1641,2,937.08,78.55,72.97,59.39,0.56,-1,-1,-1
1641,3,1286.80,356.33,230.84,183.68,0.65,-1,-1,-1
1641,21,666.56,110.55,115.70,107.25,0.89,-1,-1,-1
1641,22,914.51,142.31,129.60,119.40,0.77,-1,-1,-1
1642,2,936.71,78.72,73.67,59.74,0.60,-1,-1,-1
1642,3,1286.51,357.80,231.25,182.68,0.67,-1,-1,-1
1642,21,664.80,112.47,117.52,108.54,0.88,-1,-1,-1
1642,22,914.49,143.45,127.94,117.75,0.79,-1,-1,-1
1643,2,935.92,79.10,74.99,59.28,0.66,-1,-1,-1
1643,3,1285.95,357.78,231.86,182.80,0.69,-1,-1,-1
1643,21,664.06,113.75,118.24,109.84,0.89,-1,-1,-1
1643,22,913.01,143.67,124.91,111.57,0.82,-1,-1,-1
1644,3,1286.02,357.72,231.92,182.82,0.71,-1,-1,-1
1644,21,662.82,117.89,118.91,107.25,0.89,-1,-1,-1
1644,22,911.70,141.06,123.62,111.33,0.83,-1,-1,-1
1645,3,1285.49,358.59,231.32,181.34,0.72,-1,-1,-1
1645,21,662.71,119.89,118.36,106.31,0.87,-1,-1,-1
1645,22,910.40,139.05,121.94,110.89,0.85,-1,-1,-1
1646,3,1285.48,358.78,231.66,181.19,0.71,-1,-1,-1
1646,21,662.39,119.65,116.74,109.89,0.82,-1,-1,-1
1646,22,908.55,137.43,121.09,108.40,0.86,-1,-1,-1
1647,3,1285.49,358.87,231.70,181.02,0.70,-1,-1,-1
1647,21,662.32,123.26,116.64,110.25,0.88,-1,-1,-1
1647,22,906.10,135.12,121.82,105.42,0.78,-1,-1,-1
1648,3,1285.50,358.42,231.63,181.27,0.71,-1,-1,-1
1648,21,661.83,123.05,117.30,112.69,0.81,-1,-1,-1
1648,22,902.47,133.32,123.22,105.59,0.82,-1,-1,-1
1649,3,1286.09,358.06,232.45,182.49,0.70,-1,-1,-1
1649,21,660.13,123.76,118.76,113.38,0.86,-1,-1,-1
1649,22,901.57,130.71,120.69,106.64,0.74,-1,-1,-1
1650,3,1285.19,357.02,231.47,182.71,0.68,-1,-1,-1
1650,21,660.16,124.53,119.65,113.69,0.85,-1,-1,-1
1650,22,899.84,125.92,118.74,107.99,0.70,-1,-1,-1
1651,3,1285.55,356.56,230.90,183.05,0.68,-1,-1,-1
1651,21,659.48,126.36,121.10,111.90,0.86,-1,-1,-1
1651,22,896.34,122.54,117.69,107.39,0.73,-1,-1,-1
1652,3,1285.60,355.52,230.80,183.84,0.65,-1,-1,-1
1652,21,659.65,128.28,120.55,112.14,0.87,-1,-1,-1
1652,22,894.94,122.40,115.90,105.65,0.70,-1,-1,-1
1653,3,1285.67,355.57,230.64,183.85,0.65,-1,-1,-1
1653,21,658.28,128.89,122.83,116.91,0.87,-1,-1,-1
1653,22,893.74,121.23,115.33,106.18,0.71,-1,-1,-1
1654,3,1285.54,355.50,230.59,183.60,0.63,-1,-1,-1
1654,21,657.21,132.02,124.48,117.28,0.88,-1,-1,-1
1654,22,893.29,121.55,113.77,103.57,0.74,-1,-1,-1
1655,3,1285.65,355.36,230.40,183.77,0.63,-1,-1,-1
1655,21,655.20,131.56,128.01,118.43,0.84,-1,-1,-1
1655,22,892.76,121.60,110.55,96.03,0.77,-1,-1,-1
1656,1,562.74,94.45,95.84,75.13,0.51,-1,-1,-1
1656,3,1285.71,355.54,230.58,183.53,0.62,-1,-1,-1
1656,21,655.46,135.73,127.53,115.76,0.83,-1,-1,-1
1656,22,889.93,117.36,109.85,98.44,0.76,-1,-1,-1
1657,3,1284.68,355.68,232.23,183.52,0.62,-1,-1,-1
1657,21,655.63,137.01,127.69,118.60,0.83,-1,-1,-1
1657,22,887.30,116.60,111.37,97.30,0.71,-1,-1,-1
1658,3,1284.72,355.66,232.21,183.64,0.62,-1,-1,-1
1658,21,656.72,137.77,126.47,122.46,0.86,-1,-1,-1
1658,22,886.29,113.43,109.50,99.05,0.69,-1,-1,-1
1659,3,1284.78,355.51,232.07,183.60,0.64,-1,-1,-1
1659,21,657.91,140.59,125.25,121.07,0.85,-1,-1,-1
1659,22,883.50,111.76,110.54,97.10,0.72,-1,-1,-1
1660,3,1284.98,355.48,231.83,183.64,0.65,-1,-1,-1
1660,21,658.03,142.74,127.05,119.60,0.82,-1,-1,-1
1660,22,879.62,108.51,110.17,95.52,0.68,-1,-1,-1
1661,2,943.36,81.28,67.41,58.13,0.55,-1,-1,-1
1661,3,1285.93,355.63,232.64,184.65,0.63,-1,-1,-1
1661,21,656.60,142.49,128.42,122.02,0.81,-1,-1,-1
1661,22,877.46,100.34,111.22,101.65,0.72,-1,-1,-1
1662,2,942.63,81.01,67.96,61.75,0.58,-1,-1,-1
1662,3,1286.46,356.55,232.30,183.68,0.65,-1,-1,-1
1662,21,654.52,144.93,133.36,126.28,0.84,-1,-1,-1
1662,22,876.13,101.08,112.34,100.38,0.73,-1,-1,-1
1663,1,559.72,87.24,98.64,81.75,0.51,-1,-1,-1
1663,2,942.16,80.98,68.72,62.69,0.61,-1,-1,-1
1663,3,1286.49,356.46,232.36,183.66,0.67,-1,-1,-1
1663,21,653.24,145.52,132.46,127.80,0.84,-1,-1,-1
1663,22,874.19,99.10,110.81,100.97,0.73,-1,-1,-1
1664,1,559.89,88.10,97.98,81.20,0.52,-1,-1,-1
1664,2,941.76,81.03,68.80,62.30,0.58,-1,-1,-1
1664,3,1286.10,356.73,232.82,183.54,0.68,-1,-1,-1
1664,21,652.48,145.05,132.87,130.38,0.82,-1,-1,-1
1664,22,876.64,103.00,106.38,92.32,0.67,-1,-1,-1
1665,2,941.02,82.09,69.92,62.11,0.57,-1,-1,-1
1665,3,1285.53,357.60,232.08,181.91,0.70,-1,-1,-1
1665,21,652.28,147.20,134.53,129.50,0.81,-1,-1,-1
1665,22,874.90,100.73,106.49,91.88,0.79,-1,-1,-1
1666,1,559.93,85.85,98.35,83.72,0.54,-1,-1,-1
1666,2,943.23,82.46,66.87,62.51,0.58,-1,-1,-1
1666,3,1285.55,358.11,232.13,181.30,0.70,-1,-1,-1
1666,21,651.76,149.87,136.69,130.29,0.78,-1,-1,-1
1666,22,874.41,101.15,105.19,90.42,0.84,-1,-1,-1
1667,2,943.89,82.11,66.68,60.75,0.55,-1,-1,-1
1667,3,1287.04,358.73,231.13,182.69,0.71,-1,-1,-1
1667,21,650.06,148.75,138.01,135.68,0.85,-1,-1,-1
1667,22,875.17,97.23,103.68,93.93,0.88,-1,-1,-1
1668,1,560.09,88.80,98.16,79.04,0.51,-1,-1,-1
1668,2,941.48,81.61,69.19,62.80,0.63,-1,-1,-1
1668,3,1287.12,358.81,230.97,182.57,0.72,-1,-1,-1
1668,21,648.63,150.83,138.23,135.48,0.89,-1,-1,-1
1668,22,874.41,98.60,101.54,91.70,0.87,-1,-1,-1
1669,2,944.33,82.25,65.59,63.07,0.57,-1,-1,-1
1669,3,1286.16,358.27,230.65,182.37,0.70,-1,-1,-1
1669,21,648.47,153.16,141.43,134.16,0.87,-1,-1,-1
1669,22,873.41,97.81,100.42,89.43,0.86,-1,-1,-1
1670,2,945.32,82.37,64.19,62.41,0.55,-1,-1,-1
1670,3,1285.83,358.26,231.06,182.49,0.71,-1,-1,-1
1670,21,648.00,152.30,142.75,136.13,0.86,-1,-1,-1
1670,22,871.64,93.60,100.80,91.15,0.84,-1,-1,-1
1671,2,946.18,83.19,63.48,61.64,0.60,-1,-1,-1
1671,3,1286.37,358.86,232.46,182.92,0.71,-1,-1,-1
1671,21,647.94,157.05,138.18,136.28,0.84,-1,-1,-1
1671,22,870.37,91.16,100.49,88.44,0.89,-1,-1,-1
1672,2,945.72,82.14,63.96,61.92,0.64,-1,-1,-1
1672,3,1285.52,357.94,231.28,183.05,0.71,-1,-1,-1
1672,21,646.22,156.92,141.76,140.40,0.84,-1,-1,-1
1672,22,868.63,89.80,101.14,87.29,0.87,-1,-1,-1
1673,2,946.52,82.22,63.62,62.22,0.62,-1,-1,-1
1673,3,1285.54,357.80,231.28,183.37,0.70,-1,-1,-1
1673,21,643.35,158.42,147.52,142.04,0.85,-1,-1,-1
1673,22,867.46,89.71,103.27,87.76,0.81,-1,-1,-1
1674,2,947.42,82.25,62.40,62.01,0.68,-1,-1,-1
1674,3,1285.36,357.54,231.52,183.73,0.72,-1,-1,-1
1674,21,643.40,163.43,148.05,141.90,0.80,-1,-1,-1
1674,22,867.18,87.76,102.14,88.00,0.81,-1,-1,-1
1675,2,945.47,81.92,64.26,62.20,0.67,-1,-1,-1
1675,3,1285.24,356.83,231.21,183.92,0.70,-1,-1,-1
1675,21,641.29,164.60,149.59,143.59,0.75,-1,-1,-1
1675,22,864.78,87.50,98.48,86.19,0.80,-1,-1,-1
1676,1,560.67,86.69,100.39,81.61,0.52,-1,-1,-1
1676,2,946.50,81.63,62.82,62.05,0.67,-1,-1,-1
1676,3,1285.09,356.74,231.08,183.28,0.71,-1,-1,-1
1676,21,636.62,163.88,153.98,145.88,0.75,-1,-1,-1
1676,22,864.77,86.23,97.27,84.66,0.78,-1,-1,-1
1677,1,563.10,95.18,96.35,73.97,0.54,-1,-1,-1
1677,2,944.79,81.40,64.78,62.06,0.63,-1,-1,-1
1677,3,1284.89,356.57,231.09,183.29,0.70,-1,-1,-1
1677,21,636.55,166.04,154.16,145.36,0.73,-1,-1,-1
1677,22,861.69,89.70,99.05,80.28,0.71,-1,-1,-1
1678,1,563.82,92.19,95.64,76.99,0.53,-1,-1,-1
1678,2,940.38,81.50,69.36,62.05,0.63,-1,-1,-1
1678,3,1284.90,356.58,231.31,183.59,0.70,-1,-1,-1
1678,21,637.13,166.00,155.19,147.58,0.69,-1,-1,-1
1678,22,860.97,90.11,98.25,78.51,0.67,-1,-1,-1
1679,1,563.93,91.84,95.70,77.40,0.50,-1,-1,-1
1679,2,940.35,80.87,69.61,62.73,0.66,-1,-1,-1
1679,3,1284.83,356.78,231.66,183.31,0.70,-1,-1,-1
1679,21,637.83,169.32,154.67,151.95,0.69,-1,-1,-1
1679,22,860.94,85.60,96.86,82.53,0.72,-1,-1,-1
1680,1,563.76,92.41,96.19,76.85,0.51,-1,-1,-1
1680,2,940.37,81.38,69.66,62.57,0.63,-1,-1,-1
1680,3,1285.17,356.73,231.30,183.20,0.70,-1,-1,-1
1680,21,638.86,171.97,153.96,152.21,0.73,-1,-1,-1
1680,22,860.71,88.89,96.21,77.77,0.63,-1,-1,-1
1681,1,563.36,96.19,96.44,73.03,0.52,-1,-1,-1
1681,2,940.85,82.08,69.35,62.52,0.65,-1,-1,-1
1681,3,1284.84,357.12,231.88,183.06,0.67,-1,-1,-1
1681,21,631.41,174.92,163.82,151.64,0.72,-1,-1,-1
1681,22,860.00,84.24,95.20,80.89,0.72,-1,-1,-1
1682,1,563.54,97.20,96.80,72.20,0.51,-1,-1,-1
1682,2,939.71,81.91,70.42,63.61,0.65,-1,-1,-1
1682,3,1284.71,357.26,231.90,183.15,0.67,-1,-1,-1
1682,21,628.19,177.20,166.44,154.75,0.66,-1,-1,-1
1682,22,857.17,83.89,98.26,79.60,0.73,-1,-1,-1
1682,24,721.36,94.82,75.95,50.03,0.52,-1,-1,-1
1683,1,563.74,96.32,96.84,73.01,0.51,-1,-1,-1
1683,2,939.73,82.58,70.36,62.61,0.65,-1,-1,-1
1683,3,1284.85,357.39,231.88,183.11,0.68,-1,-1,-1
1683,21,632.48,178.76,163.00,155.78,0.63,-1,-1,-1
1683,22,857.68,83.44,96.00,79.34,0.69,-1,-1,-1
1683,24,724.89,96.27,71.59,47.90,0.55,-1,-1,-1
1684,1,563.86,96.78,96.38,72.34,0.51,-1,-1,-1
1684,2,940.39,81.50,69.49,63.27,0.70,-1,-1,-1
1684,3,1284.87,357.49,231.88,183.02,0.67,-1,-1,-1
1684,21,634.46,182.80,161.17,154.35,0.69,-1,-1,-1
1684,22,856.35,80.27,97.34,80.62,0.80,-1,-1,-1
1684,24,728.41,94.69,71.03,49.63,0.51,-1,-1,-1
1685,1,564.26,96.37,96.08,72.52,0.52,-1,-1,-1
1685,2,940.39,81.43,69.49,62.81,0.70,-1,-1,-1
1685,3,1285.45,357.70,233.01,183.87,0.68,-1,-1,-1
1685,21,634.80,186.71,160.73,153.43,0.68,-1,-1,-1
1685,22,854.58,79.85,96.10,79.76,0.81,-1,-1,-1
1686,2,941.27,82.13,68.97,62.74,0.72,-1,-1,-1
1686,3,1285.40,357.80,233.21,183.81,0.67,-1,-1,-1
1686,21,635.64,187.17,160.90,157.38,0.67,-1,-1,-1
1686,22,855.24,79.22,94.93,78.93,0.81,-1,-1,-1
1687,2,942.18,83.12,69.14,63.04,0.69,-1,-1,-1
1687,3,1285.72,356.42,232.39,184.93,0.68,-1,-1,-1
1687,21,625.33,192.37,173.19,157.76,0.66,-1,-1,-1
1687,22,854.63,78.15,95.30,78.04,0.78,-1,-1,-1
1688,1,562.98,96.95,95.91,71.86,0.51,-1,-1,-1
1688,2,941.18,82.87,69.97,63.23,0.68,-1,-1,-1
1688,3,1285.52,356.44,232.54,185.16,0.67,-1,-1,-1
1688,21,632.69,194.31,165.33,158.60,0.71,-1,-1,-1
1688,22,854.48,76.73,94.65,78.35,0.81,-1,-1,-1
1689,2,940.84,82.98,70.29,63.44,0.65,-1,-1,-1
1689,3,1285.52,356.48,232.49,185.00,0.69,-1,-1,-1
1689,21,633.22,196.42,164.77,161.65,0.75,-1,-1,-1
1689,22,854.80,77.92,93.40,76.21,0.81,-1,-1,-1
1690,1,562.33,97.67,96.51,71.49,0.51,-1,-1,-1
1690,2,941.47,83.29,69.84,63.21,0.67,-1,-1,-1
1690,3,1285.50,356.25,232.66,185.03,0.70,-1,-1,-1
1690,21,633.06,197.94,167.21,162.51,0.75,-1,-1,-1
1690,22,855.79,79.46,91.83,73.63,0.77,-1,-1,-1
1691,2,939.36,82.68,71.42,63.94,0.63,-1,-1,-1
1691,3,1285.96,356.93,232.35,184.32,0.73,-1,-1,-1
1691,21,632.08,201.77,167.98,163.72,0.67,-1,-1,-1
1691,22,854.94,78.43,91.45,73.40,0.73,-1,-1,-1
1692,1,561.50,97.54,97.25,71.86,0.50,-1,-1,-1
1692,2,939.36,82.99,71.35,63.35,0.63,-1,-1,-1
1692,3,1286.07,356.78,232.34,184.32,0.72,-1,-1,-1
1692,21,635.55,203.13,166.35,164.89,0.67,-1,-1,-1
1692,22,854.81,78.50,90.37,73.13,0.74,-1,-1,-1
1693,1,561.64,96.25,97.90,73.82,0.52,-1,-1,-1
1693,2,939.99,83.47,70.52,62.09,0.61,-1,-1,-1
1693,3,1285.42,356.73,231.16,183.45,0.70,-1,-1,-1
1693,21,633.85,205.89,168.42,165.42,0.72,-1,-1,-1
1693,22,855.54,75.57,87.32,73.31,0.65,-1,-1,-1
1694,2,940.37,82.77,70.31,62.52,0.61,-1,-1,-1
1694,3,1285.28,356.93,231.27,183.34,0.67,-1,-1,-1
1694,21,631.35,206.43,172.50,167.70,0.66,-1,-1,-1
1694,22,856.40,79.17,84.15,68.93,0.59,-1,-1,-1
1695,2,939.28,82.03,71.52,63.38,0.58,-1,-1,-1
1695,3,1284.66,357.36,231.68,183.05,0.69,-1,-1,-1
1695,21,627.48,210.06,177.24,167.53,0.59,-1,-1,-1
1695,22,854.35,78.26,86.52,69.62,0.56,-1,-1,-1
1696,1,562.02,97.38,97.73,72.45,0.51,-1,-1,-1
1696,2,937.47,81.93,72.98,63.41,0.60,-1,-1,-1
1696,3,1284.69,357.23,231.59,183.18,0.67,-1,-1,-1
1696,21,625.23,213.40,180.59,167.71,0.68,-1,-1,-1
1696,22,853.97,77.37,84.88,70.13,0.57,-1,-1,-1
1697,2,938.15,81.66,72.36,63.21,0.59,-1,-1,-1
1697,3,1284.48,357.60,231.82,182.92,0.66,-1,-1,-1
1697,21,631.57,214.57,177.08,168.71,0.64,-1,-1,-1
1698,1,562.54,96.11,96.85,73.33,0.51,-1,-1,-1
1698,2,935.63,81.53,74.64,63.32,0.57,-1,-1,-1
1698,3,1284.73,357.43,231.63,183.12,0.64,-1,-1,-1
1698,21,631.52,215.80,178.92,170.25,0.65,-1,-1,-1
1699,1,561.59,97.10,97.88,72.69,0.51,-1,-1,-1
1699,2,935.81,81.58,74.31,63.18,0.57,-1,-1,-1
1699,3,1284.70,357.01,231.72,183.62,0.63,-1,-1,-1
1699,21,629.95,215.29,182.68,172.66,0.60,-1,-1,-1
1699,24,716.23,84.41,63.41,50.69,0.50,-1,-1,-1
1700,2,933.17,82.56,77.45,64.37,0.59,-1,-1,-1
1700,3,1284.67,356.90,231.81,183.60,0.65,-1,-1,-1
1700,21,626.85,218.46,189.76,177.34,0.67,-1,-1,-1
1700,24,711.51,82.99,64.01,51.01,0.54,-1,-1,-1
1701,1,562.87,95.10,96.44,74.41,0.51,-1,-1,-1
1701,2,933.06,82.34,77.89,64.53,0.59,-1,-1,-1
1701,3,1284.69,356.80,231.64,183.46,0.67,-1,-1,-1
1701,21,626.75,220.36,190.19,180.93,0.67,-1,-1,-1
1701,24,711.97,83.92,61.85,47.38,0.57,-1,-1,-1
1702,1,562.89,96.03,96.55,73.82,0.52,-1,-1,-1
1702,2,930.96,82.38,80.00,64.22,0.56,-1,-1,-1
1702,3,1284.55,357.16,231.84,183.06,0.68,-1,-1,-1
1702,21,625.85,223.69,192.58,181.18,0.62,-1,-1,-1
1703,1,562.72,98.12,96.66,71.67,0.51,-1,-1,-1
1703,2,931.32,82.30,79.69,64.78,0.58,-1,-1,-1
1703,3,1284.59,357.20,231.86,183.03,0.67,-1,-1,-1
1703,21,629.84,228.53,190.83,178.77,0.63,-1,-1,-1
1704,2,931.06,81.74,80.00,65.69,0.59,-1,-1,-1
1704,3,1284.61,357.10,231.92,183.12,0.66,-1,-1,-1
1704,21,626.26,229.76,197.35,183.39,0.76,-1,-1,-1
1705,2,932.87,80.98,78.11,63.86,0.63,-1,-1,-1
1705,3,1284.97,357.45,231.26,182.84,0.62,-1,-1,-1
1705,21,626.95,231.45,199.95,185.83,0.67,-1,-1,-1
1706,1,559.69,97.92,99.52,71.96,0.53,-1,-1,-1
1706,2,929.29,82.43,81.18,64.65,0.62,-1,-1,-1
1706,3,1285.02,357.78,231.18,182.45,0.63,-1,-1,-1
1706,21,628.27,236.68,202.07,185.74,0.72,-1,-1,-1
1706,24,707.75,75.90,58.99,49.63,0.50,-1,-1,-1
1707,1,560.70,99.31,98.37,70.23,0.50,-1,-1,-1
1707,2,933.52,80.03,77.49,64.94,0.65,-1,-1,-1
1707,3,1284.89,357.29,231.62,182.74,0.67,-1,-1,-1
1707,21,628.83,238.63,204.19,189.94,0.61,-1,-1,-1
1707,24,707.84,74.85,58.78,50.14,0.51,-1,-1,-1
1708,1,560.46,99.36,98.67,70.21,0.51,-1,-1,-1
1708,2,931.68,81.46,79.20,65.97,0.65,-1,-1,-1
1708,3,1284.88,357.24,231.56,182.83,0.66,-1,-1,-1
1708,21,631.89,240.61,202.29,191.82,0.51,-1,-1,-1
1709,2,933.11,80.18,77.79,64.75,0.67,-1,-1,-1
1709,3,1284.96,357.19,231.70,182.93,0.67,-1,-1,-1
1709,21,630.47,244.07,205.45,193.29,0.69,-1,-1,-1
1710,2,932.37,80.58,78.34,64.23,0.67,-1,-1,-1
1710,3,1285.20,357.11,231.65,183.22,0.68,-1,-1,-1
1710,21,632.17,246.68,208.42,196.70,0.56,-1,-1,-1
1711,2,930.96,82.48,79.56,64.46,0.66,-1,-1,-1
1711,3,1285.67,357.15,231.23,183.31,0.70,-1,-1,-1
1711,21,636.66,251.59,206.00,198.83,0.58,-1,-1,-1
1711,22,836.35,77.04,87.76,66.81,0.53,-1,-1,-1
1712,2,931.12,82.64,79.50,64.62,0.65,-1,-1,-1
1712,3,1285.85,357.79,232.47,183.47,0.70,-1,-1,-1
1712,21,634.95,255.87,212.95,202.64,0.64,-1,-1,-1
1712,22,837.87,76.60,80.33,64.64,0.59,-1,-1,-1
1713,1,560.56,98.80,98.36,70.59,0.50,-1,-1,-1
1713,2,931.42,82.51,79.19,64.87,0.64,-1,-1,-1
1713,3,1286.07,357.98,232.33,183.20,0.67,-1,-1,-1
1713,21,640.60,260.12,208.76,204.50,0.56,-1,-1,-1
1713,22,836.46,75.66,79.68,64.94,0.60,-1,-1,-1
1714,2,933.63,82.52,77.03,64.89,0.64,-1,-1,-1
1714,3,1286.28,358.14,232.21,183.17,0.66,-1,-1,-1
1714,21,642.34,262.76,209.47,210.39,0.56,-1,-1,-1
1714,22,835.48,76.84,78.08,65.35,0.52,-1,-1,-1
1715,2,936.85,82.04,73.97,65.98,0.65,-1,-1,-1
1715,3,1287.07,357.53,231.64,183.82,0.73,-1,-1,-1
1715,21,643.18,266.28,211.18,212.22,0.54,-1,-1,-1
1715,22,833.57,77.89,79.13,65.66,0.52,-1,-1,-1
1716,2,936.48,80.37,74.89,64.98,0.65,-1,-1,-1
1716,3,1286.63,357.71,232.00,183.97,0.71,-1,-1,-1
1716,21,636.75,275.33,219.15,211.04,0.67,-1,-1,-1
1716,22,832.21,79.36,75.93,65.08,0.51,-1,-1,-1
1717,1,559.99,96.68,99.29,73.26,0.50,-1,-1,-1
1717,2,936.40,80.51,75.05,64.82,0.67,-1,-1,-1
1717,3,1286.76,358.32,232.45,183.39,0.72,-1,-1,-1
1717,21,639.34,280.59,217.42,213.59,0.68,-1,-1,-1
1717,22,830.90,78.86,72.52,64.36,0.55,-1,-1,-1
1718,1,559.18,95.44,100.32,74.44,0.54,-1,-1,-1
1718,2,936.40,80.39,74.73,64.74,0.67,-1,-1,-1
1718,3,1286.55,358.14,232.63,183.36,0.72,-1,-1,-1
1718,21,634.01,287.64,225.44,215.76,0.75,-1,-1,-1
1718,22,830.47,77.89,71.90,64.04,0.56,-1,-1,-1
1719,1,559.22,96.68,100.10,72.85,0.53,-1,-1,-1
1719,2,936.38,80.10,74.97,65.44,0.66,-1,-1,-1
1719,3,1285.60,356.74,231.69,183.83,0.71,-1,-1,-1
1719,21,632.79,292.21,229.39,220.68,0.66,-1,-1,-1
1719,22,828.29,77.86,72.09,64.34,0.55,-1,-1,-1
1720,1,560.28,98.59,98.43,71.15,0.56,-1,-1,-1
1720,2,935.69,79.74,76.63,65.34,0.65,-1,-1,-1
1720,3,1286.36,358.17,230.68,181.72,0.67,-1,-1,-1
1720,21,638.58,298.06,223.04,221.65,0.61,-1,-1,-1
1720,22,825.17,78.75,74.56,63.22,0.55,-1,-1,-1
1721,1,561.71,98.87,97.17,71.13,0.56,-1,-1,-1
1721,2,935.21,79.24,76.48,65.61,0.64,-1,-1,-1
1721,3,1286.13,358.45,230.79,181.69,0.69,-1,-1,-1
1722,1,561.25,99.74,97.71,69.93,0.54,-1,-1,-1
1722,2,936.13,78.99,76.20,65.99,0.63,-1,-1,-1
1722,3,1285.69,358.40,231.17,181.91,0.66,-1,-1,-1
1722,21,628.75,305.85,233.11,231.11,0.52,-1,-1,-1
1723,1,560.77,98.23,98.30,71.43,0.58,-1,-1,-1
1723,2,936.59,78.66,75.80,66.65,0.62,-1,-1,-1
1723,3,1285.76,357.84,231.05,182.16,0.66,-1,-1,-1
1723,21,625.52,311.98,242.43,235.60,0.57,-1,-1,-1
1724,1,560.40,98.02,98.87,71.93,0.59,-1,-1,-1
1724,2,935.70,79.62,76.13,65.94,0.65,-1,-1,-1
1724,3,1285.91,356.96,230.92,183.14,0.68,-1,-1,-1
1724,21,627.02,321.50,242.59,235.79,0.64,-1,-1,-1
1724,22,816.38,84.31,75.40,58.02,0.67,-1,-1,-1
1724,24,706.67,59.23,56.63,50.38,0.52,-1,-1,-1
1725,1,560.12,97.22,99.04,72.62,0.60,-1,-1,-1
1725,2,935.69,79.63,76.11,65.91,0.62,-1,-1,-1
1725,3,1286.05,357.08,230.82,183.05,0.67,-1,-1,-1
1725,21,621.44,330.31,242.51,234.54,0.72,-1,-1,-1
1725,22,814.92,84.38,69.12,57.93,0.62,-1,-1,-1
1725,24,707.74,57.73,56.95,51.94,0.54,-1,-1,-1
1726,1,560.63,97.20,98.46,72.68,0.62,-1,-1,-1
1726,2,936.20,79.79,75.56,65.61,0.62,-1,-1,-1
1726,3,1285.79,357.15,231.05,183.04,0.68,-1,-1,-1
1726,21,619.91,336.24,254.41,239.02,0.58,-1,-1,-1
1726,22,812.37,84.06,70.56,57.74,0.63,-1,-1,-1
1726,24,707.97,56.85,59.70,51.49,0.57,-1,-1,-1
1727,1,559.93,98.24,99.14,71.62,0.59,-1,-1,-1
1727,2,936.21,79.71,75.83,65.67,0.62,-1,-1,-1
1727,3,1285.78,357.83,231.02,182.19,0.70,-1,-1,-1
1727,21,617.10,342.95,255.01,239.91,0.61,-1,-1,-1
1727,22,809.86,84.20,72.13,57.36,0.60,-1,-1,-1
1728,1,559.62,97.80,99.33,72.04,0.62,-1,-1,-1
1728,2,936.37,79.98,75.85,65.41,0.63,-1,-1,-1
1728,3,1285.72,358.13,230.82,181.80,0.71,-1,-1,-1
1728,21,618.66,349.88,255.60,244.62,0.54,-1,-1,-1
1728,22,809.69,84.17,71.52,56.67,0.56,-1,-1,-1
1729,1,557.51,96.25,101.59,74.15,0.68,-1,-1,-1
1729,2,935.88,81.20,76.15,64.53,0.65,-1,-1,-1
1729,3,1286.16,358.28,230.94,181.67,0.68,-1,-1,-1
1729,21,620.84,354.34,252.57,249.69,0.71,-1,-1,-1
1729,22,809.65,84.59,69.43,57.31,0.51,-1,-1,-1
1730,1,557.86,98.03,101.60,72.04,0.70,-1,-1,-1
1730,2,936.63,80.67,74.72,65.37,0.60,-1,-1,-1
1730,3,1285.82,357.90,231.16,182.03,0.67,-1,-1,-1
1730,21,618.03,361.31,256.80,254.57,0.63,-1,-1,-1
1730,22,809.30,85.00,69.29,57.44,0.53,-1,-1,-1
1731,1,557.73,99.01,101.85,70.99,0.71,-1,-1,-1
1731,2,937.43,80.75,72.92,64.65,0.58,-1,-1,-1
1731,3,1285.56,358.08,231.52,182.43,0.67,-1,-1,-1
1731,21,612.14,370.74,259.33,256.26,0.64,-1,-1,-1
1731,22,806.38,83.71,71.98,59.42,0.56,-1,-1,-1
1732,1,558.15,98.80,101.59,71.52,0.63,-1,-1,-1
1732,2,937.36,82.16,74.12,63.28,0.65,-1,-1,-1
1732,3,1285.38,357.96,231.72,182.72,0.66,-1,-1,-1
1732,21,611.20,377.42,266.83,258.91,0.66,-1,-1,-1
1732,22,803.47,82.93,73.49,60.02,0.60,-1,-1,-1
1732,24,718.41,48.65,61.52,52.86,0.57,-1,-1,-1
1733,1,558.91,98.96,100.70,71.11,0.58,-1,-1,-1
1733,3,1285.57,357.50,231.61,183.72,0.65,-1,-1,-1
1733,21,605.32,385.30,277.36,261.20,0.52,-1,-1,-1
1733,22,802.48,83.55,74.40,59.87,0.63,-1,-1,-1
1733,24,720.45,50.73,60.19,48.84,0.54,-1,-1,-1
1734,1,558.50,98.54,100.73,71.59,0.57,-1,-1,-1
1734,3,1285.63,356.96,231.47,183.71,0.66,-1,-1,-1
1734,21,606.44,394.58,274.27,262.91,0.53,-1,-1,-1
1734,22,801.10,84.86,75.06,58.55,0.62,-1,-1,-1
1734,24,722.55,51.95,60.59,47.11,0.50,-1,-1,-1
1735,1,559.14,98.94,100.36,71.55,0.71,-1,-1,-1
1735,2,931.80,78.68,79.47,68.02,0.51,-1,-1,-1
1735,3,1285.89,357.20,231.30,183.48,0.66,-1,-1,-1
1735,21,609.84,403.53,269.11,266.09,0.59,-1,-1,-1
1735,22,797.35,85.56,78.34,57.98,0.62,-1,-1,-1
1736,1,558.43,97.84,101.02,72.83,0.67,-1,-1,-1
1736,2,936.91,80.64,74.06,66.88,0.63,-1,-1,-1
1736,3,1285.97,358.15,231.55,182.17,0.65,-1,-1,-1
1736,21,595.45,410.09,293.95,271.30,0.60,-1,-1,-1
1736,22,796.93,85.61,78.12,57.69,0.62,-1,-1,-1
1737,1,556.71,99.14,102.94,71.25,0.69,-1,-1,-1
1737,2,935.85,81.91,74.89,63.83,0.63,-1,-1,-1
1737,3,1285.44,357.00,232.05,183.43,0.65,-1,-1,-1
1737,21,590.32,417.74,296.78,277.01,0.67,-1,-1,-1
1737,22,796.13,87.38,75.84,56.08,0.59,-1,-1,-1
1738,1,555.71,95.51,104.30,75.18,0.74,-1,-1,-1
1738,2,937.78,81.80,72.54,63.48,0.62,-1,-1,-1
1738,3,1285.55,356.73,231.73,183.24,0.65,-1,-1,-1
1738,21,590.69,424.33,296.68,282.76,0.62,-1,-1,-1
1738,22,796.54,86.24,76.41,56.50,0.63,-1,-1,-1
1739,1,557.45,96.73,102.36,73.64,0.68,-1,-1,-1
1739,2,936.64,82.00,73.13,64.53,0.58,-1,-1,-1
1739,3,1285.42,355.54,231.66,184.44,0.57,-1,-1,-1
1739,21,586.37,432.42,307.33,288.41,0.62,-1,-1,-1
1739,22,796.87,85.12,74.28,57.87,0.65,-1,-1,-1
1740,1,558.08,98.42,101.85,71.67,0.61,-1,-1,-1
1740,2,934.62,81.22,74.57,65.11,0.60,-1,-1,-1
1740,3,1285.47,355.57,230.95,184.16,0.57,-1,-1,-1
1740,21,587.61,442.34,300.30,290.56,0.60,-1,-1,-1
1740,22,797.25,89.42,73.02,53.93,0.67,-1,-1,-1
1741,1,557.15,100.15,102.47,69.76,0.61,-1,-1,-1
1741,2,936.45,81.22,74.71,61.92,0.67,-1,-1,-1
1741,3,1286.05,355.86,230.64,183.91,0.56,-1,-1,-1
1741,21,583.01,452.17,307.03,293.24,0.62,-1,-1,-1
1741,22,797.62,86.19,68.59,55.67,0.61,-1,-1,-1
1742,1,557.31,99.67,102.25,70.15,0.63,-1,-1,-1
1742,2,936.41,81.34,74.81,61.83,0.66,-1,-1,-1
1742,3,1285.98,355.83,230.72,184.07,0.57,-1,-1,-1
1742,21,575.86,461.86,320.85,299.51,0.64,-1,-1,-1
1742,22,796.65,89.12,67.48,52.41,0.67,-1,-1,-1
1743,1,556.82,101.04,102.34,68.77,0.61,-1,-1,-1
1743,2,937.06,81.29,74.62,61.98,0.67,-1,-1,-1
1743,3,1286.11,356.07,230.41,183.64,0.56,-1,-1,-1
1743,21,582.76,470.98,313.18,305.41,0.56,-1,-1,-1
1743,22,794.35,87.68,68.99,54.57,0.68,-1,-1,-1
1744,1,556.84,99.38,102.81,71.14,0.65,-1,-1,-1
1744,2,936.25,81.68,75.49,62.13,0.69,-1,-1,-1
1744,3,1287.04,356.45,231.45,184.71,0.56,-1,-1,-1
1744,21,575.67,476.51,319.35,314.63,0.53,-1,-1,-1
1744,22,793.27,89.26,69.42,52.81,0.72,-1,-1,-1
1745,1,557.39,99.56,102.31,70.98,0.62,-1,-1,-1
1745,2,936.55,81.23,75.35,62.77,0.67,-1,-1,-1
1745,3,1287.27,356.54,231.12,184.84,0.61,-1,-1,-1
1745,21,574.09,490.93,321.00,318.27,0.65,-1,-1,-1
1745,22,792.32,90.46,68.10,51.91,0.70,-1,-1,-1
1746,1,558.70,98.92,101.01,71.28,0.63,-1,-1,-1
1746,2,936.12,81.52,75.75,62.43,0.63,-1,-1,-1
1746,3,1287.45,356.40,231.06,185.01,0.62,-1,-1,-1
1746,21,571.26,504.52,323.64,321.01,0.74,-1,-1,-1
1746,22,792.34,87.67,67.22,55.15,0.68,-1,-1,-1
1747,1,558.82,99.81,100.83,70.63,0.62,-1,-1,-1
1747,2,936.73,82.70,75.07,61.22,0.67,-1,-1,-1
1747,3,1287.10,356.26,231.44,185.17,0.63,-1,-1,-1
1747,21,555.35,515.38,341.26,327.20,0.71,-1,-1,-1
1747,22,791.07,87.13,64.45,55.67,0.68,-1,-1,-1
1748,1,560.59,99.44,98.55,70.51,0.60,-1,-1,-1
1748,2,935.40,83.25,76.74,61.29,0.68,-1,-1,-1
1748,3,1286.28,356.17,230.94,184.35,0.64,-1,-1,-1
1748,22,789.08,88.77,65.74,53.26,0.62,-1,-1,-1
1749,1,560.99,100.09,98.10,69.32,0.56,-1,-1,-1
1749,2,933.93,83.95,78.03,60.65,0.66,-1,-1,-1
1749,3,1285.47,356.15,231.81,184.66,0.61,-1,-1,-1
1749,21,543.99,540.43,352.18,337.86,0.58,-1,-1,-1
1749,22,789.25,92.49,65.61,49.79,0.51,-1,-1,-1
1750,1,557.53,92.99,103.34,76.00,0.61,-1,-1,-1
1750,2,934.76,80.88,76.30,63.46,0.69,-1,-1,-1
1750,3,1285.97,355.82,231.71,184.83,0.66,-1,-1,-1
1750,22,788.37,89.51,64.83,52.75,0.52,-1,-1,-1
1751,1,559.90,97.32,99.24,71.96,0.65,-1,-1,-1
1751,2,932.38,82.61,76.52,64.27,0.62,-1,-1,-1
1751,3,1285.18,358.90,232.74,181.85,0.60,-1,-1,-1
1751,22,790.04,89.26,62.01,51.85,0.54,-1,-1,-1
1752,1,559.32,97.89,99.86,71.77,0.65,-1,-1,-1
1752,2,935.06,88.76,75.65,56.56,0.57,-1,-1,-1
1752,3,1285.02,358.35,233.05,182.21,0.65,-1,-1,-1
1752,22,788.38,87.67,62.45,53.19,0.58,-1,-1,-1
1753,1,560.90,97.30,98.26,71.81,0.66,-1,-1,-1
1753,2,936.38,88.11,73.30,57.57,0.59,-1,-1,-1
1753,3,1285.50,360.17,232.80,180.88,0.58,-1,-1,-1
1753,22,787.25,91.38,63.08,49.38,0.65,-1,-1,-1
1754,1,559.89,97.07,99.55,72.53,0.64,-1,-1,-1
1754,2,934.02,85.82,76.69,60.32,0.63,-1,-1,-1
1754,3,1285.70,359.29,232.49,181.28,0.64,-1,-1,-1
1754,22,785.80,90.79,64.95,50.76,0.64,-1,-1,-1
1755,1,559.61,95.13,100.12,74.24,0.63,-1,-1,-1
1755,2,932.94,84.89,78.42,60.59,0.59,-1,-1,-1
1755,3,1286.41,359.71,232.37,180.76,0.64,-1,-1,-1
1755,22,785.46,87.46,63.90,53.27,0.62,-1,-1,-1
1756,1,560.45,96.29,99.04,72.52,0.63,-1,-1,-1
1756,2,935.45,84.27,73.60,63.18,0.59,-1,-1,-1
1756,3,1286.47,358.55,231.94,181.80,0.65,-1,-1,-1
1756,21,494.37,635.81,387.75,381.60,0.61,-1,-1,-1
1756,22,785.19,87.36,64.44,54.55,0.65,-1,-1,-1
1757,1,559.61,99.20,99.68,69.84,0.65,-1,-1,-1
1757,2,933.90,82.61,77.07,62.92,0.64,-1,-1,-1
1757,3,1285.97,358.96,231.87,181.08,0.66,-1,-1,-1
1757,21,483.89,652.88,396.28,386.34,0.71,-1,-1,-1
1757,22,783.14,88.85,65.92,54.76,0.59,-1,-1,-1
1758,1,559.88,99.17,98.92,68.74,0.66,-1,-1,-1
1758,2,933.03,83.06,79.13,62.81,0.67,-1,-1,-1
1758,3,1286.57,359.03,230.56,181.06,0.63,-1,-1,-1
1758,22,782.81,88.64,65.26,53.79,0.58,-1,-1,-1
1759,1,559.62,99.37,99.08,68.82,0.64,-1,-1,-1
1759,2,933.21,83.60,78.96,62.29,0.70,-1,-1,-1
1759,3,1286.03,358.69,231.33,181.90,0.65,-1,-1,-1
1759,21,462.48,685.17,411.91,392.58,0.68,-1,-1,-1
1759,22,781.77,89.30,66.14,52.79,0.59,-1,-1,-1
1760,1,560.37,100.79,98.37,68.20,0.67,-1,-1,-1
1760,2,933.45,82.35,78.52,63.15,0.65,-1,-1,-1
1760,3,1285.92,358.95,231.44,181.64,0.67,-1,-1,-1
1760,21,454.78,700.77,415.12,375.22,0.57,-1,-1,-1
1760,22,780.77,90.05,66.40,52.82,0.61,-1,-1,-1
1761,1,559.50,96.32,99.50,73.02,0.69,-1,-1,-1
1761,2,937.34,81.31,72.71,64.02,0.62,-1,-1,-1
1761,3,1285.11,357.71,232.66,183.69,0.60,-1,-1,-1
1761,22,779.93,89.79,65.49,52.79,0.58,-1,-1,-1
1762,1,559.13,96.11,100.12,73.14,0.67,-1,-1,-1
1762,2,934.62,83.36,75.95,64.09,0.59,-1,-1,-1
1762,3,1285.59,357.70,232.32,184.06,0.59,-1,-1,-1
1762,21,432.20,734.12,429.70,345.64,0.70,-1,-1,-1
1762,22,779.51,89.84,65.10,52.77,0.57,-1,-1,-1
1763,1,558.69,96.90,100.62,72.56,0.66,-1,-1,-1
1763,3,1285.17,357.87,233.24,183.97,0.56,-1,-1,-1
1763,21,417.09,752.80,438.74,317.80,0.83,-1,-1,-1
1763,22,778.61,91.30,64.13,52.52,0.54,-1,-1,-1
1764,1,558.40,96.81,101.03,72.71,0.63,-1,-1,-1
1764,2,932.34,84.24,76.96,61.87,0.53,-1,-1,-1
1764,3,1284.85,357.94,233.73,183.96,0.52,-1,-1,-1
1764,21,407.66,767.90,444.91,307.92,0.89,-1,-1,-1
1764,22,777.40,91.31,63.74,52.53,0.51,-1,-1,-1
1765,1,558.61,99.15,100.78,70.36,0.60,-1,-1,-1
1765,2,935.89,82.73,74.65,62.81,0.60,-1,-1,-1
1765,21,393.65,786.26,453.64,289.47,0.72,-1,-1,-1
1765,25,878.14,91.49,63.65,52.82,0.55,-1,-1,-1
1766,1,558.93,99.04,100.41,69.94,0.62,-1,-1,-1
1766,2,935.73,82.32,74.95,62.88,0.61,-1,-1,-1
1766,21,380.23,806.25,463.51,267.67,0.64,-1,-1,-1
1766,22,775.89,93.57,61.35,49.94,0.51,-1,-1,-1
1766,25,878.24,93.47,61.75,50.76,0.55,-1,-1,-1
1767,1,559.90,99.82,99.14,69.42,0.63,-1,-1,-1
1767,2,932.98,81.31,79.16,64.03,0.59,-1,-1,-1
1767,21,364.07,823.76,469.33,249.92,0.82,-1,-1,-1
1767,25,877.88,94.39,61.26,49.90,0.56,-1,-1,-1
1768,1,559.96,99.48,99.42,70.15,0.60,-1,-1,-1
1768,2,933.44,85.10,78.21,60.90,0.59,-1,-1,-1
1768,21,347.54,840.95,478.16,230.76,0.78,-1,-1,-1
1768,22,775.17,93.88,60.72,50.26,0.51,-1,-1,-1
1768,25,877.79,95.05,60.52,49.83,0.56,-1,-1,-1
1769,1,560.38,98.01,99.30,72.37,0.58,-1,-1,-1
1769,2,935.38,82.95,76.28,63.06,0.55,-1,-1,-1
1769,21,336.95,865.95,484.41,203.07,0.74,-1,-1,-1
1769,25,878.06,95.51,60.67,49.27,0.51,-1,-1,-1
1770,1,560.31,97.23,99.44,73.28,0.59,-1,-1,-1
1770,2,932.90,87.15,79.52,58.96,0.51,-1,-1,-1
1770,3,1285.36,358.53,231.09,184.93,0.54,-1,-1,-1
1770,21,353.56,886.43,457.25,188.08,0.73,-1,-1,-1
1770,25,877.84,95.81,61.66,48.98,0.52,-1,-1,-1
1771,1,560.16,98.03,99.24,72.45,0.64,-1,-1,-1
1771,2,933.29,85.77,79.79,59.87,0.55,-1,-1,-1
1771,3,1286.10,357.20,230.93,184.26,0.50,-1,-1,-1
1771,21,364.20,911.31,422.89,162.98,0.81,-1,-1,-1
1771,22,772.71,97.70,59.66,46.74,0.51,-1,-1,-1
1772,1,560.03,98.13,99.44,72.39,0.66,-1,-1,-1
1772,2,933.59,86.19,78.43,59.78,0.57,-1,-1,-1
1772,21,354.10,932.17,413.91,145.38,0.72,-1,-1,-1
1772,22,771.46,96.92,58.43,47.13,0.55,-1,-1,-1
1773,1,557.89,97.87,101.81,72.66,0.66,-1,-1,-1
1773,2,932.83,86.96,77.84,59.25,0.59,-1,-1,-1
1773,21,346.36,958.63,387.95,121.07,0.79,-1,-1,-1
1773,22,769.82,97.92,57.55,46.63,0.62,-1,-1,-1
1774,1,558.58,98.74,101.10,71.92,0.65,-1,-1,-1
1774,2,932.59,88.47,78.77,57.36,0.59,-1,-1,-1
1774,21,338.86,980.01,379.00,94.62,0.62,-1,-1,-1
1774,22,767.79,98.24,58.56,46.19,0.61,-1,-1,-1
1775,1,559.92,99.34,99.71,70.96,0.69,-1,-1,-1
1775,22,765.04,97.93,60.18,45.86,0.65,-1,-1,-1
1776,1,560.22,99.57,99.40,71.02,0.71,-1,-1,-1
1776,22,763.41,97.34,60.44,46.05,0.66,-1,-1,-1
1777,1,561.59,97.69,98.10,72.62,0.69,-1,-1,-1
1777,2,933.01,80.72,77.72,65.25,0.55,-1,-1,-1
1777,22,762.25,97.53,61.11,45.70,0.67,-1,-1,-1
1778,1,560.97,100.34,99.07,70.09,0.66,-1,-1,-1
1778,2,934.77,80.23,75.54,65.49,0.53,-1,-1,-1
1778,22,761.38,99.79,60.97,43.11,0.70,-1,-1,-1
1779,1,561.94,99.28,98.30,70.77,0.66,-1,-1,-1
1779,2,936.06,81.49,74.40,64.16,0.58,-1,-1,-1
1779,22,760.80,99.66,59.65,42.69,0.66,-1,-1,-1
1780,1,561.16,100.77,98.76,69.37,0.67,-1,-1,-1
1780,2,936.19,81.81,74.68,64.01,0.51,-1,-1,-1
1780,3,1299.93,359.22,218.18,184.00,0.50,-1,-1,-1
1780,22,759.60,100.18,60.52,42.67,0.65,-1,-1,-1
1781,1,561.27,101.90,98.02,68.16,0.66,-1,-1,-1
1781,3,1301.86,360.39,216.04,181.98,0.54,-1,-1,-1
1782,1,561.39,101.94,97.73,68.38,0.63,-1,-1,-1
1782,2,935.24,79.73,75.64,64.27,0.56,-1,-1,-1
1783,1,561.16,99.77,98.15,70.18,0.63,-1,-1,-1
1783,2,935.56,80.27,75.56,63.61,0.55,-1,-1,-1
1784,1,560.30,100.09,99.02,69.86,0.68,-1,-1,-1
1784,2,934.69,80.90,76.78,63.00,0.57,-1,-1,-1
1785,1,559.79,101.15,99.26,68.59,0.59,-1,-1,-1
1785,2,935.11,81.04,75.68,63.01,0.58,-1,-1,-1
1786,1,560.42,102.00,101.51,67.70,0.61,-1,-1,-1
1786,2,936.00,81.23,74.92,62.73,0.58,-1,-1,-1
1786,3,1294.94,360.39,223.35,181.83,0.59,-1,-1,-1
1787,1,561.83,101.43,98.40,68.31,0.55,-1,-1,-1
1787,2,936.74,81.72,74.71,62.66,0.54,-1,-1,-1
1787,3,1291.00,360.47,226.16,180.53,0.51,-1,-1,-1
1788,1,560.20,99.92,99.42,70.59,0.55,-1,-1,-1
1788,2,935.79,82.25,75.83,62.17,0.54,-1,-1,-1
1788,3,1288.31,360.79,230.53,181.19,0.56,-1,-1,-1
1789,1,552.96,92.78,108.12,76.68,0.57,-1,-1,-1
1789,2,934.86,82.86,76.33,61.82,0.62,-1,-1,-1
1789,3,1285.54,359.58,231.70,181.38,0.59,-1,-1,-1
1789,26,699.74,44.38,67.17,39.46,0.51,-1,-1,-1
1790,1,553.37,94.61,107.65,74.85,0.58,-1,-1,-1
1790,2,935.34,83.17,76.07,61.76,0.61,-1,-1,-1
1790,3,1286.01,360.27,233.14,181.94,0.60,-1,-1,-1
1790,22,750.73,105.11,56.90,39.04,0.56,-1,-1,-1
1790,25,877.85,93.05,62.28,51.16,0.51,-1,-1,-1
1791,1,558.59,95.19,101.89,73.85,0.54,-1,-1,-1
1791,2,936.03,82.63,76.29,62.10,0.60,-1,-1,-1
1791,3,1285.24,359.02,234.39,183.24,0.60,-1,-1,-1
1791,22,749.56,105.90,53.75,38.86,0.64,-1,-1,-1
1792,1,558.82,95.79,101.92,73.23,0.52,-1,-1,-1
1792,2,936.54,83.71,75.43,61.16,0.59,-1,-1,-1
1792,3,1285.33,359.22,234.20,182.54,0.59,-1,-1,-1
1792,22,747.40,106.12,54.45,37.16,0.63,-1,-1,-1
1792,27,651.71,117.26,78.89,31.08,0.61,-1,-1,-1
1793,1,559.72,94.87,101.34,74.25,0.54,-1,-1,-1
1793,2,936.56,83.66,75.51,61.64,0.59,-1,-1,-1
1793,3,1285.82,356.82,234.09,185.30,0.58,-1,-1,-1
1793,22,742.71,104.93,58.12,37.09,0.63,-1,-1,-1
1793,27,656.28,114.60,83.02,32.49,0.56,-1,-1,-1
1794,1,558.70,95.53,102.38,73.42,0.51,-1,-1,-1
1794,2,936.49,83.82,75.61,61.36,0.58,-1,-1,-1
1794,3,1286.20,358.10,233.61,183.49,0.53,-1,-1,-1
1794,22,741.96,103.25,57.86,38.14,0.60,-1,-1,-1
1795,1,562.01,101.56,98.10,68.35,0.55,-1,-1,-1
1795,2,936.23,83.03,75.81,62.47,0.58,-1,-1,-1
1795,3,1286.40,357.71,233.37,183.69,0.57,-1,-1,-1
1795,22,740.73,102.95,57.16,38.62,0.53,-1,-1,-1
1796,1,558.21,96.37,105.15,74.65,0.57,-1,-1,-1
1796,2,936.17,83.03,75.70,62.68,0.60,-1,-1,-1
1796,3,1285.40,357.51,234.30,183.79,0.52,-1,-1,-1
1796,22,744.28,98.40,52.16,42.68,0.51,-1,-1,-1
1797,1,562.47,100.28,98.21,70.06,0.55,-1,-1,-1
1797,2,936.36,82.97,75.48,62.47,0.58,-1,-1,-1
1797,3,1286.15,357.86,233.57,183.46,0.60,-1,-1,-1
1798,1,562.83,98.99,97.83,71.01,0.55,-1,-1,-1
1798,2,937.16,81.85,74.63,62.68,0.58,-1,-1,-1
1798,3,1287.52,357.81,231.97,183.33,0.70,-1,-1,-1
1799,1,562.21,97.91,98.33,71.53,0.54,-1,-1,-1
1799,2,937.46,80.89,74.14,63.03,0.62,-1,-1,-1
1799,3,1287.82,357.90,231.77,183.92,0.59,-1,-1,-1
1799,22,709.63,94.76,105.56,49.31,0.51,-1,-1,-1
1799,25,877.93,94.03,61.86,50.11,0.50,-1,-1,-1
1800,1,562.25,99.17,98.23,70.24,0.52,-1,-1,-1
1800,2,937.52,80.41,74.23,63.80,0.59,-1,-1,-1
1800,3,1287.96,357.31,231.23,184.75,0.62,-1,-1,-1
1800,22,720.67,96.80,108.73,47.83,0.57,-1,-1,-1
1801,1,560.62,98.57,99.59,71.52,0.57,-1,-1,-1
1801,2,935.86,81.04,75.84,63.58,0.62,-1,-1,-1
1801,3,1286.48,357.76,232.37,184.53,0.71,-1,-1,-1
1802,1,559.22,97.20,101.04,73.07,0.64,-1,-1,-1
1802,2,935.01,81.14,76.28,63.01,0.67,-1,-1,-1
1802,3,1285.58,357.60,231.33,183.19,0.68,-1,-1,-1
1803,1,558.45,97.67,101.79,72.32,0.61,-1,-1,-1
1803,2,935.45,79.60,75.73,64.13,0.64,-1,-1,-1
1803,3,1284.94,359.11,231.75,181.17,0.69,-1,-1,-1
1804,1,558.19,96.25,101.88,73.20,0.59,-1,-1,-1
1804,2,935.97,79.41,75.40,63.93,0.64,-1,-1,-1
1804,3,1285.56,359.32,232.66,181.53,0.74,-1,-1,-1
1804,22,724.05,88.94,56.78,46.59,0.51,-1,-1,-1
1804,28,774.36,109.21,101.31,34.06,0.58,-1,-1,-1
1805,1,553.20,86.58,109.41,82.39,0.57,-1,-1,-1
1805,2,936.93,79.08,74.46,63.74,0.60,-1,-1,-1
1805,3,1285.18,359.15,231.66,180.50,0.70,-1,-1,-1
1805,22,721.29,86.48,56.97,47.76,0.51,-1,-1,-1
1806,1,552.86,86.73,110.49,82.21,0.58,-1,-1,-1
1806,2,936.95,79.19,74.43,63.66,0.60,-1,-1,-1
1806,3,1285.61,359.06,231.22,180.57,0.67,-1,-1,-1
1806,22,721.60,86.31,55.75,45.90,0.58,-1,-1,-1
1806,28,795.97,108.71,88.42,35.07,0.58,-1,-1,-1
1807,1,552.57,86.53,111.77,82.68,0.57,-1,-1,-1
1807,2,936.93,79.25,74.47,63.89,0.62,-1,-1,-1
1807,3,1285.23,359.30,231.65,180.35,0.71,-1,-1,-1
1807,22,720.23,84.08,53.51,47.52,0.58,-1,-1,-1
1807,28,812.67,110.03,71.73,33.30,0.55,-1,-1,-1
1808,1,552.86,90.79,110.67,78.61,0.56,-1,-1,-1
1808,2,937.46,79.14,73.71,64.26,0.60,-1,-1,-1
1808,3,1285.27,358.95,231.65,181.22,0.71,-1,-1,-1
1808,22,717.94,84.39,54.30,46.83,0.60,-1,-1,-1
1808,28,827.00,112.92,58.23,31.27,0.54,-1,-1,-1
1809,1,553.60,91.56,108.62,78.00,0.55,-1,-1,-1
1809,2,937.27,79.35,73.94,64.04,0.65,-1,-1,-1
1809,3,1284.97,358.98,231.75,181.39,0.71,-1,-1,-1
1809,22,716.60,84.40,53.14,44.85,0.61,-1,-1,-1
1810,1,554.18,92.46,106.98,77.14,0.55,-1,-1,-1
1810,2,937.95,79.19,73.28,64.15,0.61,-1,-1,-1
1810,3,1284.42,358.99,232.26,181.54,0.66,-1,-1,-1
1810,22,716.46,84.00,52.60,44.55,0.60,-1,-1,-1
1811,2,937.79,79.86,74.35,63.39,0.64,-1,-1,-1
1811,22,718.71,83.25,49.11,40.85,0.59,-1,-1,-1
1812,2,936.70,81.34,74.87,62.56,0.58,-1,-1,-1
1812,22,718.21,84.97,49.06,36.87,0.53,-1,-1,-1
1813,2,935.69,82.30,75.57,62.32,0.57,-1,-1,-1
1814,2,935.65,81.97,75.54,62.36,0.57,-1,-1,-1
1814,3,1287.25,359.52,231.76,182.33,0.54,-1,-1,-1
1815,2,935.27,81.64,75.71,62.47,0.56,-1,-1,-1
1815,3,1287.07,358.42,230.12,181.96,0.51,-1,-1,-1
1815,22,718.29,75.30,49.10,42.47,0.52,-1,-1,-1
1816,2,935.54,81.89,76.13,62.00,0.58,-1,-1,-1
1816,22,718.99,73.82,50.22,41.20,0.56,-1,-1,-1
1817,2,934.83,82.14,76.70,62.06,0.59,-1,-1,-1
1817,3,1286.88,358.66,232.39,182.91,0.57,-1,-1,-1
1818,2,934.11,82.09,77.02,62.83,0.62,-1,-1,-1
1819,2,934.40,82.08,77.65,62.58,0.56,-1,-1,-1
1820,2,934.99,81.60,76.44,63.99,0.58,-1,-1,-1
1820,27,651.21,103.07,46.29,39.32,0.51,-1,-1,-1
1821,1,556.29,92.92,104.50,75.27,0.52,-1,-1,-1
1821,2,935.87,81.14,76.13,64.37,0.57,-1,-1,-1
1821,3,1285.33,358.31,231.48,181.73,0.56,-1,-1,-1
1822,1,553.54,90.09,107.73,78.80,0.54,-1,-1,-1
1822,2,936.02,80.36,75.88,64.74,0.56,-1,-1,-1
1822,3,1284.93,358.01,231.39,182.52,0.52,-1,-1,-1
1823,1,554.99,89.20,106.13,79.32,0.52,-1,-1,-1
1823,2,936.07,78.55,76.15,65.66,0.59,-1,-1,-1
1823,27,651.06,109.86,52.62,33.29,0.59,-1,-1,-1
1824,1,551.62,91.19,109.11,77.38,0.51,-1,-1,-1
1824,2,935.20,78.33,76.65,65.59,0.56,-1,-1,-1
1824,3,1285.18,355.84,230.65,184.01,0.54,-1,-1,-1
1824,27,652.50,108.64,53.73,33.46,0.65,-1,-1,-1
1825,1,555.06,90.31,105.82,77.68,0.55,-1,-1,-1
1825,2,934.09,79.89,78.13,63.84,0.59,-1,-1,-1
1825,3,1285.09,357.25,230.74,181.50,0.69,-1,-1,-1
1825,27,652.77,106.64,54.92,35.75,0.66,-1,-1,-1
1826,1,555.29,91.11,106.49,76.88,0.55,-1,-1,-1
1826,2,933.12,80.65,78.28,63.30,0.61,-1,-1,-1
1826,3,1285.20,357.10,230.70,182.47,0.72,-1,-1,-1
1826,27,650.60,106.32,57.42,36.12,0.56,-1,-1,-1
1827,1,554.57,90.75,108.02,77.27,0.57,-1,-1,-1
1827,2,934.49,80.13,76.97,63.70,0.56,-1,-1,-1
1827,3,1285.28,356.55,230.78,182.67,0.69,-1,-1,-1
1827,27,651.56,105.97,58.15,35.87,0.52,-1,-1,-1
1828,1,554.91,91.22,107.31,76.63,0.59,-1,-1,-1
1828,2,934.55,80.19,76.89,63.83,0.62,-1,-1,-1
1828,3,1285.47,356.47,230.54,182.59,0.68,-1,-1,-1
1828,27,651.87,105.69,62.44,36.13,0.52,-1,-1,-1
1829,1,554.83,90.25,107.58,77.54,0.58,-1,-1,-1
1829,2,934.32,80.27,77.59,64.00,0.63,-1,-1,-1
1829,3,1285.55,356.53,230.23,182.56,0.70,-1,-1,-1
1830,1,554.96,91.21,106.55,76.61,0.57,-1,-1,-1
1830,2,934.76,80.02,77.20,64.01,0.63,-1,-1,-1
1830,3,1285.36,356.92,231.22,183.28,0.68,-1,-1,-1
1830,27,655.69,104.99,60.69,36.69,0.50,-1,-1,-1
1831,2,935.61,80.78,77.21,63.89,0.61,-1,-1,-1
1831,3,1286.07,358.27,232.13,182.87,0.67,-1,-1,-1
1831,27,656.48,106.18,61.61,35.35,0.67,-1,-1,-1
1832,1,552.37,84.29,108.78,84.04,0.51,-1,-1,-1
1832,2,935.53,80.60,77.45,63.95,0.64,-1,-1,-1
1832,3,1286.25,358.18,232.19,182.75,0.70,-1,-1,-1
1832,27,656.17,104.42,63.39,37.06,0.67,-1,-1,-1
1833,1,553.61,84.19,108.23,84.01,0.53,-1,-1,-1
1833,2,936.18,80.92,76.67,63.19,0.63,-1,-1,-1
1833,3,1286.08,358.71,232.53,182.26,0.68,-1,-1,-1
1833,27,658.83,105.01,64.39,36.83,0.66,-1,-1,-1
1834,1,554.24,85.11,107.90,83.65,0.55,-1,-1,-1
1834,2,937.95,80.72,74.58,63.64,0.63,-1,-1,-1
1834,3,1286.92,358.00,231.93,182.97,0.71,-1,-1,-1
1834,27,661.76,103.37,62.10,37.76,0.64,-1,-1,-1
1835,1,554.13,85.52,107.83,83.64,0.53,-1,-1,-1
1835,2,937.87,80.84,74.57,63.40,0.60,-1,-1,-1
1835,3,1286.63,357.84,232.66,183.49,0.70,-1,-1,-1
1835,27,662.90,106.09,62.69,35.40,0.63,-1,-1,-1
1836,1,554.43,86.76,109.42,83.02,0.56,-1,-1,-1
1836,2,937.79,80.99,74.68,63.32,0.56,-1,-1,-1
1836,3,1286.39,358.02,233.20,183.26,0.68,-1,-1,-1
1836,27,666.93,107.28,60.69,33.06,0.62,-1,-1,-1
1837,1,559.38,94.21,101.57,76.47,0.56,-1,-1,-1
1837,2,936.52,82.03,74.95,62.53,0.57,-1,-1,-1
1837,3,1286.75,358.10,232.40,182.98,0.67,-1,-1,-1
1837,27,667.96,106.84,61.59,33.59,0.61,-1,-1,-1
1838,1,554.94,88.95,109.37,81.42,0.55,-1,-1,-1
1838,2,937.57,82.48,74.20,62.40,0.58,-1,-1,-1
1838,3,1286.43,358.16,232.77,182.97,0.69,-1,-1,-1
1838,27,668.93,106.17,62.49,34.53,0.61,-1,-1,-1
1839,1,560.02,95.27,101.16,75.76,0.56,-1,-1,-1
1839,2,937.65,83.16,73.81,62.64,0.57,-1,-1,-1
1839,3,1286.15,357.88,233.15,182.78,0.58,-1,-1,-1
1839,27,670.40,105.98,62.98,34.39,0.54,-1,-1,-1
1840,1,559.96,93.86,100.22,77.18,0.55,-1,-1,-1
1840,2,936.48,83.48,75.27,62.56,0.59,-1,-1,-1
1840,3,1286.43,358.00,232.88,182.53,0.58,-1,-1,-1
1840,27,673.06,104.57,62.59,36.09,0.52,-1,-1,-1
1841,1,560.26,96.20,99.69,73.92,0.57,-1,-1,-1
1841,2,937.34,82.67,74.37,63.33,0.62,-1,-1,-1
1841,3,1286.81,356.76,231.34,183.55,0.63,-1,-1,-1
1841,27,675.90,106.89,61.08,33.93,0.57,-1,-1,-1
1842,1,560.45,96.28,99.90,73.53,0.55,-1,-1,-1
1842,2,936.30,81.36,75.84,64.14,0.65,-1,-1,-1
1842,3,1286.84,354.98,231.28,185.57,0.68,-1,-1,-1
1842,27,677.37,106.82,63.37,33.55,0.60,-1,-1,-1
1843,1,560.12,96.64,100.27,73.90,0.55,-1,-1,-1
1843,2,937.42,80.39,73.61,65.68,0.63,-1,-1,-1
1843,3,1286.96,355.64,231.52,185.24,0.58,-1,-1,-1
1843,27,678.64,106.25,63.08,34.08,0.61,-1,-1,-1
1844,1,558.38,97.25,102.29,73.42,0.57,-1,-1,-1
1844,3,1286.65,354.51,232.01,186.62,0.57,-1,-1,-1
1844,27,680.88,103.01,63.00,37.83,0.64,-1,-1,-1
1845,1,557.60,96.41,102.82,74.02,0.60,-1,-1,-1
1845,3,1286.49,354.99,232.15,186.15,0.63,-1,-1,-1
1845,27,680.89,103.97,66.42,37.24,0.64,-1,-1,-1
1846,1,558.10,97.37,102.10,73.07,0.60,-1,-1,-1
1846,2,937.65,80.16,73.88,65.95,0.64,-1,-1,-1
1846,3,1286.54,355.07,232.25,186.19,0.66,-1,-1,-1
1846,27,683.85,104.00,64.89,36.97,0.65,-1,-1,-1
1847,1,557.06,95.24,103.46,75.06,0.63,-1,-1,-1
1847,2,937.33,80.04,73.07,65.89,0.66,-1,-1,-1
1847,3,1286.60,353.68,231.90,187.42,0.62,-1,-1,-1
1847,27,684.54,102.88,65.25,38.07,0.66,-1,-1,-1
1848,1,556.97,96.36,103.52,73.95,0.66,-1,-1,-1
1848,2,936.84,79.81,75.47,65.74,0.60,-1,-1,-1
1848,3,1286.56,354.58,231.97,186.36,0.60,-1,-1,-1
1848,27,688.32,103.86,63.18,36.95,0.64,-1,-1,-1
1849,1,558.21,95.48,102.50,74.63,0.63,-1,-1,-1
1849,2,935.90,81.27,75.38,64.32,0.57,-1,-1,-1
1849,3,1286.57,355.03,231.57,185.24,0.61,-1,-1,-1
1849,27,689.13,101.90,65.09,40.24,0.61,-1,-1,-1
1850,1,557.87,96.06,102.81,74.27,0.63,-1,-1,-1
1850,2,936.47,80.23,75.39,65.20,0.66,-1,-1,-1
1850,3,1286.44,355.19,231.58,185.13,0.55,-1,-1,-1
1850,27,690.11,99.34,64.40,42.59,0.60,-1,-1,-1
1851,1,558.62,97.64,101.52,71.73,0.57,-1,-1,-1
1851,2,936.86,81.10,75.40,64.11,0.63,-1,-1,-1
1851,3,1285.41,355.91,230.27,183.58,0.61,-1,-1,-1
1851,27,691.60,96.86,63.54,44.51,0.56,-1,-1,-1
1852,1,558.44,98.82,101.65,70.56,0.61,-1,-1,-1
1852,2,936.79,80.22,75.46,64.59,0.64,-1,-1,-1
1852,3,1285.68,356.02,229.79,183.56,0.62,-1,-1,-1
1852,27,691.20,97.10,65.32,44.92,0.57,-1,-1,-1
1853,1,558.01,98.69,102.08,70.47,0.58,-1,-1,-1
1853,2,936.11,80.79,75.77,63.76,0.65,-1,-1,-1
1853,3,1285.37,356.99,230.29,182.11,0.64,-1,-1,-1
1853,27,691.40,96.58,65.60,45.26,0.56,-1,-1,-1
1854,1,558.61,99.56,101.41,69.57,0.58,-1,-1,-1
1854,2,936.44,80.74,75.41,63.92,0.65,-1,-1,-1
1854,3,1286.10,357.61,231.56,182.82,0.66,-1,-1,-1
1854,27,691.12,96.48,65.68,45.73,0.54,-1,-1,-1
1855,1,559.00,97.54,101.00,71.77,0.59,-1,-1,-1
1855,2,936.89,79.96,74.82,64.70,0.63,-1,-1,-1
1855,3,1285.97,357.52,231.76,183.21,0.60,-1,-1,-1
1855,27,689.28,98.19,67.04,43.96,0.51,-1,-1,-1
1855,29,878.31,93.27,62.02,50.67,0.51,-1,-1,-1
1856,1,558.64,97.27,101.35,72.47,0.57,-1,-1,-1
1856,2,937.18,80.48,75.23,63.87,0.63,-1,-1,-1
1856,3,1285.70,356.80,230.22,183.11,0.62,-1,-1,-1
1856,29,878.69,93.42,62.76,50.51,0.53,-1,-1,-1
1857,1,558.66,98.31,101.35,72.04,0.56,-1,-1,-1
1857,2,936.89,80.82,75.15,63.75,0.62,-1,-1,-1
1857,3,1286.11,357.20,230.23,182.60,0.61,-1,-1,-1
1857,29,878.77,93.13,62.35,51.27,0.54,-1,-1,-1
1858,1,558.23,97.35,101.27,72.99,0.58,-1,-1,-1
1858,2,936.54,81.17,75.12,63.43,0.64,-1,-1,-1
1858,3,1286.20,357.05,230.48,183.07,0.50,-1,-1,-1
1858,29,878.47,93.43,62.13,50.64,0.53,-1,-1,-1
1859,2,936.42,81.70,75.23,62.70,0.65,-1,-1,-1
1859,3,1286.79,357.35,229.95,182.86,0.62,-1,-1,-1
1859,27,687.32,104.13,65.20,38.16,0.53,-1,-1,-1
1859,29,879.05,94.08,60.66,50.13,0.51,-1,-1,-1
1860,1,558.69,100.81,100.66,69.53,0.52,-1,-1,-1
1860,2,936.78,81.89,74.77,62.58,0.63,-1,-1,-1
1860,3,1286.79,357.50,230.12,182.50,0.64,-1,-1,-1
1860,27,687.09,103.36,64.12,38.96,0.50,-1,-1,-1
1860,29,879.40,93.75,60.81,50.46,0.50,-1,-1,-1
1861,1,558.45,98.07,101.16,71.93,0.56,-1,-1,-1
1861,2,937.04,82.50,74.35,62.16,0.63,-1,-1,-1
1861,3,1287.38,358.29,232.10,183.09,0.60,-1,-1,-1
1861,27,687.52,103.00,63.02,38.80,0.54,-1,-1,-1
1861,29,877.83,94.10,61.97,50.21,0.52,-1,-1,-1
1862,1,558.02,101.34,101.65,68.58,0.59,-1,-1,-1
1862,2,936.76,82.54,74.89,62.11,0.63,-1,-1,-1
1862,3,1287.21,358.12,232.28,183.26,0.63,-1,-1,-1
1862,27,687.01,103.18,63.83,38.57,0.58,-1,-1,-1
1862,29,877.83,94.04,61.97,50.19,0.52,-1,-1,-1
1863,1,558.47,100.99,100.96,68.18,0.59,-1,-1,-1
1863,2,936.25,82.43,75.16,62.84,0.64,-1,-1,-1
1863,3,1287.55,358.09,231.77,182.87,0.67,-1,-1,-1
1863,27,686.53,103.43,64.88,39.54,0.51,-1,-1,-1
1863,29,878.07,93.64,62.45,50.43,0.51,-1,-1,-1
1864,1,559.14,102.90,100.59,66.58,0.52,-1,-1,-1
1864,2,936.24,82.26,75.11,62.99,0.64,-1,-1,-1
1864,3,1287.39,357.89,231.93,182.99,0.65,-1,-1,-1
1864,27,686.77,103.03,65.13,40.37,0.54,-1,-1,-1
1865,1,559.48,100.12,100.05,69.67,0.60,-1,-1,-1
1865,2,936.29,82.27,75.02,62.99,0.63,-1,-1,-1
1865,3,1287.51,357.74,231.80,183.13,0.66,-1,-1,-1
1865,27,684.71,101.49,67.93,41.89,0.53,-1,-1,-1
1866,1,559.14,99.12,100.42,70.65,0.61,-1,-1,-1
1866,2,936.30,82.57,75.31,62.84,0.63,-1,-1,-1
1866,3,1287.19,357.79,232.20,182.80,0.69,-1,-1,-1
1867,1,558.94,97.84,100.62,71.99,0.63,-1,-1,-1
1867,2,936.01,82.69,75.63,62.80,0.62,-1,-1,-1
1867,3,1286.86,357.29,232.49,183.23,0.67,-1,-1,-1
1867,29,877.86,94.12,61.86,50.23,0.50,-1,-1,-1
1868,1,558.68,93.65,101.19,76.31,0.64,-1,-1,-1
1868,2,936.26,82.32,74.93,63.04,0.62,-1,-1,-1
1868,3,1285.81,357.19,231.49,182.52,0.61,-1,-1,-1
1869,1,558.30,95.72,101.30,73.74,0.61,-1,-1,-1
1869,2,936.72,81.34,75.12,63.51,0.62,-1,-1,-1
1869,3,1285.91,356.06,232.99,184.69,0.58,-1,-1,-1
1870,1,557.59,94.96,102.81,74.82,0.65,-1,-1,-1
1870,2,936.54,80.96,75.48,63.52,0.62,-1,-1,-1
1870,3,1286.07,356.36,232.78,184.05,0.62,-1,-1,-1
1870,27,685.39,92.79,70.49,49.70,0.52,-1,-1,-1
1871,1,558.25,96.25,102.26,74.10,0.64,-1,-1,-1
1871,2,936.42,81.04,75.56,63.51,0.65,-1,-1,-1
1871,3,1285.81,356.86,233.03,183.40,0.60,-1,-1,-1
1871,27,685.98,87.50,73.06,55.22,0.51,-1,-1,-1
1872,1,553.73,87.32,108.36,81.25,0.59,-1,-1,-1
1872,2,935.39,80.34,76.91,64.17,0.65,-1,-1,-1
1872,3,1285.81,357.31,233.76,183.09,0.65,-1,-1,-1
1873,1,559.24,98.38,101.15,72.31,0.65,-1,-1,-1
1873,2,935.99,80.87,75.89,64.06,0.63,-1,-1,-1
1873,3,1285.67,357.06,233.64,183.45,0.64,-1,-1,-1
1874,1,559.30,98.83,101.23,72.07,0.65,-1,-1,-1
1874,2,935.87,81.14,75.98,63.94,0.61,-1,-1,-1
1874,3,1285.69,357.01,233.67,183.61,0.62,-1,-1,-1
1875,1,559.43,99.37,101.02,71.74,0.65,-1,-1,-1
1875,2,935.86,81.37,76.11,63.83,0.62,-1,-1,-1
1875,3,1284.98,356.68,232.82,183.28,0.62,-1,-1,-1
1876,1,558.41,96.37,102.03,74.45,0.68,-1,-1,-1
1876,2,934.45,81.76,77.41,63.32,0.63,-1,-1,-1
1876,3,1285.59,357.59,233.75,183.32,0.64,-1,-1,-1
1876,27,691.00,87.17,74.04,54.20,0.52,-1,-1,-1
1877,1,558.60,97.16,101.78,73.61,0.67,-1,-1,-1
1877,2,936.62,81.75,74.58,63.07,0.65,-1,-1,-1
1877,3,1285.02,357.14,232.88,182.83,0.64,-1,-1,-1
1877,27,690.88,86.51,75.15,56.30,0.61,-1,-1,-1
1878,1,559.07,98.36,101.42,72.44,0.67,-1,-1,-1
1878,2,934.06,82.09,77.50,63.21,0.71,-1,-1,-1
1878,3,1285.68,357.89,233.75,183.00,0.65,-1,-1,-1
1878,27,691.77,86.03,75.16,56.00,0.58,-1,-1,-1
1879,1,559.03,97.63,101.74,73.06,0.67,-1,-1,-1
1879,2,935.26,82.89,76.08,62.21,0.66,-1,-1,-1
1879,3,1284.88,357.06,232.98,182.88,0.65,-1,-1,-1
1879,27,695.21,86.68,75.89,56.21,0.59,-1,-1,-1
1880,1,560.22,97.79,100.65,72.88,0.64,-1,-1,-1
1880,2,934.87,81.09,77.19,64.31,0.69,-1,-1,-1
1880,3,1285.09,356.70,232.74,182.99,0.65,-1,-1,-1
1880,27,696.64,87.42,75.04,55.06,0.51,-1,-1,-1
1881,1,559.90,99.29,100.63,71.42,0.62,-1,-1,-1
1881,2,935.30,83.48,75.89,63.77,0.60,-1,-1,-1
1881,3,1286.01,356.95,233.40,183.52,0.68,-1,-1,-1
1881,27,696.41,86.34,75.47,55.29,0.57,-1,-1,-1
1882,1,559.27,98.17,101.45,73.06,0.61,-1,-1,-1
1882,2,935.80,85.76,75.76,59.48,0.52,-1,-1,-1
1882,3,1285.83,357.32,234.02,183.80,0.67,-1,-1,-1
1882,27,699.29,85.94,74.91,55.62,0.59,-1,-1,-1
1883,1,559.07,99.29,101.41,71.53,0.58,-1,-1,-1
1883,2,936.54,81.13,75.83,64.13,0.65,-1,-1,-1
1883,3,1286.68,357.93,233.12,182.88,0.71,-1,-1,-1
1883,27,701.95,85.46,73.90,54.99,0.62,-1,-1,-1
1884,1,558.84,96.76,102.63,72.89,0.58,-1,-1,-1
1884,2,936.58,82.38,74.29,63.38,0.62,-1,-1,-1
1884,3,1287.08,357.36,232.60,183.84,0.65,-1,-1,-1
1884,27,703.78,85.54,74.72,55.28,0.62,-1,-1,-1
1885,1,559.50,98.39,100.16,72.55,0.58,-1,-1,-1
1885,2,935.64,80.84,75.26,64.07,0.59,-1,-1,-1
1885,3,1287.41,357.94,231.99,183.56,0.62,-1,-1,-1
1885,27,705.35,84.85,75.67,56.37,0.62,-1,-1,-1
1886,1,557.64,94.43,103.86,75.57,0.57,-1,-1,-1
1886,2,934.90,81.29,76.16,63.56,0.75,-1,-1,-1
1886,3,1287.44,358.11,232.26,183.00,0.59,-1,-1,-1
1886,27,705.72,85.34,77.84,56.18,0.60,-1,-1,-1
1887,1,558.66,95.70,101.33,74.92,0.60,-1,-1,-1
1887,2,934.35,80.32,77.39,64.35,0.73,-1,-1,-1
1887,3,1287.13,358.73,232.74,182.45,0.60,-1,-1,-1
1887,27,706.20,84.81,79.60,56.50,0.62,-1,-1,-1
1888,1,559.20,95.91,100.86,74.70,0.61,-1,-1,-1
1888,2,935.13,80.31,76.55,64.85,0.72,-1,-1,-1
1888,3,1287.02,358.32,232.87,183.07,0.61,-1,-1,-1
1888,27,707.43,84.28,78.39,56.75,0.63,-1,-1,-1
1889,1,555.33,88.18,106.45,80.71,0.59,-1,-1,-1
1889,2,934.89,80.90,77.27,64.05,0.72,-1,-1,-1
1889,3,1287.09,357.71,232.95,183.57,0.59,-1,-1,-1
1889,27,708.10,84.02,76.63,55.89,0.60,-1,-1,-1
1890,1,559.05,96.25,101.07,74.14,0.59,-1,-1,-1
1890,2,934.97,81.06,77.23,63.82,0.62,-1,-1,-1
1890,3,1287.15,357.16,232.63,184.00,0.59,-1,-1,-1
1890,27,708.00,84.05,75.20,55.99,0.55,-1,-1,-1
1891,1,554.93,88.04,106.90,80.99,0.58,-1,-1,-1
1891,2,935.25,81.25,76.95,63.30,0.65,-1,-1,-1
1891,3,1287.27,357.04,232.34,183.89,0.58,-1,-1,-1
1891,27,709.20,84.78,76.62,55.58,0.53,-1,-1,-1
1892,1,558.69,95.31,101.36,74.94,0.58,-1,-1,-1
1892,2,934.29,81.40,78.42,63.08,0.68,-1,-1,-1
1892,3,1287.18,357.19,232.47,183.56,0.57,-1,-1,-1
1892,27,709.61,84.46,77.48,56.65,0.58,-1,-1,-1
1893,1,557.66,93.05,102.89,77.52,0.60,-1,-1,-1
1893,2,933.91,81.53,79.01,63.20,0.69,-1,-1,-1
1893,3,1286.83,356.91,232.65,184.00,0.60,-1,-1,-1
1894,1,553.67,83.38,108.68,85.53,0.61,-1,-1,-1
1894,2,933.86,81.31,78.99,63.01,0.70,-1,-1,-1
1894,3,1286.55,356.94,232.91,183.79,0.65,-1,-1,-1
1895,1,560.05,96.77,100.39,73.54,0.60,-1,-1,-1
1895,2,934.75,81.14,77.79,63.44,0.69,-1,-1,-1
1895,3,1286.54,356.10,232.81,184.52,0.66,-1,-1,-1
1896,1,558.89,96.51,101.31,73.38,0.59,-1,-1,-1
1896,2,935.02,80.80,77.74,63.21,0.69,-1,-1,-1
1896,3,1286.23,355.70,233.27,184.93,0.61,-1,-1,-1
1897,1,559.65,96.76,100.55,73.17,0.59,-1,-1,-1
1897,2,936.36,80.49,75.75,63.40,0.71,-1,-1,-1
1897,3,1286.32,356.05,233.10,184.12,0.64,-1,-1,-1
1897,29,881.83,91.74,59.76,50.94,0.54,-1,-1,-1
1898,1,559.42,96.18,100.50,72.25,0.58,-1,-1,-1
1898,2,935.94,80.21,76.09,63.11,0.73,-1,-1,-1
1898,3,1286.48,356.03,232.57,183.75,0.59,-1,-1,-1
1899,1,559.37,95.56,100.69,72.93,0.61,-1,-1,-1
1899,2,935.45,80.46,76.67,62.72,0.73,-1,-1,-1
1899,3,1286.35,356.01,232.87,183.84,0.56,-1,-1,-1
1899,27,712.36,81.58,81.66,60.59,0.53,-1,-1,-1
1900,1,559.00,95.23,101.19,73.70,0.64,-1,-1,-1
1900,2,935.74,80.43,76.27,63.25,0.72,-1,-1,-1
1900,3,1286.40,355.91,232.71,183.86,0.56,-1,-1,-1
1900,27,712.83,81.55,83.65,61.71,0.58,-1,-1,-1
1901,1,559.05,94.91,101.46,74.60,0.62,-1,-1,-1
1901,2,935.21,81.12,76.95,63.03,0.73,-1,-1,-1
1901,3,1286.40,355.94,232.83,184.09,0.62,-1,-1,-1
1901,27,713.98,81.35,84.81,62.20,0.60,-1,-1,-1
1901,29,882.09,92.01,59.35,50.33,0.50,-1,-1,-1
1902,1,559.71,96.11,100.61,73.17,0.59,-1,-1,-1
1902,2,935.89,80.59,76.67,63.55,0.71,-1,-1,-1
1902,3,1286.53,356.38,232.64,183.44,0.63,-1,-1,-1
1902,27,714.09,80.93,86.69,62.71,0.56,-1,-1,-1
1903,1,559.55,98.16,101.13,70.06,0.55,-1,-1,-1
1903,2,937.91,80.00,74.57,63.82,0.69,-1,-1,-1
1903,3,1286.68,354.55,232.05,185.91,0.77,-1,-1,-1
1903,27,714.97,81.10,87.58,62.62,0.60,-1,-1,-1
1904,1,559.50,97.96,101.46,70.54,0.55,-1,-1,-1
1904,2,937.94,79.88,74.76,64.07,0.70,-1,-1,-1
1904,3,1286.53,354.50,232.19,185.87,0.79,-1,-1,-1
1904,27,716.52,82.06,86.73,61.77,0.61,-1,-1,-1
1905,1,555.92,91.52,106.61,76.80,0.56,-1,-1,-1
1905,2,937.94,79.58,74.92,64.70,0.69,-1,-1,-1
1905,3,1286.85,354.74,231.34,185.79,0.75,-1,-1,-1
1905,27,716.96,82.29,86.48,61.95,0.60,-1,-1,-1
1906,1,553.02,89.79,109.97,78.72,0.58,-1,-1,-1
1906,2,937.85,80.66,74.95,63.24,0.70,-1,-1,-1
1906,3,1287.57,357.33,231.41,183.73,0.74,-1,-1,-1
1906,27,718.85,80.85,85.50,64.44,0.60,-1,-1,-1
1907,1,553.37,91.51,109.75,76.99,0.56,-1,-1,-1
1907,2,937.61,80.44,74.70,63.83,0.71,-1,-1,-1
1907,3,1287.33,357.18,231.55,183.53,0.72,-1,-1,-1
1907,27,717.33,81.45,87.75,65.44,0.60,-1,-1,-1
1908,1,559.35,95.73,101.79,73.02,0.55,-1,-1,-1
1908,2,938.27,79.90,74.02,64.35,0.70,-1,-1,-1
1908,3,1287.15,357.37,231.90,184.09,0.70,-1,-1,-1
1908,27,717.48,81.70,89.11,67.05,0.67,-1,-1,-1
1909,1,554.62,89.64,108.54,79.20,0.56,-1,-1,-1
1909,2,937.11,80.15,74.93,64.41,0.69,-1,-1,-1
1909,3,1285.82,357.45,232.42,183.54,0.63,-1,-1,-1
1909,27,718.29,81.73,90.47,69.15,0.66,-1,-1,-1
1910,1,559.25,96.75,101.10,72.58,0.59,-1,-1,-1
1910,2,936.50,80.78,75.26,63.98,0.68,-1,-1,-1
1910,3,1286.12,358.65,232.60,182.57,0.60,-1,-1,-1
1910,27,718.55,82.34,92.96,69.45,0.66,-1,-1,-1
1911,1,560.06,96.11,99.96,73.51,0.59,-1,-1,-1
1911,2,936.63,81.01,74.91,64.01,0.67,-1,-1,-1
1911,3,1285.87,358.55,232.96,182.51,0.59,-1,-1,-1
1911,27,719.61,82.21,91.24,72.28,0.64,-1,-1,-1
1912,1,559.77,96.14,100.31,73.57,0.61,-1,-1,-1
1912,2,936.88,80.96,74.56,63.92,0.68,-1,-1,-1
1912,3,1285.62,358.81,233.13,182.18,0.62,-1,-1,-1
1912,27,720.53,82.45,90.49,72.02,0.65,-1,-1,-1
1913,1,559.72,95.11,100.42,74.40,0.62,-1,-1,-1
1913,2,937.30,81.08,74.10,63.67,0.67,-1,-1,-1
1913,3,1285.90,358.37,232.95,182.64,0.59,-1,-1,-1
1913,27,721.10,83.77,90.36,71.30,0.73,-1,-1,-1
1914,1,560.03,95.92,100.15,73.95,0.62,-1,-1,-1
1914,2,937.14,80.86,74.59,63.94,0.68,-1,-1,-1
1914,3,1285.03,357.72,232.36,182.51,0.59,-1,-1,-1
1914,27,718.36,84.67,96.84,69.55,0.72,-1,-1,-1
1915,1,560.75,94.76,99.37,74.42,0.62,-1,-1,-1
1915,2,937.58,80.77,74.08,63.57,0.68,-1,-1,-1
1915,3,1286.06,358.24,232.76,182.78,0.59,-1,-1,-1
1915,27,719.56,86.40,93.61,70.74,0.70,-1,-1,-1
1916,1,560.27,96.00,100.48,73.92,0.61,-1,-1,-1
1916,2,937.75,80.21,74.52,64.11,0.67,-1,-1,-1
1916,3,1285.95,357.92,232.67,183.05,0.63,-1,-1,-1
1916,27,719.29,86.09,93.74,73.86,0.71,-1,-1,-1
1917,1,560.08,95.75,100.81,73.86,0.59,-1,-1,-1
1917,2,938.10,79.87,74.29,64.68,0.67,-1,-1,-1
1917,3,1285.98,357.91,232.70,183.07,0.65,-1,-1,-1
1917,27,716.17,86.03,98.17,75.96,0.72,-1,-1,-1
1918,1,559.94,95.75,100.92,73.59,0.59,-1,-1,-1
1918,2,937.97,79.71,74.40,64.90,0.68,-1,-1,-1
1918,3,1285.68,357.16,232.73,184.23,0.64,-1,-1,-1
1918,27,717.29,87.96,95.56,75.47,0.78,-1,-1,-1
1919,1,559.94,95.90,100.27,73.18,0.58,-1,-1,-1
1919,2,937.68,79.74,74.71,65.04,0.68,-1,-1,-1
1919,3,1285.58,357.52,232.99,183.77,0.62,-1,-1,-1
1919,27,715.67,89.29,96.66,75.85,0.76,-1,-1,-1
1920,1,559.67,95.42,100.63,73.81,0.60,-1,-1,-1
1920,2,937.60,79.98,75.11,64.63,0.68,-1,-1,-1
1920,3,1285.26,357.19,233.44,183.72,0.65,-1,-1,-1
1920,27,714.56,89.91,96.88,76.72,0.74,-1,-1,-1
1921,1,557.76,95.89,102.94,73.58,0.60,-1,-1,-1
1921,2,937.33,80.28,74.61,64.44,0.66,-1,-1,-1
1921,3,1285.67,356.63,233.03,184.05,0.68,-1,-1,-1
1921,27,717.28,91.19,94.58,75.83,0.72,-1,-1,-1
1922,1,558.83,96.27,101.55,73.27,0.61,-1,-1,-1
1922,2,937.12,79.81,75.02,64.33,0.69,-1,-1,-1
1922,3,1284.87,355.09,232.10,184.20,0.68,-1,-1,-1
1922,27,714.85,89.99,98.52,78.82,0.72,-1,-1,-1
1923,1,558.37,94.56,102.43,74.49,0.60,-1,-1,-1
1923,2,937.00,79.83,75.08,64.43,0.71,-1,-1,-1
1923,3,1285.72,356.15,232.86,184.21,0.70,-1,-1,-1
1923,27,714.02,90.11,99.13,80.09,0.77,-1,-1,-1
1924,1,558.38,95.93,102.10,73.18,0.59,-1,-1,-1
1924,2,937.08,79.78,75.29,64.54,0.71,-1,-1,-1
1924,3,1285.79,356.23,232.74,184.22,0.69,-1,-1,-1
1924,27,713.85,93.55,99.60,78.91,0.78,-1,-1,-1
1925,1,558.17,96.53,101.99,72.58,0.59,-1,-1,-1
1925,2,936.79,80.09,75.62,64.43,0.70,-1,-1,-1
1925,3,1285.75,356.13,232.76,184.38,0.70,-1,-1,-1
1925,27,712.28,94.09,100.88,82.10,0.84,-1,-1,-1
1926,1,558.84,97.18,101.23,72.35,0.60,-1,-1,-1
1926,2,936.74,80.08,75.33,64.33,0.70,-1,-1,-1
1926,3,1285.61,355.83,232.82,184.71,0.68,-1,-1,-1
1926,27,712.93,97.74,100.17,79.49,0.82,-1,-1,-1
1927,1,552.69,89.34,109.67,79.03,0.60,-1,-1,-1
1927,2,937.04,80.36,75.24,64.21,0.69,-1,-1,-1
1927,3,1285.51,355.74,232.99,184.86,0.67,-1,-1,-1
1927,27,710.98,98.03,101.74,79.44,0.82,-1,-1,-1
1928,1,553.71,89.93,107.95,78.43,0.57,-1,-1,-1
1928,2,937.66,80.29,74.00,64.44,0.67,-1,-1,-1
1928,3,1285.23,355.40,233.52,185.35,0.64,-1,-1,-1
1928,27,710.41,100.50,101.00,79.72,0.79,-1,-1,-1
1929,1,558.91,97.36,100.49,72.35,0.57,-1,-1,-1
1929,2,937.79,80.89,73.78,63.63,0.67,-1,-1,-1
1929,3,1284.66,355.66,232.75,184.18,0.61,-1,-1,-1
1929,27,709.36,100.76,103.96,82.57,0.79,-1,-1,-1
1930,1,559.73,96.89,99.61,72.48,0.57,-1,-1,-1
1930,2,937.84,80.77,73.61,63.57,0.68,-1,-1,-1
1930,3,1284.13,355.45,233.34,184.73,0.62,-1,-1,-1
1930,27,707.69,102.40,104.20,83.77,0.77,-1,-1,-1
1931,1,559.30,97.80,99.81,71.15,0.55,-1,-1,-1
1931,2,937.35,80.51,73.82,63.96,0.67,-1,-1,-1
1931,3,1284.45,355.45,233.25,184.87,0.60,-1,-1,-1
1931,27,707.82,106.31,104.21,81.73,0.76,-1,-1,-1
1932,1,558.78,97.36,100.61,71.85,0.56,-1,-1,-1
1932,2,937.11,81.46,74.01,63.16,0.65,-1,-1,-1
1932,3,1284.35,355.45,233.19,184.88,0.64,-1,-1,-1
1932,27,707.32,108.16,102.83,81.66,0.77,-1,-1,-1
1933,1,558.92,96.50,100.73,72.65,0.57,-1,-1,-1
1933,2,936.92,80.94,74.00,63.79,0.64,-1,-1,-1
1933,3,1284.31,355.38,234.96,186.13,0.56,-1,-1,-1
1933,27,707.97,111.61,101.21,80.13,0.79,-1,-1,-1
1934,1,559.02,96.87,100.51,72.13,0.56,-1,-1,-1
1934,2,936.81,81.06,73.97,63.72,0.64,-1,-1,-1
1934,3,1284.50,355.40,234.83,186.10,0.59,-1,-1,-1
1934,27,706.71,113.60,102.16,79.93,0.80,-1,-1,-1
1935,1,555.39,91.19,106.80,77.10,0.54,-1,-1,-1
1935,2,936.68,81.65,74.85,63.12,0.64,-1,-1,-1
1935,3,1285.27,355.08,233.94,186.29,0.58,-1,-1,-1
1935,27,704.98,115.86,103.89,81.28,0.75,-1,-1,-1
1936,1,555.56,91.68,106.42,76.56,0.53,-1,-1,-1
1936,2,936.54,81.82,75.21,62.95,0.63,-1,-1,-1
1936,3,1285.64,355.34,233.72,186.01,0.61,-1,-1,-1
1936,27,704.32,116.39,104.29,84.32,0.78,-1,-1,-1
1937,1,555.40,91.74,106.42,76.56,0.53,-1,-1,-1
1937,2,936.41,81.98,75.13,62.94,0.64,-1,-1,-1
1937,3,1285.83,355.23,233.44,186.25,0.61,-1,-1,-1
1937,27,702.29,116.52,106.63,85.45,0.80,-1,-1,-1
1938,1,555.45,91.79,106.31,76.60,0.55,-1,-1,-1
1938,2,936.26,81.89,75.22,63.05,0.64,-1,-1,-1
1938,3,1285.74,354.99,233.62,186.34,0.64,-1,-1,-1
1938,27,702.75,116.69,107.17,86.98,0.75,-1,-1,-1
1939,1,556.13,91.89,105.68,76.68,0.51,-1,-1,-1
1939,2,936.56,81.74,74.76,62.97,0.64,-1,-1,-1
1939,3,1285.52,355.17,233.84,186.20,0.62,-1,-1,-1
1939,27,700.40,118.33,109.82,90.27,0.77,-1,-1,-1
1940,2,936.62,82.12,74.96,62.35,0.63,-1,-1,-1
1940,3,1285.34,355.23,233.93,186.08,0.59,-1,-1,-1
1940,27,699.10,120.00,109.97,91.49,0.79,-1,-1,-1
1941,2,936.25,80.85,75.53,64.10,0.64,-1,-1,-1
1941,3,1284.41,354.28,232.84,185.95,0.53,-1,-1,-1
1941,27,695.68,125.69,111.86,87.77,0.76,-1,-1,-1
1942,2,935.76,80.73,75.88,64.10,0.66,-1,-1,-1
1942,3,1284.48,354.80,232.75,185.15,0.56,-1,-1,-1
1942,27,693.32,126.69,113.29,88.23,0.66,-1,-1,-1
1943,1,558.79,96.63,101.66,72.51,0.50,-1,-1,-1
1943,2,936.54,80.03,76.39,64.62,0.63,-1,-1,-1
1943,3,1285.19,357.92,232.95,183.46,0.65,-1,-1,-1
1943,27,692.08,128.68,115.33,87.76,0.74,-1,-1,-1
1944,2,936.23,80.00,76.79,64.73,0.65,-1,-1,-1
1944,3,1285.49,357.73,232.64,183.18,0.68,-1,-1,-1
1944,27,691.45,129.99,114.57,90.06,0.71,-1,-1,-1
1945,2,935.61,79.92,76.90,64.43,0.67,-1,-1,-1
1945,3,1285.08,358.10,233.16,182.79,0.60,-1,-1,-1
1945,27,689.62,133.32,114.95,90.28,0.73,-1,-1,-1
1946,2,935.62,79.94,76.81,64.12,0.67,-1,-1,-1
1946,3,1285.10,357.78,233.38,183.49,0.60,-1,-1,-1
1946,27,688.73,137.12,114.90,88.70,0.78,-1,-1,-1
1947,2,935.92,79.94,76.30,64.21,0.67,-1,-1,-1
1947,3,1285.07,358.19,233.41,183.06,0.62,-1,-1,-1
1947,27,688.11,138.79,114.18,88.81,0.78,-1,-1,-1
1948,2,935.97,80.20,76.38,64.05,0.66,-1,-1,-1
1948,3,1285.07,358.34,233.47,182.83,0.62,-1,-1,-1
1948,27,687.19,141.37,114.43,89.70,0.79,-1,-1,-1
1949,2,936.05,80.21,76.76,64.01,0.67,-1,-1,-1
1949,3,1285.17,358.37,233.37,182.80,0.62,-1,-1,-1
1949,27,685.75,141.94,115.25,92.30,0.81,-1,-1,-1
1950,2,936.10,80.35,76.70,63.79,0.66,-1,-1,-1
1950,3,1285.48,358.40,233.02,182.84,0.62,-1,-1,-1
1950,27,682.14,143.81,117.32,93.76,0.79,-1,-1,-1
1951,2,936.71,80.44,76.15,63.75,0.65,-1,-1,-1
1951,3,1285.59,358.46,233.04,182.83,0.62,-1,-1,-1
1951,27,678.15,144.76,119.03,94.94,0.82,-1,-1,-1
1952,2,936.69,80.30,76.13,63.75,0.65,-1,-1,-1
1952,3,1285.68,359.30,232.87,182.00,0.62,-1,-1,-1
1952,27,675.41,148.04,121.35,93.57,0.73,-1,-1,-1
1953,2,936.79,80.55,76.19,63.37,0.66,-1,-1,-1
1953,3,1285.53,359.07,233.00,182.74,0.61,-1,-1,-1
1953,27,673.64,148.83,121.95,96.64,0.80,-1,-1,-1
1954,2,936.40,80.65,76.39,63.46,0.65,-1,-1,-1
1954,3,1285.67,358.97,232.80,182.45,0.63,-1,-1,-1
1954,27,671.17,152.12,122.46,97.99,0.83,-1,-1,-1
1955,2,936.98,80.60,75.63,63.42,0.65,-1,-1,-1
1955,3,1285.90,358.24,233.06,183.47,0.56,-1,-1,-1
1955,27,670.21,156.25,121.85,97.89,0.85,-1,-1,-1
1956,2,936.88,80.61,75.41,63.42,0.64,-1,-1,-1
1956,3,1285.56,357.77,233.30,183.46,0.60,-1,-1,-1
1956,27,665.93,159.62,125.00,100.61,0.82,-1,-1,-1
1957,1,559.39,92.90,100.71,76.16,0.51,-1,-1,-1
1957,2,936.38,80.73,75.36,63.22,0.66,-1,-1,-1
1957,3,1285.55,357.86,233.36,183.67,0.59,-1,-1,-1
1957,27,663.83,158.09,125.50,104.62,0.82,-1,-1,-1
1958,2,936.82,80.48,74.95,63.39,0.66,-1,-1,-1
1958,3,1285.46,358.07,233.59,183.64,0.59,-1,-1,-1
1958,27,661.00,162.08,128.12,102.49,0.77,-1,-1,-1
1959,2,937.21,80.64,74.64,63.15,0.66,-1,-1,-1
1959,3,1285.38,357.74,233.42,184.15,0.59,-1,-1,-1
1959,27,656.57,164.72,129.55,104.35,0.74,-1,-1,-1
1960,2,937.02,80.70,74.99,62.98,0.67,-1,-1,-1
1960,3,1285.24,357.58,233.75,184.45,0.56,-1,-1,-1
1960,27,652.86,167.93,133.73,105.02,0.79,-1,-1,-1
1961,2,936.92,80.88,75.51,62.74,0.67,-1,-1,-1
1961,3,1285.17,356.70,233.75,185.54,0.56,-1,-1,-1
1961,27,648.93,170.59,133.02,106.03,0.80,-1,-1,-1
1962,2,936.90,80.91,75.47,62.72,0.67,-1,-1,-1
1962,3,1285.18,356.82,233.62,185.42,0.56,-1,-1,-1
1962,27,646.70,172.16,133.92,109.35,0.80,-1,-1,-1
1963,2,936.83,80.62,75.56,63.23,0.66,-1,-1,-1
1963,3,1284.79,357.16,233.90,184.80,0.56,-1,-1,-1
1963,27,643.95,173.92,137.01,111.59,0.80,-1,-1,-1
1964,1,552.64,83.41,110.89,84.97,0.51,-1,-1,-1
1964,2,935.62,80.92,76.80,63.40,0.69,-1,-1,-1
1964,3,1285.16,357.09,233.32,184.13,0.57,-1,-1,-1
1964,27,640.96,174.80,137.38,113.44,0.78,-1,-1,-1
1965,2,935.99,80.38,76.09,63.74,0.68,-1,-1,-1
1965,3,1285.25,356.62,233.24,184.55,0.61,-1,-1,-1
1965,27,637.93,179.07,140.02,111.61,0.80,-1,-1,-1
1966,1,552.11,84.11,111.16,84.35,0.52,-1,-1,-1
1966,2,935.97,79.97,76.01,64.29,0.68,-1,-1,-1
1966,3,1284.81,356.16,233.51,184.70,0.62,-1,-1,-1
1966,27,636.12,181.66,141.56,113.08,0.82,-1,-1,-1
1967,1,557.45,95.69,103.01,73.39,0.53,-1,-1,-1
1967,2,936.02,79.95,76.10,64.29,0.68,-1,-1,-1
1967,3,1284.87,356.30,233.45,184.65,0.57,-1,-1,-1
1967,27,634.24,187.42,141.79,112.24,0.82,-1,-1,-1
1968,1,558.60,96.86,101.81,71.98,0.51,-1,-1,-1
1968,2,936.20,79.88,75.71,63.99,0.67,-1,-1,-1
1968,3,1284.59,355.89,232.00,184.14,0.57,-1,-1,-1
1968,27,632.22,192.14,143.17,112.95,0.78,-1,-1,-1
1969,2,936.06,80.69,75.90,63.17,0.67,-1,-1,-1
1969,3,1285.60,357.63,232.26,183.49,0.60,-1,-1,-1
1969,27,628.87,194.89,146.11,114.39,0.81,-1,-1,-1
1970,1,553.12,86.06,110.12,82.41,0.52,-1,-1,-1
1970,2,936.12,80.60,75.77,63.31,0.69,-1,-1,-1
1970,3,1285.58,357.58,232.15,183.65,0.62,-1,-1,-1
1970,27,627.87,195.94,147.36,115.13,0.78,-1,-1,-1
1971,1,559.51,95.52,100.70,73.09,0.54,-1,-1,-1
1971,2,937.35,79.92,74.84,64.21,0.64,-1,-1,-1
1971,3,1286.76,357.49,231.53,184.08,0.74,-1,-1,-1
1971,27,628.68,197.73,148.13,121.38,0.77,-1,-1,-1
1972,1,559.67,95.51,100.64,73.21,0.53,-1,-1,-1
1972,2,937.07,79.84,74.92,64.29,0.65,-1,-1,-1
1972,3,1286.56,357.56,231.95,184.00,0.75,-1,-1,-1
1972,27,628.59,200.31,147.74,122.49,0.79,-1,-1,-1
1973,1,559.80,96.00,100.52,72.87,0.51,-1,-1,-1
1973,2,937.19,79.77,74.75,64.30,0.64,-1,-1,-1
1973,3,1286.53,357.43,231.94,183.89,0.75,-1,-1,-1
1973,27,628.17,203.28,148.34,122.51,0.78,-1,-1,-1
1974,1,560.02,96.02,100.25,73.01,0.52,-1,-1,-1
1974,2,937.01,79.84,75.31,64.17,0.65,-1,-1,-1
1974,3,1286.52,357.37,231.98,183.94,0.75,-1,-1,-1
1974,27,625.53,208.80,150.29,125.13,0.84,-1,-1,-1
1975,1,560.03,95.80,100.14,73.19,0.51,-1,-1,-1
1975,2,937.33,79.65,74.97,64.43,0.64,-1,-1,-1
1975,3,1286.45,357.43,232.00,183.71,0.75,-1,-1,-1
1975,27,621.45,215.42,156.38,123.33,0.84,-1,-1,-1
1976,1,560.39,96.87,99.77,72.13,0.52,-1,-1,-1
1976,2,937.40,79.45,74.68,64.63,0.63,-1,-1,-1
1976,3,1286.39,357.13,231.99,183.99,0.75,-1,-1,-1
1976,27,618.86,217.41,159.70,126.79,0.82,-1,-1,-1
1977,1,560.08,95.75,99.91,73.08,0.54,-1,-1,-1
1977,2,937.32,79.42,74.83,64.43,0.63,-1,-1,-1
1977,3,1286.39,357.05,231.96,184.09,0.76,-1,-1,-1
1977,27,618.31,220.16,161.90,127.57,0.81,-1,-1,-1
1978,1,559.86,95.64,100.20,73.28,0.54,-1,-1,-1
1978,2,937.64,80.77,74.03,65.70,0.64,-1,-1,-1
1978,3,1286.27,357.13,232.15,184.21,0.75,-1,-1,-1
1978,27,618.35,225.38,162.33,130.66,0.85,-1,-1,-1
1979,1,559.17,94.55,100.99,74.22,0.55,-1,-1,-1
1979,2,937.35,79.35,74.69,64.63,0.64,-1,-1,-1
1979,3,1286.07,357.06,232.34,184.08,0.73,-1,-1,-1
1979,27,615.68,228.63,165.00,132.18,0.84,-1,-1,-1
1980,1,559.99,95.54,100.32,73.25,0.54,-1,-1,-1
1980,2,937.63,80.88,74.27,65.67,0.64,-1,-1,-1
1980,3,1286.24,357.48,232.23,183.64,0.74,-1,-1,-1
1980,27,615.16,234.41,166.53,132.11,0.82,-1,-1,-1
1981,1,558.53,96.08,101.59,73.29,0.59,-1,-1,-1
1981,2,937.04,80.00,75.23,64.40,0.64,-1,-1,-1
1981,3,1286.04,357.96,232.07,182.66,0.72,-1,-1,-1
1981,27,614.50,238.82,166.47,131.92,0.81,-1,-1,-1
1982,1,558.56,96.64,101.58,72.81,0.60,-1,-1,-1
1982,2,936.86,80.08,75.45,64.36,0.65,-1,-1,-1
1982,3,1286.07,357.85,232.00,183.00,0.72,-1,-1,-1
1982,27,615.98,240.51,165.96,138.08,0.82,-1,-1,-1
1983,1,559.04,96.14,101.05,72.93,0.59,-1,-1,-1
1983,2,936.96,80.20,75.41,64.42,0.64,-1,-1,-1
1983,3,1286.47,358.00,231.66,182.59,0.74,-1,-1,-1
1983,27,612.72,242.85,171.88,139.33,0.79,-1,-1,-1
1984,1,559.41,95.62,100.63,73.32,0.59,-1,-1,-1
1984,2,937.56,79.64,74.40,64.87,0.63,-1,-1,-1
1984,3,1286.06,357.04,232.00,183.20,0.78,-1,-1,-1
1984,27,609.71,245.09,174.76,140.98,0.82,-1,-1,-1
1985,1,559.14,94.98,100.75,73.86,0.59,-1,-1,-1
1985,2,937.70,79.62,74.41,64.61,0.63,-1,-1,-1
1985,3,1285.84,356.91,232.03,183.28,0.79,-1,-1,-1
1985,27,605.95,247.54,183.14,145.19,0.84,-1,-1,-1
1986,1,559.18,96.82,100.73,72.50,0.58,-1,-1,-1
1986,2,937.39,79.41,74.75,65.05,0.61,-1,-1,-1
1986,3,1285.61,357.66,232.34,183.03,0.81,-1,-1,-1
1986,27,604.12,252.03,181.77,145.18,0.82,-1,-1,-1
1987,1,558.55,96.46,101.39,72.83,0.58,-1,-1,-1
1987,2,937.32,79.67,74.78,64.92,0.62,-1,-1,-1
1987,3,1285.70,357.76,232.27,182.77,0.79,-1,-1,-1
1987,27,601.10,255.69,186.37,146.77,0.83,-1,-1,-1
1988,1,559.14,97.09,100.77,72.28,0.56,-1,-1,-1
1988,2,937.61,80.75,73.87,66.10,0.62,-1,-1,-1
1988,3,1284.82,358.10,233.02,182.46,0.76,-1,-1,-1
1988,27,599.92,261.49,189.04,149.00,0.83,-1,-1,-1
1989,1,558.82,96.57,101.15,72.70,0.58,-1,-1,-1
1989,2,936.91,79.26,74.73,64.57,0.63,-1,-1,-1
1989,3,1284.85,357.73,232.94,182.60,0.78,-1,-1,-1
1989,27,597.67,264.51,192.70,152.73,0.85,-1,-1,-1
1990,1,559.34,97.13,100.48,72.20,0.57,-1,-1,-1
1990,2,936.75,79.47,74.86,64.44,0.62,-1,-1,-1
1990,3,1285.00,357.57,232.93,182.84,0.76,-1,-1,-1
1990,27,597.32,268.67,195.06,154.71,0.82,-1,-1,-1
1991,1,559.34,98.59,100.60,70.84,0.56,-1,-1,-1
1991,2,937.50,80.96,74.07,65.18,0.62,-1,-1,-1
1991,3,1285.14,357.35,232.57,182.78,0.75,-1,-1,-1
1991,27,593.97,273.50,198.14,157.18,0.85,-1,-1,-1
1992,1,560.24,97.30,100.05,71.23,0.54,-1,-1,-1
1992,2,936.81,80.35,75.07,63.55,0.64,-1,-1,-1
1992,3,1285.95,356.77,232.75,183.63,0.74,-1,-1,-1
1992,27,591.80,279.58,201.62,156.52,0.78,-1,-1,-1
1993,1,559.64,97.32,100.01,71.30,0.52,-1,-1,-1
1993,2,936.61,79.68,75.79,64.27,0.66,-1,-1,-1
1993,3,1284.91,356.31,233.36,185.57,0.68,-1,-1,-1
1993,27,592.64,287.42,193.94,157.40,0.84,-1,-1,-1
1993,30,878.45,92.18,63.57,50.23,0.50,-1,-1,-1
1994,1,559.78,97.89,99.95,70.71,0.54,-1,-1,-1
1994,2,936.54,79.73,75.81,64.19,0.66,-1,-1,-1
1994,3,1285.83,356.59,232.84,183.88,0.71,-1,-1,-1
1994,27,587.70,290.73,201.33,172.62,0.85,-1,-1,-1
1994,30,878.42,92.09,63.96,50.27,0.52,-1,-1,-1
1995,1,559.69,98.78,100.06,69.88,0.53,-1,-1,-1
1995,2,936.71,79.81,75.78,64.18,0.65,-1,-1,-1
1995,3,1285.43,356.64,232.76,185.44,0.71,-1,-1,-1
1995,27,585.63,300.87,202.48,172.70,0.83,-1,-1,-1
1995,30,878.33,92.37,63.83,50.50,0.51,-1,-1,-1
1996,1,550.85,89.84,110.97,78.19,0.57,-1,-1,-1
1996,2,936.74,80.26,76.00,63.54,0.66,-1,-1,-1
1996,3,1286.65,358.14,232.02,182.61,0.68,-1,-1,-1
1996,27,582.95,309.24,203.26,172.85,0.82,-1,-1,-1
1996,30,878.13,91.82,64.67,51.37,0.51,-1,-1,-1
1997,1,550.80,89.84,111.04,78.22,0.59,-1,-1,-1
1997,2,936.54,80.18,75.99,63.75,0.66,-1,-1,-1
1997,3,1286.57,358.62,232.11,182.14,0.69,-1,-1,-1
1997,27,577.69,315.68,213.07,177.59,0.84,-1,-1,-1
1997,30,878.39,91.78,64.43,51.38,0.53,-1,-1,-1
1998,1,550.90,91.36,111.00,76.68,0.62,-1,-1,-1
1998,2,935.69,79.97,77.03,64.03,0.69,-1,-1,-1
1998,3,1286.62,358.49,232.00,182.27,0.68,-1,-1,-1
1998,27,572.72,327.57,216.58,177.74,0.84,-1,-1,-1
1998,30,878.66,91.95,63.67,51.29,0.58,-1,-1,-1
1999,1,551.18,89.34,110.56,78.64,0.59,-1,-1,-1
1999,2,935.52,80.23,77.05,63.87,0.67,-1,-1,-1
1999,3,1286.42,357.79,232.10,182.91,0.68,-1,-1,-1
1999,27,568.10,335.71,223.72,184.98,0.86,-1,-1,-1
1999,30,878.80,91.60,63.96,50.91,0.55,-1,-1,-1
2000,1,552.14,90.52,109.57,77.37,0.57,-1,-1,-1
2000,2,935.63,80.31,76.84,63.80,0.67,-1,-1,-1
2000,3,1286.31,357.63,232.28,183.17,0.70,-1,-1,-1
2000,27,562.24,347.08,225.57,183.46,0.83,-1,-1,-1
2000,30,878.81,91.67,64.11,50.98,0.54,-1,-1,-1
2001,1,551.92,89.76,109.68,78.43,0.56,-1,-1,-1
2001,2,936.06,80.38,77.11,63.59,0.65,-1,-1,-1
2001,3,1286.40,357.24,232.46,183.26,0.68,-1,-1,-1
2001,27,560.09,355.24,227.79,192.63,0.84,-1,-1,-1
2001,30,878.38,92.05,64.65,51.20,0.53,-1,-1,-1
2002,1,559.76,96.92,100.01,71.74,0.52,-1,-1,-1
2002,2,937.46,79.64,75.13,63.68,0.67,-1,-1,-1
2002,3,1286.43,357.45,232.06,183.04,0.67,-1,-1,-1
2002,27,554.66,365.60,233.70,194.58,0.84,-1,-1,-1
2002,30,877.92,91.83,65.36,51.29,0.52,-1,-1,-1
2003,1,559.63,96.85,100.13,71.83,0.51,-1,-1,-1
2003,2,937.61,79.52,75.05,63.76,0.68,-1,-1,-1
2003,3,1286.53,357.34,231.87,182.98,0.67,-1,-1,-1
2003,27,549.86,379.78,239.53,190.76,0.84,-1,-1,-1
2003,30,877.72,92.16,65.45,51.37,0.54,-1,-1,-1
2004,1,559.04,97.33,100.60,71.43,0.53,-1,-1,-1
2004,2,936.89,79.42,75.53,64.07,0.68,-1,-1,-1
2004,3,1285.92,358.48,232.62,182.53,0.57,-1,-1,-1
2004,27,548.80,390.39,239.32,198.08,0.81,-1,-1,-1
2004,30,877.38,92.71,65.33,50.82,0.55,-1,-1,-1
2005,1,559.80,96.80,100.05,71.89,0.53,-1,-1,-1
2005,2,936.63,79.49,76.00,64.71,0.67,-1,-1,-1
2005,3,1285.58,357.70,232.83,183.42,0.52,-1,-1,-1
2005,27,540.66,401.18,250.21,201.29,0.77,-1,-1,-1
2006,1,559.83,97.47,99.98,71.38,0.54,-1,-1,-1
2006,2,936.81,79.46,75.74,64.61,0.68,-1,-1,-1
2006,27,539.21,409.55,250.99,207.18,0.79,-1,-1,-1
2006,30,877.50,92.90,64.16,50.49,0.51,-1,-1,-1
2007,1,559.54,98.00,100.12,71.12,0.54,-1,-1,-1
2007,2,936.43,79.63,76.11,64.52,0.67,-1,-1,-1
2007,3,1285.51,357.50,232.69,183.90,0.51,-1,-1,-1
2007,27,533.51,427.16,251.42,205.44,0.83,-1,-1,-1
2007,30,877.78,92.98,63.66,50.54,0.52,-1,-1,-1
2008,1,559.52,97.65,100.15,71.22,0.54,-1,-1,-1
2008,2,936.59,79.49,76.00,64.33,0.67,-1,-1,-1
2008,27,531.20,438.42,258.96,209.23,0.79,-1,-1,-1
2009,1,559.41,96.84,100.25,72.14,0.56,-1,-1,-1
2009,2,936.58,79.59,75.75,64.36,0.65,-1,-1,-1
2009,27,525.37,452.33,266.76,213.33,0.75,-1,-1,-1
2010,1,560.52,96.89,99.14,71.94,0.54,-1,-1,-1
2010,2,936.76,79.57,75.01,64.48,0.65,-1,-1,-1
2010,27,518.87,466.25,273.62,219.73,0.79,-1,-1,-1
2011,1,557.32,92.33,104.25,75.78,0.56,-1,-1,-1
2011,2,936.72,79.44,75.58,64.58,0.65,-1,-1,-1
2011,27,514.59,476.00,278.12,229.45,0.82,-1,-1,-1
2012,1,556.51,91.85,105.05,76.30,0.58,-1,-1,-1
2012,2,935.80,80.41,76.81,64.39,0.66,-1,-1,-1
2012,3,1285.49,357.47,231.73,182.66,0.55,-1,-1,-1
2012,27,510.22,492.52,283.35,233.24,0.87,-1,-1,-1
2013,1,555.87,90.00,105.26,78.07,0.60,-1,-1,-1
2013,2,935.72,80.33,75.98,64.26,0.66,-1,-1,-1
2013,3,1285.34,358.22,231.74,181.78,0.52,-1,-1,-1
2013,27,504.45,509.43,289.83,235.93,0.83,-1,-1,-1
2013,30,878.22,92.95,62.74,50.96,0.51,-1,-1,-1
2014,1,559.02,90.92,101.92,77.20,0.60,-1,-1,-1
2014,2,935.80,80.51,76.11,64.19,0.65,-1,-1,-1
2014,27,499.33,526.55,297.35,242.49,0.85,-1,-1,-1
2014,30,877.99,93.39,62.20,50.74,0.50,-1,-1,-1
2015,1,558.33,91.22,102.86,77.06,0.60,-1,-1,-1
2015,2,935.30,80.72,76.52,64.26,0.65,-1,-1,-1
2015,27,493.00,541.29,304.91,249.27,0.86,-1,-1,-1
2015,30,878.29,93.32,61.50,50.81,0.52,-1,-1,-1
2016,1,558.26,90.22,102.87,77.97,0.58,-1,-1,-1
2016,2,935.30,80.85,76.45,64.23,0.64,-1,-1,-1
2016,27,485.79,562.94,308.07,253.08,0.86,-1,-1,-1
2016,30,878.62,93.26,61.53,50.84,0.52,-1,-1,-1
2017,1,559.55,93.14,101.41,75.29,0.60,-1,-1,-1
2017,2,935.54,81.30,75.67,63.61,0.61,-1,-1,-1
2017,27,479.63,582.92,313.98,259.45,0.78,-1,-1,-1
2018,1,559.64,92.63,101.03,75.56,0.57,-1,-1,-1
2018,2,935.15,80.96,76.59,63.68,0.63,-1,-1,-1
2018,27,470.61,600.29,322.80,262.82,0.78,-1,-1,-1
2019,1,558.95,91.79,101.78,76.60,0.59,-1,-1,-1
2019,2,935.26,81.11,76.62,63.55,0.62,-1,-1,-1
2019,27,460.71,621.72,326.91,278.53,0.87,-1,-1,-1
2019,30,877.57,93.08,63.46,50.90,0.50,-1,-1,-1
2020,1,558.66,91.48,102.19,76.89,0.59,-1,-1,-1
2020,2,935.36,80.98,76.28,63.67,0.62,-1,-1,-1
2020,27,451.21,645.34,334.53,285.59,0.90,-1,-1,-1
2021,1,558.47,90.46,102.52,77.94,0.56,-1,-1,-1
2021,2,935.86,80.99,75.67,63.43,0.62,-1,-1,-1
2021,27,431.58,669.15,348.16,293.41,0.93,-1,-1,-1
2022,1,557.24,88.64,103.86,79.35,0.59,-1,-1,-1
2022,2,936.16,81.00,76.26,62.90,0.67,-1,-1,-1
2022,3,1285.19,357.45,232.10,183.48,0.52,-1,-1,-1
2022,27,419.70,697.56,355.01,297.44,0.92,-1,-1,-1
2022,30,878.82,93.99,61.63,49.95,0.51,-1,-1,-1
2023,1,557.54,88.41,103.61,79.45,0.60,-1,-1,-1
2023,2,936.14,80.99,76.24,62.96,0.67,-1,-1,-1
2023,3,1285.25,357.68,232.00,183.21,0.54,-1,-1,-1
2023,27,402.15,724.87,365.47,304.82,0.91,-1,-1,-1
2023,30,878.79,94.01,61.63,50.13,0.52,-1,-1,-1
2024,1,557.36,89.09,103.74,78.78,0.60,-1,-1,-1
2024,2,936.21,80.81,76.10,63.19,0.68,-1,-1,-1
2024,3,1285.21,357.72,232.07,183.25,0.54,-1,-1,-1
2024,27,377.78,753.58,377.96,313.51,0.92,-1,-1,-1
2024,30,878.77,94.06,61.43,50.07,0.51,-1,-1,-1
2025,1,557.53,89.87,103.55,77.88,0.60,-1,-1,-1
2025,2,936.16,80.90,76.07,63.17,0.68,-1,-1,-1
2025,3,1285.32,357.58,231.97,183.24,0.52,-1,-1,-1
2025,27,355.41,781.11,384.27,296.97,0.92,-1,-1,-1
2025,30,879.03,93.87,61.37,50.04,0.51,-1,-1,-1
2026,1,557.64,89.45,103.55,78.20,0.60,-1,-1,-1
2026,2,936.19,80.86,76.14,63.29,0.68,-1,-1,-1
2026,3,1285.42,357.48,231.91,183.14,0.52,-1,-1,-1
2026,27,323.74,812.76,403.20,262.81,0.91,-1,-1,-1
2026,30,878.83,94.07,61.44,49.84,0.50,-1,-1,-1
2027,1,557.79,89.74,103.38,78.02,0.61,-1,-1,-1
2027,2,936.04,80.91,76.20,63.29,0.68,-1,-1,-1
2027,3,1285.49,357.64,231.85,182.95,0.50,-1,-1,-1
2027,27,290.73,842.62,415.59,232.33,0.90,-1,-1,-1
2027,30,878.99,94.29,61.22,49.59,0.50,-1,-1,-1
2028,1,557.94,90.68,103.14,77.07,0.60,-1,-1,-1
2028,2,935.99,81.02,76.31,63.21,0.68,-1,-1,-1
2028,3,1285.39,357.60,231.93,183.13,0.51,-1,-1,-1
2028,27,257.33,876.21,427.76,200.09,0.91,-1,-1,-1
2028,30,879.36,94.38,60.72,49.34,0.51,-1,-1,-1
2029,1,557.48,91.46,103.67,76.42,0.58,-1,-1,-1
2029,2,934.80,80.96,77.46,63.30,0.69,-1,-1,-1
2029,27,225.05,909.48,435.26,168.58,0.77,-1,-1,-1
2029,30,879.45,93.97,59.52,50.28,0.54,-1,-1,-1
2030,1,557.30,92.29,103.92,75.74,0.58,-1,-1,-1
2030,2,935.13,80.73,77.15,63.59,0.70,-1,-1,-1
2030,27,217.98,953.44,414.23,123.80,0.79,-1,-1,-1
2030,30,879.36,94.32,59.20,49.75,0.51,-1,-1,-1
2031,1,558.63,91.37,102.31,76.94,0.62,-1,-1,-1
2031,2,934.70,80.72,77.79,63.95,0.69,-1,-1,-1
2031,3,1285.50,357.50,232.68,184.46,0.51,-1,-1,-1
2031,27,197.86,992.51,384.79,84.42,0.68,-1,-1,-1
2031,30,879.29,94.86,58.67,49.29,0.51,-1,-1,-1
2032,1,561.92,93.12,97.11,75.62,0.58,-1,-1,-1
2032,2,936.33,81.24,74.90,63.16,0.65,-1,-1,-1
2032,3,1287.60,359.85,230.15,181.55,0.58,-1,-1,-1
2033,1,561.86,93.48,97.15,75.40,0.57,-1,-1,-1
2033,2,936.34,81.42,74.98,63.39,0.64,-1,-1,-1
2033,3,1287.08,360.04,230.85,181.51,0.59,-1,-1,-1
2034,1,559.71,90.33,101.01,78.11,0.59,-1,-1,-1
2034,2,935.53,81.92,75.48,63.41,0.61,-1,-1,-1
2034,3,1287.23,360.40,231.11,181.28,0.56,-1,-1,-1
2035,1,559.94,90.47,100.85,77.98,0.62,-1,-1,-1
2035,2,935.51,82.19,75.99,62.87,0.63,-1,-1,-1
2035,3,1287.20,360.68,231.03,180.84,0.56,-1,-1,-1
2036,1,560.63,92.30,100.16,76.10,0.61,-1,-1,-1
2036,2,935.48,82.10,75.93,63.01,0.63,-1,-1,-1
2036,3,1287.23,360.51,230.87,180.91,0.55,-1,-1,-1
2037,1,559.20,93.52,101.67,75.06,0.61,-1,-1,-1
2037,2,935.94,81.80,75.39,63.70,0.61,-1,-1,-1
2038,1,558.51,92.25,101.83,75.46,0.61,-1,-1,-1
2038,2,935.63,81.65,75.54,63.70,0.62,-1,-1,-1
2039,1,560.24,95.02,99.49,73.59,0.59,-1,-1,-1
2039,2,935.71,81.40,75.21,64.07,0.62,-1,-1,-1
2040,1,562.28,95.87,97.12,72.65,0.58,-1,-1,-1
2040,2,936.00,81.67,74.89,63.53,0.60,-1,-1,-1
2040,3,1287.04,359.98,231.20,181.53,0.54,-1,-1,-1
2041,1,560.31,95.32,99.49,73.07,0.59,-1,-1,-1
2041,2,935.51,81.95,75.21,63.44,0.64,-1,-1,-1
2041,3,1287.46,361.12,230.99,180.21,0.53,-1,-1,-1
2042,2,935.40,82.31,75.05,62.93,0.64,-1,-1,-1
2042,3,1287.53,359.26,230.89,181.81,0.69,-1,-1,-1
2043,1,561.32,97.07,98.22,72.11,0.53,-1,-1,-1
2043,2,934.89,82.01,75.67,63.21,0.64,-1,-1,-1
2043,3,1287.55,359.52,230.88,181.51,0.72,-1,-1,-1
2043,30,877.39,93.12,62.22,51.01,0.50,-1,-1,-1
2043,31,1154.44,993.49,410.05,80.32,0.56,-1,-1,-1
2044,2,934.40,82.23,76.73,62.62,0.65,-1,-1,-1
2044,3,1287.84,358.57,230.72,182.80,0.64,-1,-1,-1
2044,30,877.52,92.99,61.97,51.38,0.52,-1,-1,-1
2044,31,1138.24,957.60,404.28,120.40,0.65,-1,-1,-1
2045,1,560.37,93.49,100.72,74.92,0.57,-1,-1,-1
2045,2,934.73,81.87,76.30,62.58,0.65,-1,-1,-1
2045,3,1287.72,358.01,230.62,183.30,0.66,-1,-1,-1
2045,31,1143.90,921.13,385.36,157.25,0.75,-1,-1,-1
2046,1,560.86,95.36,100.19,73.00,0.54,-1,-1,-1
2046,2,934.96,81.64,75.80,62.82,0.66,-1,-1,-1
2046,3,1287.17,357.85,229.94,182.66,0.65,-1,-1,-1
2046,31,1145.06,886.80,380.52,189.85,0.66,-1,-1,-1
2047,1,562.23,94.47,98.48,73.77,0.58,-1,-1,-1
2047,2,934.94,81.69,75.86,62.71,0.66,-1,-1,-1
2047,3,1286.79,357.78,230.49,182.67,0.64,-1,-1,-1
2047,31,1151.60,854.48,376.10,223.03,0.75,-1,-1,-1
2048,1,563.01,96.16,97.36,72.14,0.56,-1,-1,-1
2048,2,935.42,81.54,75.79,62.99,0.67,-1,-1,-1
2048,3,1287.14,357.77,230.14,182.66,0.67,-1,-1,-1
2048,31,1146.05,821.77,374.80,251.34,0.86,-1,-1,-1
2049,1,563.19,96.33,97.17,71.95,0.56,-1,-1,-1
2049,2,935.34,81.47,76.04,62.93,0.66,-1,-1,-1
2049,3,1287.17,357.66,230.01,182.93,0.66,-1,-1,-1
2049,31,1143.97,794.62,368.86,280.29,0.88,-1,-1,-1
2050,1,563.51,95.58,96.88,72.62,0.55,-1,-1,-1
2050,2,935.44,81.82,76.38,62.59,0.66,-1,-1,-1
2050,3,1286.95,357.58,230.55,183.30,0.63,-1,-1,-1
2050,31,1143.67,769.31,359.43,301.47,0.89,-1,-1,-1
2051,1,563.93,95.13,96.13,73.08,0.56,-1,-1,-1
2051,2,935.79,81.70,75.62,62.80,0.67,-1,-1,-1
2051,3,1287.39,358.04,230.02,182.83,0.62,-1,-1,-1
2051,31,1143.39,740.01,351.07,299.79,0.81,-1,-1,-1
2052,1,560.74,96.24,100.59,72.48,0.56,-1,-1,-1
2052,2,936.12,82.66,74.66,62.36,0.62,-1,-1,-1
2052,31,1139.73,711.95,342.05,293.83,0.59,-1,-1,-1
2053,1,560.46,95.00,101.08,73.87,0.59,-1,-1,-1
2053,2,935.65,82.10,74.43,63.46,0.63,-1,-1,-1
2053,31,1147.76,690.64,325.28,283.37,0.66,-1,-1,-1
2054,1,560.54,95.53,101.03,73.32,0.58,-1,-1,-1
2054,2,935.78,82.55,74.55,62.45,0.64,-1,-1,-1
2055,1,560.96,94.24,100.48,74.69,0.59,-1,-1,-1
2055,2,935.94,82.75,74.41,61.95,0.66,-1,-1,-1
2056,1,561.14,94.32,100.19,74.15,0.58,-1,-1,-1
2056,2,935.66,82.95,74.82,61.62,0.59,-1,-1,-1
2057,1,561.98,96.50,97.92,73.09,0.63,-1,-1,-1
2057,2,935.71,83.41,74.08,62.03,0.64,-1,-1,-1
2058,1,561.56,98.07,98.29,71.70,0.61,-1,-1,-1
2058,2,936.88,83.80,73.00,61.58,0.67,-1,-1,-1
2058,31,1108.03,580.68,304.00,255.06,0.52,-1,-1,-1
2059,1,561.57,96.38,99.10,73.56,0.56,-1,-1,-1
2059,2,936.87,82.91,73.06,62.67,0.62,-1,-1,-1
2059,31,1104.12,568.39,295.44,246.93,0.53,-1,-1,-1
2060,1,562.27,95.45,98.45,74.78,0.56,-1,-1,-1
2060,2,937.05,82.07,73.06,63.34,0.66,-1,-1,-1
2060,31,1098.21,545.73,286.48,246.39,0.62,-1,-1,-1
2061,1,562.15,95.47,98.38,74.86,0.54,-1,-1,-1
2061,2,936.29,82.83,73.29,62.84,0.58,-1,-1,-1
2061,31,1084.80,526.93,286.15,244.98,0.63,-1,-1,-1
2062,1,560.69,95.66,99.67,73.83,0.55,-1,-1,-1
2062,2,936.48,86.68,74.11,59.66,0.55,-1,-1,-1
2062,30,877.25,92.92,61.39,51.40,0.50,-1,-1,-1
2063,1,558.63,93.09,103.21,76.15,0.59,-1,-1,-1
2063,2,936.65,84.80,73.96,61.66,0.54,-1,-1,-1
2063,30,877.36,93.51,63.28,50.89,0.52,-1,-1,-1
2063,31,1066.62,502.36,273.90,225.22,0.61,-1,-1,-1
2064,1,559.60,92.29,102.08,76.36,0.57,-1,-1,-1
2064,2,936.05,81.00,75.26,64.95,0.56,-1,-1,-1
2064,3,1289.90,359.22,228.82,184.42,0.51,-1,-1,-1
2064,31,1057.71,487.13,270.37,221.59,0.63,-1,-1,-1
2065,1,561.07,91.12,100.43,78.05,0.62,-1,-1,-1
2065,2,935.01,81.65,77.01,64.02,0.56,-1,-1,-1
2065,30,876.57,93.84,62.63,50.79,0.50,-1,-1,-1
2065,31,1049.86,472.53,262.91,216.69,0.57,-1,-1,-1
2066,1,561.15,92.25,100.35,76.73,0.60,-1,-1,-1
2066,2,935.18,83.59,75.58,62.38,0.58,-1,-1,-1
2066,31,1043.22,459.78,256.49,212.67,0.51,-1,-1,-1
2067,1,561.31,91.23,100.14,77.65,0.58,-1,-1,-1
2067,2,935.30,81.77,75.36,64.06,0.61,-1,-1,-1
2068,1,561.37,92.32,99.97,76.61,0.61,-1,-1,-1
2068,2,935.08,82.11,76.29,63.16,0.64,-1,-1,-1
2068,31,1021.20,433.20,253.89,206.71,0.51,-1,-1,-1
2069,1,560.94,91.49,100.45,77.36,0.60,-1,-1,-1
2069,2,935.06,81.76,76.42,63.42,0.65,-1,-1,-1
2069,31,1014.60,420.90,248.77,202.30,0.64,-1,-1,-1
2070,1,559.72,90.88,101.77,77.76,0.59,-1,-1,-1
2070,2,934.45,81.88,77.38,63.10,0.63,-1,-1,-1
2070,31,1009.61,407.42,243.33,201.24,0.52,-1,-1,-1
2071,1,559.44,89.91,101.98,78.77,0.59,-1,-1,-1
2071,2,934.84,80.94,76.89,63.54,0.67,-1,-1,-1
2071,31,1004.62,398.18,237.31,196.55,0.62,-1,-1,-1
2072,1,558.79,89.15,102.36,78.66,0.52,-1,-1,-1
2072,2,934.33,81.35,77.60,62.87,0.69,-1,-1,-1
2072,3,1287.05,360.26,231.34,181.85,0.50,-1,-1,-1
2073,1,558.04,88.79,103.16,79.06,0.54,-1,-1,-1
2073,2,933.17,81.42,78.86,62.98,0.63,-1,-1,-1
2073,3,1286.64,360.49,231.91,181.29,0.54,-1,-1,-1
2073,31,994.27,382.17,227.78,184.29,0.51,-1,-1,-1
2074,1,558.48,88.88,102.62,79.11,0.53,-1,-1,-1
2074,2,936.18,82.21,75.34,62.18,0.67,-1,-1,-1
2074,3,1286.77,360.10,231.58,181.65,0.53,-1,-1,-1
2075,1,558.12,88.44,102.86,79.61,0.53,-1,-1,-1
2075,2,936.00,82.51,75.18,62.29,0.64,-1,-1,-1
2075,31,991.43,359.83,218.03,181.85,0.56,-1,-1,-1
2076,1,557.82,87.60,103.70,80.73,0.56,-1,-1,-1
2076,2,936.64,82.45,74.20,62.74,0.65,-1,-1,-1
2076,3,1288.88,360.62,230.01,181.01,0.51,-1,-1,-1
2077,1,557.77,87.68,103.77,80.65,0.58,-1,-1,-1
2077,2,935.04,81.75,75.68,63.48,0.66,-1,-1,-1
2077,3,1288.71,358.55,230.10,182.87,0.52,-1,-1,-1
2078,1,558.01,87.65,103.54,80.92,0.58,-1,-1,-1
2078,2,934.17,82.50,76.42,63.11,0.65,-1,-1,-1
2078,31,980.66,335.04,209.60,174.40,0.55,-1,-1,-1
2079,1,560.44,92.44,99.42,77.05,0.56,-1,-1,-1
2079,2,935.42,85.67,75.29,60.26,0.62,-1,-1,-1
2079,31,976.83,328.86,207.07,168.54,0.50,-1,-1,-1
2080,1,560.43,92.04,99.46,77.09,0.55,-1,-1,-1
2080,2,934.37,80.46,76.87,64.93,0.65,-1,-1,-1
2081,1,560.43,91.47,99.28,77.48,0.54,-1,-1,-1
2081,2,935.24,79.23,76.53,66.16,0.65,-1,-1,-1
2082,1,560.37,92.39,98.97,76.63,0.56,-1,-1,-1
2082,2,933.70,81.97,77.41,62.87,0.64,-1,-1,-1
2082,30,877.20,93.23,61.46,51.37,0.53,-1,-1,-1
2082,31,978.42,306.57,189.50,161.01,0.56,-1,-1,-1
2083,1,560.61,92.01,98.80,77.06,0.55,-1,-1,-1
2083,2,933.66,81.57,77.64,63.45,0.56,-1,-1,-1
2083,3,1286.73,358.79,230.82,181.60,0.51,-1,-1,-1
2083,30,877.27,93.15,62.08,51.39,0.52,-1,-1,-1
2084,1,560.80,91.88,98.95,77.29,0.55,-1,-1,-1
2084,2,933.99,81.39,76.89,63.42,0.61,-1,-1,-1
2084,3,1287.20,359.32,231.72,181.61,0.52,-1,-1,-1
2084,31,977.23,294.12,184.77,157.08,0.53,-1,-1,-1
2085,1,560.79,92.83,98.97,76.41,0.54,-1,-1,-1
2085,2,934.13,81.57,76.39,63.29,0.63,-1,-1,-1
2085,31,981.35,288.59,179.33,153.67,0.52,-1,-1,-1
2086,1,560.52,92.50,99.23,76.79,0.55,-1,-1,-1
2086,2,933.99,81.51,76.38,63.48,0.62,-1,-1,-1
2086,3,1287.66,360.71,230.98,179.94,0.51,-1,-1,-1
2087,1,559.73,92.01,99.84,77.20,0.55,-1,-1,-1
2087,2,934.01,81.38,76.27,63.51,0.60,-1,-1,-1
2087,3,1287.44,359.95,230.63,180.84,0.63,-1,-1,-1
2087,31,982.98,278.82,172.83,150.00,0.67,-1,-1,-1
2088,1,556.50,88.77,105.20,79.62,0.55,-1,-1,-1
2088,2,934.01,81.53,76.83,63.39,0.56,-1,-1,-1
2088,3,1287.98,360.20,230.32,180.65,0.58,-1,-1,-1
2088,31,974.17,271.50,180.52,152.35,0.50,-1,-1,-1
2089,1,559.29,91.84,102.23,76.80,0.59,-1,-1,-1
2089,2,932.70,82.13,78.50,61.84,0.59,-1,-1,-1
2089,3,1286.20,358.75,232.19,182.21,0.55,-1,-1,-1
2089,31,979.46,264.20,176.15,149.66,0.55,-1,-1,-1
2090,1,559.31,92.57,102.49,75.88,0.61,-1,-1,-1
2090,2,932.80,82.15,78.49,61.79,0.60,-1,-1,-1
2090,31,979.72,264.60,168.91,142.85,0.55,-1,-1,-1
2091,1,559.76,96.00,100.51,73.33,0.64,-1,-1,-1
2091,2,932.88,81.60,78.49,62.28,0.62,-1,-1,-1
2091,31,981.66,259.31,165.29,144.95,0.69,-1,-1,-1
2092,1,561.80,96.23,97.87,72.51,0.59,-1,-1,-1
2092,2,935.13,80.98,76.41,62.68,0.64,-1,-1,-1
2092,3,1285.74,358.24,230.35,181.61,0.63,-1,-1,-1
2092,31,981.34,257.38,164.09,137.80,0.70,-1,-1,-1
2093,1,561.41,96.62,98.41,72.18,0.56,-1,-1,-1
2093,2,935.41,81.03,76.03,62.56,0.63,-1,-1,-1
2093,3,1286.60,358.48,231.12,182.54,0.65,-1,-1,-1
2093,31,979.95,249.94,159.91,138.10,0.63,-1,-1,-1
2094,2,935.29,81.13,76.13,62.51,0.64,-1,-1,-1
2094,3,1286.57,358.63,231.10,182.35,0.69,-1,-1,-1
2094,31,981.87,244.53,161.96,137.36,0.57,-1,-1,-1
2095,1,560.32,91.05,101.90,77.05,0.51,-1,-1,-1
2095,2,934.86,81.30,76.45,62.26,0.64,-1,-1,-1
2095,3,1286.88,358.87,230.90,182.20,0.67,-1,-1,-1
2095,31,978.55,237.67,159.64,140.70,0.57,-1,-1,-1
2096,1,559.33,93.19,102.86,75.04,0.53,-1,-1,-1
2096,2,934.65,81.39,76.65,62.09,0.65,-1,-1,-1
2096,3,1286.79,358.87,231.05,182.06,0.67,-1,-1,-1
2096,31,979.14,237.14,154.65,134.04,0.66,-1,-1,-1
2097,1,561.62,97.21,98.52,72.11,0.54,-1,-1,-1
2097,2,934.75,81.29,76.68,62.27,0.66,-1,-1,-1
2097,3,1286.78,358.87,231.06,182.00,0.68,-1,-1,-1
2097,31,981.65,234.07,151.45,131.52,0.80,-1,-1,-1
2098,1,561.94,96.30,98.25,73.05,0.57,-1,-1,-1
2098,2,934.88,81.24,76.50,62.16,0.63,-1,-1,-1
2098,3,1286.23,358.40,230.07,181.31,0.65,-1,-1,-1
2099,1,560.18,93.53,101.77,75.14,0.57,-1,-1,-1
2099,2,934.84,81.21,76.42,62.16,0.66,-1,-1,-1
2099,3,1286.86,359.07,231.42,181.89,0.68,-1,-1,-1
2099,31,979.64,226.06,151.48,131.54,0.55,-1,-1,-1
2100,1,559.96,93.13,101.74,75.46,0.58,-1,-1,-1
2100,2,934.53,81.61,76.78,61.82,0.64,-1,-1,-1
2100,3,1286.61,359.12,231.61,181.79,0.68,-1,-1,-1
2100,31,978.81,220.28,150.24,128.80,0.70,-1,-1,-1
2101,1,560.01,94.33,101.56,74.09,0.57,-1,-1,-1
2101,2,933.53,81.70,77.42,62.29,0.62,-1,-1,-1
2101,3,1286.67,358.27,232.37,182.64,0.67,-1,-1,-1
2101,31,978.17,215.37,148.90,129.00,0.70,-1,-1,-1
2102,1,560.37,95.79,101.18,72.67,0.57,-1,-1,-1
2102,2,933.64,81.71,77.95,62.11,0.64,-1,-1,-1
2102,3,1286.63,357.86,232.46,183.14,0.70,-1,-1,-1
2102,31,977.81,212.82,145.11,123.99,0.71,-1,-1,-1
2103,1,557.89,93.25,103.89,75.85,0.61,-1,-1,-1
2103,2,934.60,81.48,77.18,62.62,0.67,-1,-1,-1
2103,3,1287.21,357.43,230.17,182.66,0.68,-1,-1,-1
2103,31,977.46,208.16,144.28,125.76,0.65,-1,-1,-1
2104,1,559.26,94.50,102.47,74.84,0.65,-1,-1,-1
2104,2,934.72,81.58,76.35,62.88,0.65,-1,-1,-1
2104,3,1287.66,357.72,231.33,183.24,0.67,-1,-1,-1
2104,31,970.93,206.96,146.75,121.37,0.71,-1,-1,-1
2105,1,559.05,95.23,102.53,74.08,0.60,-1,-1,-1
2105,2,934.14,82.07,77.72,62.41,0.65,-1,-1,-1
2105,3,1287.20,357.96,230.26,182.08,0.68,-1,-1,-1
2105,31,972.31,202.26,144.55,120.08,0.67,-1,-1,-1
2106,1,558.49,94.04,103.16,75.25,0.62,-1,-1,-1
2106,2,934.19,81.96,77.53,62.44,0.62,-1,-1,-1
2106,3,1287.30,358.02,230.27,181.93,0.70,-1,-1,-1
2106,31,973.81,200.91,138.06,118.50,0.68,-1,-1,-1
2107,1,560.70,96.46,99.21,73.55,0.63,-1,-1,-1
2107,2,936.64,81.94,75.09,62.31,0.64,-1,-1,-1
2107,3,1287.02,357.73,230.55,182.18,0.69,-1,-1,-1
2107,31,969.91,193.64,140.87,119.24,0.77,-1,-1,-1
2108,1,560.18,97.15,99.56,72.87,0.61,-1,-1,-1
2108,2,936.57,82.07,74.05,62.73,0.67,-1,-1,-1
2108,3,1287.05,357.36,230.45,182.63,0.67,-1,-1,-1
2108,31,965.40,189.64,140.24,115.89,0.74,-1,-1,-1
2109,1,559.01,95.77,102.45,73.35,0.64,-1,-1,-1
2109,2,935.90,81.81,74.94,63.05,0.65,-1,-1,-1
2109,3,1286.97,357.37,230.59,182.80,0.68,-1,-1,-1
2109,31,969.50,189.19,134.56,114.64,0.74,-1,-1,-1
2110,1,560.97,97.99,98.88,71.71,0.59,-1,-1,-1
2110,2,935.46,81.35,76.11,62.76,0.65,-1,-1,-1
2110,3,1286.86,357.17,230.89,182.78,0.64,-1,-1,-1
2110,31,967.17,185.90,133.81,112.23,0.74,-1,-1,-1
2111,1,558.92,93.11,102.76,75.70,0.62,-1,-1,-1
2111,2,934.65,81.43,76.69,62.66,0.70,-1,-1,-1
2111,3,1286.78,356.84,230.80,183.02,0.66,-1,-1,-1
2111,31,967.74,184.42,129.53,110.85,0.76,-1,-1,-1
2112,1,558.45,92.62,103.78,76.43,0.63,-1,-1,-1
2112,2,935.77,82.06,74.94,62.98,0.61,-1,-1,-1
2112,3,1286.09,356.95,232.72,183.96,0.53,-1,-1,-1
2112,31,963.77,178.74,132.72,109.60,0.80,-1,-1,-1
2113,1,559.63,96.91,100.45,72.98,0.68,-1,-1,-1
2113,2,934.82,83.01,74.87,61.86,0.54,-1,-1,-1
2113,31,961.53,174.08,130.27,111.15,0.81,-1,-1,-1
2114,1,558.81,96.14,101.56,74.14,0.73,-1,-1,-1
2114,2,935.48,80.20,76.15,64.53,0.60,-1,-1,-1
2114,3,1285.77,356.21,232.84,184.56,0.52,-1,-1,-1
2114,31,961.26,173.40,127.96,106.14,0.83,-1,-1,-1
2115,1,560.00,96.99,100.42,73.09,0.75,-1,-1,-1
2115,2,935.61,81.81,74.43,62.56,0.60,-1,-1,-1
2115,3,1285.87,355.40,232.28,185.68,0.60,-1,-1,-1
2115,31,956.93,171.26,127.91,103.56,0.85,-1,-1,-1
2116,1,560.47,98.80,99.66,70.96,0.73,-1,-1,-1
2116,2,939.42,82.77,70.93,59.07,0.54,-1,-1,-1
2116,3,1286.15,355.48,232.25,185.34,0.60,-1,-1,-1
2116,31,956.59,168.07,123.93,105.44,0.83,-1,-1,-1
2117,1,560.88,98.73,99.24,70.99,0.70,-1,-1,-1
2117,2,935.59,82.35,75.95,60.93,0.59,-1,-1,-1
2117,3,1286.08,355.34,232.24,185.55,0.56,-1,-1,-1
2117,31,954.08,168.33,124.24,102.01,0.84,-1,-1,-1
2118,1,558.81,95.38,101.27,74.39,0.73,-1,-1,-1
2118,2,935.45,82.35,75.49,60.98,0.64,-1,-1,-1
2118,3,1285.98,355.27,232.36,185.68,0.55,-1,-1,-1
2118,31,952.37,165.61,121.94,101.23,0.84,-1,-1,-1
2119,1,558.07,93.70,102.12,75.97,0.72,-1,-1,-1
2119,2,935.91,82.07,75.04,60.80,0.66,-1,-1,-1
2119,3,1286.10,355.25,232.25,185.75,0.55,-1,-1,-1
2119,31,951.76,164.08,119.94,100.19,0.86,-1,-1,-1
2120,1,559.53,93.82,100.59,75.84,0.69,-1,-1,-1
2120,2,935.74,82.17,75.37,61.03,0.66,-1,-1,-1
2120,3,1286.07,355.29,232.21,185.63,0.57,-1,-1,-1
2120,31,949.00,163.29,118.83,99.16,0.79,-1,-1,-1
2121,1,559.20,95.54,100.93,74.11,0.69,-1,-1,-1
2121,2,935.81,82.14,74.69,60.60,0.66,-1,-1,-1
2121,3,1286.18,355.26,232.16,185.65,0.58,-1,-1,-1
2121,31,947.90,161.36,118.37,98.84,0.83,-1,-1,-1
2122,1,559.85,95.29,100.33,74.23,0.67,-1,-1,-1
2122,2,936.21,82.56,73.92,59.67,0.66,-1,-1,-1
2122,3,1286.20,355.51,232.17,185.18,0.58,-1,-1,-1
2122,31,944.83,158.66,117.65,95.96,0.85,-1,-1,-1
2123,1,558.71,93.59,101.61,75.92,0.65,-1,-1,-1
2123,2,934.83,82.77,75.37,59.70,0.68,-1,-1,-1
2123,3,1285.98,355.52,232.41,185.48,0.51,-1,-1,-1
2123,31,943.42,156.09,117.41,94.51,0.83,-1,-1,-1
2124,1,558.72,94.37,101.59,75.24,0.64,-1,-1,-1
2124,2,934.96,82.89,75.29,60.10,0.68,-1,-1,-1
2124,31,940.95,152.03,115.46,97.01,0.78,-1,-1,-1
2125,1,560.12,93.05,100.37,76.36,0.69,-1,-1,-1
2125,2,934.49,82.70,75.76,60.83,0.61,-1,-1,-1
2125,3,1286.30,355.65,232.00,185.31,0.52,-1,-1,-1
2125,31,939.52,153.74,114.44,92.10,0.76,-1,-1,-1
2126,1,559.70,93.68,100.77,75.66,0.69,-1,-1,-1
2126,2,934.12,82.69,76.16,61.63,0.62,-1,-1,-1
2126,3,1286.38,355.82,231.90,185.00,0.53,-1,-1,-1
2126,31,938.34,149.61,111.68,91.40,0.80,-1,-1,-1
2127,1,558.81,94.91,101.41,74.42,0.67,-1,-1,-1
2127,2,933.79,82.78,76.39,62.04,0.64,-1,-1,-1
2127,31,936.68,149.25,112.72,90.31,0.82,-1,-1,-1
2128,1,559.03,93.82,101.09,75.53,0.66,-1,-1,-1
2128,2,933.20,83.85,77.79,60.87,0.63,-1,-1,-1
2128,31,937.33,146.11,106.99,91.86,0.84,-1,-1,-1
2129,1,559.07,94.74,101.12,74.68,0.68,-1,-1,-1
2129,2,933.36,83.17,77.20,61.24,0.62,-1,-1,-1
2129,31,931.55,143.82,111.60,91.53,0.88,-1,-1,-1
2130,1,559.16,94.18,101.30,75.30,0.70,-1,-1,-1
2130,2,933.74,83.30,77.15,60.29,0.60,-1,-1,-1
2130,31,928.45,143.79,112.53,88.38,0.83,-1,-1,-1
2131,1,559.62,94.36,100.78,74.93,0.68,-1,-1,-1
2131,3,1285.38,355.56,232.86,185.07,0.54,-1,-1,-1
2131,31,926.78,139.97,112.91,87.72,0.75,-1,-1,-1
2132,1,556.70,87.67,105.65,80.65,0.66,-1,-1,-1
2132,3,1285.36,355.67,232.96,184.76,0.52,-1,-1,-1
2132,31,924.30,136.44,112.82,90.19,0.76,-1,-1,-1
2133,1,561.33,92.83,98.80,76.26,0.70,-1,-1,-1
2133,3,1285.33,354.70,232.87,185.86,0.52,-1,-1,-1
2133,31,925.51,136.85,105.16,88.12,0.80,-1,-1,-1
2134,1,560.67,93.44,99.61,75.95,0.73,-1,-1,-1
2134,3,1285.48,355.84,232.73,184.65,0.54,-1,-1,-1
2134,31,924.95,134.21,104.42,88.48,0.80,-1,-1,-1
2135,1,560.42,93.15,99.82,76.25,0.68,-1,-1,-1
2135,3,1285.19,357.13,233.23,183.20,0.61,-1,-1,-1
2135,31,922.90,130.52,106.43,86.39,0.79,-1,-1,-1
2136,1,560.93,92.87,99.31,76.45,0.66,-1,-1,-1
2136,3,1285.75,357.00,232.82,183.28,0.64,-1,-1,-1
2136,31,922.35,128.16,105.24,86.41,0.76,-1,-1,-1
2137,1,561.45,90.81,99.18,78.15,0.67,-1,-1,-1
2137,3,1285.33,356.72,233.37,183.54,0.57,-1,-1,-1
2137,31,918.91,129.99,105.54,83.43,0.70,-1,-1,-1
2138,1,561.67,92.05,98.89,76.93,0.67,-1,-1,-1
2138,3,1285.34,356.76,233.50,183.46,0.58,-1,-1,-1
2138,31,918.74,126.12,101.93,85.21,0.68,-1,-1,-1
2139,1,561.23,91.30,99.51,77.82,0.67,-1,-1,-1
2139,3,1285.45,356.74,233.37,183.58,0.55,-1,-1,-1
2139,31,918.16,116.82,100.90,92.77,0.73,-1,-1,-1
2140,1,561.03,91.68,101.22,76.74,0.66,-1,-1,-1
2140,3,1285.58,355.78,233.16,184.59,0.53,-1,-1,-1
2140,31,914.90,116.12,102.37,89.00,0.81,-1,-1,-1
2141,1,560.90,92.14,101.64,76.24,0.64,-1,-1,-1
2141,3,1285.51,355.83,233.27,184.38,0.55,-1,-1,-1
2141,31,916.78,116.87,99.69,85.39,0.84,-1,-1,-1
